# Resource object code (Python 3)
# Created by: object code
# Created by: The Resource Compiler for Qt version 6.11.0
# WARNING! All changes made in this file will be lost!

from PySide6 import QtCore

qt_resource_data = b"\
\x00\x00\x0c\x83\
\x89\
PNG\x0d\x0a\x1a\x0a\x00\x00\x00\x0dIHDR\x00\
\x00\x01\x00\x00\x00\x01\x00\x08\x06\x00\x00\x00\x5cr\xa8f\
\x00\x00\x00\x09pHYs\x00\x00\x0b\x13\x00\x00\x0b\x13\
\x01\x00\x9a\x9c\x18\x00\x00\x0c5IDATx\x9c\xed\
\xddY\xcc\x5ce\x1d\xc7\xf1\xef\xdb\xb7\xb4\x8dP\x90V\
 \x86\xd5\x0b\x11\x01o\x00)p\x81\xe0\x02\x98\x98\xc8\
R\xd6\xc4\x04\x04\x15\x84x%\x08\xc8\xe2v\xc1&\xca\
\x12\xf5\x06\x5c\xd8$*\xab\x02\xde\xb0\x09\x15I@\xa0\
\x10\xc3\x22 \x11\xa4$l%@\xa1-\xe3\xc5\x83\xa2\
@\xe1\x9d\xe5\xfc\xce\x99y\xbe\x9fd.\x9a\xbc3\xf3\
\xfc\x9f\xe7\xff\xfc{f\xe6\xfc\xcf\x01I\x92$I\x92\
$I\x92$I\x92$I\x92$I\x92$I\x92$\
I\x92$I\x92$I\x92$IQS#z\x9d\xb9\
\xc0\xee\xc0.\xc0\x16\xc0\x07F\xf4\xba\x92\xde\xf2\x0a\xf0\
8\xb0\x04\xb8\x09xm\xd8\x17\x1c\xb6\x00\xcc\x07\xbe\x09\
\x1c\x03,\x18v0\x92f\xec9\xe0|\xe0,\xe0\xa5\
A_d\x98\x02\xb0\x13p9\xb0\xd9\x10\xaf!i8\
O\x00\x07\x02w\x0c\xf2\xe4A\x0b\xc0\x9e\xc0\xd5\x94C\
\x7fI\xedz\x0d\xf8\x22\xf0\xc7~\x9f8H\x01\xd8\x06\
\xf8\x0b\xb0\xf6\x00\xcf\x95\xd4\x8c\x97\x81E\xc0\x03\xfd<\
\xa9\xdf\x020\x0b\xb8\x13\xd8\xbe\xcf\xe7Ij\xde]\xc0\
\x8e\xc0\x1b3}\xc2\xac>\xdf`1n~\xa9\xab\xb6\
\xa7\xec\xd1\x19\xeb\xb7\x00\x1c\xd9\xe7\xdfK\xca\xeak\x8f\
\xf6\xf3\x11`>\xf0<0\xdd\xd7p$%\xad\x06\xd6\
g\x86?\x0d\xf6s\x04\xf0\x09\xdc\xfcR\xd7MS\xf6\
\xea\x8c\xf4S\x006\xea\x7f,\x92Z0\xe3\xbd\xdaO\
\x01\x18\xd5i\xc3\x92:\xa2\x9f\x02\xf0tc\xa3\x904\
J\xcbf\xfa\x87\xfd~\x09\xf8\x02\xfd\xffr )\xa7\
\xb1/\x01_\x02n\x19dD\x92bn\xa5\x8f\xe6\xa0\
~\xff7\xffi\x9f\x7f/)\xebg\xfd\xfc\xb1\xa7\x02\
K\x93\xa3\xefS\x81\x07m\x06\xba\x13/\xfa!u\xcd\
\xb6\xf4\xd9\x0c4\xc8\x17z\x0f\x00\x87\x00\xbd\x01\x9e+\
\xa9\x19?\xa1\xcf\xcd\x0f\x83\x9f\xd9\xf7 \xa5\xfdp\x8f\
\x01\x9f/it~\x0b\x1c:\xc8\x13\x879\xb5\xf7\xcf\
\xc0&\xc0vC\xbc\x86\xa4\xe1\x5c\x0e\x1c4\xe8\x93\x87\
=\xbbo\x0ep\x03\xe5\x82\xa0)OQ\x8a\x8f\xd45\
\xbb\x00\x1f\x0e\xbe\xdf\x8d\xc0^\xc0\xca\xe0{\xbe\xc3\x02\
\xcaG\x82^\xe8\xf1\x0c\xe5\xca\xc3R\x97|\x84\x92\x9b\
\xa9}\xf0 \xe5\x84\x9fN\xf8(\xe5*\xa5\xa9\xe0\xef\
\x07\xd6\x8dD&\xbd\xbf\xf5(_\xc0\xa5\xf2\xffY\xca\
\x9e\xeb\x94\xdd\x80\xd7\xc9M\xc2\xf5\xc0\xecD`\xd2{\
\x98M\xf9\x18\x9c\xca\xfb\xd7\x81OE\x22\x1b\xc0a\xe4\
&\xa2\x07\x9c\x9b\x09KZ\xa3\xf3\xc8\xe6\xfca\x99\xb0\
\x06w:\xd9\x099:\x13\x96\xf4\x0e\xc7\x90\xcd\xf5\xd3\
2a\x0dg\x16p%\xb9IYM\xf9&TJ\xda\
\x8b\x92{\xa9<\xbf\x821\xea\xc4]\x1b\xb8\x9b\xdc\xe4\
\xbcH9EYJ\xd8\x16XN.\xbf\xefb\x0c\xef\
\xc3\xb11\xf0$\xb9Iz\x0c\xd80\x12\x99j\xb6!\
\xe5\x06\x9d\xa9\xbc~\x92\xb2\x97\xc6\xd2v\x94S\x86S\
\x93\xb5\x04\x98\x17\x89L5\x9aG\xc9\xb1T>\xbf\xcc\
\x04\x9ci\xbb\x0f\xa5=15i\x97\xe0\xf5\x0b5z\
S\xc0\xa5\xe4\xf2\xf8\x0d`\xefHd\x01\xc7\x91\x9b\xb8\
\x1epJ&,U\xe4T\xb29|l&\xac\x8c)\
\xe0\x02\xb2\x138p\x83\x84\xf46\x07\x93\xcd\xdd\x0b\x98\
\xc0\xa3\xd89\xc0\xcd\xe4&q\x05\xb0S\x220M\xb4\
\x9d)\xb9\x94\xca\xdb\x9b({e\x22-\x04\x1e\x227\
\x99\xcb\x80\xcd#\x91i\x12mA\xc9\xa1T\xbe>D\
i\xae\x9bh[\x92m\x1cZ\x8a\x8dC\xea\xdf\xba\x94\
\xdcI\xe5\xe9s\x94\xbdQ\x85\xdd)=\xcc\xa9\xc9\xbd\
\x0e\x1b\x874s\xb3)9\x93\xca\xcf\x95d\xaf\xa9\xd1\
\x09G\x90\x9b\xe0\x1epN&,M\x80s\xc9\xe6\xe6\
\xe1\x99\xb0\xba\xe7L\xb2\x13\xfd\xf5LX\x1acG\x93\
\xcd\xc932au\xd34p\x15\xb9\xc9^\x05\xec\x19\
\x89L\xe3hOJ\x8e\xa4\xf2\xf1J\xc6\xa8\xc1\xa7)\
\xeb\x00\x7f%7\xe9/\x02[G\x22\xd38\xd9\x86\x92\
\x1b\xa9<\xbc\x9b1l\xf0i\xca&\x94\x8b}\xa6&\
\xffQ`\x83Hd\x1a\x07\x1bP\x9a\xc9R\xf97\xd6\
\x0d>M\xd9\x1ex\x85\xdc\x22\xdc\x06\xcc\x8dD\xa6.\
\x9b\x07\xdcN.\xef^\xc6[\xeb\xad\xd1\xbe\xe4\x16\xa2\
\x07\x5c\xc4\x04\x9er\xa9\x19\x9b\x02.&\x9bs\xfbD\
\x22\x1bc\xc7\x93]\x90\x932a\xa9\x83N&\x9bk\
\xdf\xca\x845\xde\xa6\x80\x9f\x93]\x98\x03\x22\x91\xa9K\
\x0e$\x9bc\x17\xe2\xd1\xe6\x8c\xcd\x01n!\xb78\xaf\
\x02\x8b\x22\x91\xa9\x0b\x16Q\xd6<\x95_73\xc1\x0d\
>MY\x08<Bn\x91\x9e\x066\x8bD\xa66m\
N\xb6\xc1\xe7aJ.k\x00[\x01\xcf\x93[\xac\xfb\
\x80\xf9\x91\xc8\xd4\x86u)k\x9c\xca\xa7\xe7\x81\x8fE\
\x22\x9b`\x9f!\xdb8\xf4{\x86\xbbk\xb2\xbai\x1a\
\xf8\x03\xb9<Z\x09|:\x12Y\x05\xbeBn\xe1z\
\xc0\x8f2a)\xe8\xc7ds\xe8\x88LX\xf5\xf8!\
\xd9\x05<2\x13\x96\x02\x8e\x22\x9b;ge\xc2\xaa\xcb\
4p\x0d\xb9E\x5c\x05|.\x12\x99\x9a\xb4\x07\xd9\x06\
\x9f\xab\xf1#dc\xd6\x01\xee!\xb7\x98/\x00\x1f\x8f\
D\xa6&lM\xb6\xc1\xe7\xaf\x94\x1cU\x836\x05\xfe\
EnQ\xff\x0e|(\x12\x99Fi\x03J\xd3W*\
O\x9e\xa24\xb5)\xe0\x93d\x1b\x87\xfe\x84\x8dC\xe3\
d.\xa5\xd9+\x95\x1f\xaf\x00;D\x22\xd3\x7f-&\
\xb7\xc0=\xe0Wx*\xe78\x98\xa24y%sc\
\xbfHdz\x87\x13\xc9.\xf4\x89\x99\xb04\x84o\x93\
\xcd\x89\x132a\xe9\xddL\x01\xbf$\xbb\xe0\xfbG\x22\
\xd3 \x0e \x9b\x0b\xbf\xc0\xa3\xc2\xd6\xcd\x05n%\xb7\
\xe8\xafR\xbe\x83P\xb7\xecH\xb6\xc1\xe7V\xfc^\xa8\
3>D\xf9\xb6>\xb5\xf8\xff\xc2\xc6\xa1.\xd9\x8c\xd2\
\xcc\x95Z\xffG\xf0\x97\xa1\xce\xd9\x8a\xf2\xbb}*\x09\
\xee\xc5\xc6\xa1.\x98OY\x8b\xd4\xba?O\xc95u\
\xd0g\xc9\x9e\xf5u-\x9e\xf5\xd5\xa6iJ\xf3Vj\
\xbdWQ\x9a\xd3\xd4a_#\x97\x10=J\x8f\x82\xda\
q6\xd9\xb5\xfej&,\x0d\xcb\xc4\x98|\x16z\xad\
\xd14\xe5\xf0<\x95\x1c+\xf1\xd00)\xfdQ\xef\x1a\
\xfc\xa87v\xd2_\x0e\xbd\x80_\x0e%\xa4\xbf\xec\xbd\
\x07\x1b|\xc6\x96?\x0fM\x966~\xee\xdd4\x12\x99\
\x1a\xe3\x09\x22\x93\xc1\x13\xbe4\xb0\xfd\xc9%N\x0fO\
\x11\x1d\xb56N\xf9^\x1c\x89L1\xe9&\x91\xe33\
aU\xe1\x04\xb2kg\xd3\xd7\x04\xb2Mt<\xd9\xf6\
\xad\x91\xf1B\x11\xe3\xc5\x0b\xbfh\xe4\xbcT\xd4x\xf0\
\xd2oj\x8c\x17\x8b\xec6/\xfe\xaa\xc6y\xb9\xe8n\
\xf2\xf2\xef\x8aI\xdf0\xe2\xccLXc\xed,\xb2k\
\xe2\x0d`*\xe7-\xa3\xba\xc3[\xc0)\xce\x9bFv\
\x837\x81Uk\xe6\xe3m\xa3\xdb\xe4m\xe0\xd5\xba\xcd\
\xc96\x0e=\x0c,\x8cD\xd6m\x0b)MT\xa9y\
\x7f\x1a\xaf\xe7\xa85X\x04\xac \x97\x8c7\x03s\x12\
\x81u\xd4\x5c\xe0\x16r\xf3\xfd*e\x8d\xa55:\x90\
\x5cB\xf6\x80\x0b\xa9\xf3\xd4\xd3)J\xd3Tr\xae\x0f\
H\x04\xa6\xf1w2\xd9\xc4\xfcV&\xacN9\x9e\xec\
\x1c\x9f\x94\x09K\x93`\x0a\xb8\x98l\x82\xee\x1b\x89\xac\
\x1b\xf6%;\xb7\x17Q\xe7Q\x96\x860\x0f\xb8\x9d\x5c\
\x92\xbe\x02l\x1f\x89\xac];\x90m\xf0\xb9\x0d\x1b|\
4\xa0\x0d\x81\xc7\xc8%\xeb\x93\xc0\xc6\x91\xc8\xda\xb1\x09\
\xa59*5\x9f\x8fR\x9a\xbf\xa4\x81mC\xb6q\xe8\
n`\xedHdY\xebP\x9a\xa2R\xf3\xf8\x22\xa5\xe9\
K\x1a\xda\x9ed\x1b\x87\xae\x04fE\x22\xcb\x98\x06\xae\
\x227\x7f\xab(\xcd^\xd2\xc8|\x9d\x5c\x02\xf7\x80\xd3\
3aE\x9cAv\xee\x8e\xca\x84\xa5\xda\x9cK6\x91\
\x0f\xcf\x84\xd5\xa8#\xc8\xce\xd99\x99\xb0T\xa3\xd9\xc0\
u\xe4\x92y%\xb0[\x22\xb0\x86\xecN\xb6\xc1\xe7\x0f\
\xd8\xe0\xa3\x86\xad\x0b,%\x97\xd4\xcf\x01[F\x22\x1b\
\xad-)cO\xcd\xd3R\xca\xdaH\x8d\xdb\x02XF\
.\xb9\x1f\x02\x16$\x02\x1b\x91\x85\x94f\xa7\xd4\xfc,\
\xa34sI1;\x93m\x1c\xba\x89\xf1h\x1c\x9aC\
irJ\xcd\xcb\x0a`\xa7D`\xd2\xdb\x1dL.\xd1\
{\xc0\x05t\xfb\x94\xd6)\xca\x18\x93srP$2\
i\x0dN%\x9b\xf0\xc7f\xc2\x1a\xc8qd\xe7\xe2\x94\
LX\xd2\x9aM\x01\x97\x92K\xfa7\x80\xbd#\x91\xf5\
g\x1f\xca\xd8R\xf3p\x09\xdd>\x1aRE\xe6\x01K\
\xc8%\xff\xcb\xc0v\x91\xc8ff;\xca\x98R\xf1/\
\xa1\xcc\xb9\xd4\x19\x1b\x01\x8f\x93\xdb\x04]i\x1c\xda\x98\
2\x96T\xdc\x8fQ\x9a\xb4\xa4\xce\xd9\x16XNn3\
\xdcE\xbb\x8dCkS\x9a\x97R\xf1.\xa74gI\
\x9d\xb5\x17\xb0\x9a\xdc\xa6\xb8\x82v\x1a\x87fQ\x9a\x96\
Rq\xae\xa6\xcc\xad\xd4y\xc7\x90\xdb\x18=\xe0\xb4L\
X\xff\xe7\xf4!\xc6;\xc8\xe3\xe8LX\xd2h\x9cO\
v\x83\x1c\x96\x09\x0b\x80/7\x18\xc7\xbb=\xce\xcb\x84\
%\x8d\xcel\xe0\x06r\x9b\xe4u2\x97\xbc^\xf4\xe6\
{\xa5\xe2\xba\x9e2\x97\xd2\xd8Y\x0fx\x80\xdcf\xf9\
\x1b\xb0V\x83\xf1\xac\xf5\xe6{\xa4\xe2\xb9\x9f2\x87\xd2\
\xd8\xfa\x08\xf0\x0c\xb9Msh\x83\xb1\x1c\x1a\x8c\xe3\x19\
J\xd3\x954\xf6v!\xd78\xb4\xa4\xc18R';\
\xad\xa04[I\x13\xe3\x10r\xff{\xae\xdf\xc0\xf8\xd7\
\x0f\x8e\xff\xe0\x06\xc6/\xb5\xee\xbbd6\xd0\xae\x0d\x8c\
}\xd7\xd0\xd8\xbf\xd3\xc0\xd8\xa5N\x98\x02.\xa3\xf9M\
\xb4_\x03c\xdf/0\xeeK\xb1\xc1'j\x92.=\
=\x0ez\x94\xdf\xd0\xefh\xf8}\x9a\xd8DMo\xcc\
;x\xeb\xfc\x02\x85X\x00\xf2^\xa5\xb4\xf3>\xd1\xf6\
@:\xe4\x1f\x949Y\xd1\xf6@jc\x01h\xc72\
\xe0\x0b\xc0Km\x0f\xa4\x03^\xa2\xcc\xc5\xb2\xb6\x07R\
#\x0b@{\x96\xe2\xe5\xac\x00\x0e\xa4\x9c\xf0\xa3\x16X\
\x00\xdau]\xdb\x03\xe8\x80\xeb\xdb\x1e@\xcd,\x00R\
\xc5,\x00R\xc5,\x00R\xc5,\x00R\xc5,\x00R\
\xc5,\x00R\xc5,\x00R\xc5,\x00R\xc5,\x00R\
\xc5,\x00R\xc5,\x00R\xc5,\x00R\xc5,\x00R\
\xc5,\x00R\xc5,\x00R\xc5,\x00R\xc5,\x00R\
\xc5,\x00R\xc5,\x00R\xc5,\x00R\xc5,\x00R\
\xc5,\x00R\xc5,\x00R\xc5,\x00R\xc5,\x00R\
\xc5,\x00R\xc5,\x00R\xc5,\x00R\xc5,\x00R\
\xc5,\x00R\xc5,\x00R\xc5,\x00R\xc5,\x00R\
\xc5,\x00R\xc5,\x00R\xc5,\x00R\xc5,\x00R\
\xc5,\x00R\xc5,\x00R\xc5,\x00R\xc5,\x00R\
\xc5,\x00R\xc5,\x00R\xc5,\x00R\xc5,\x00R\
\xc5,\x00R\xc5,\x00R\xc5,\x00R\xc5,\x00R\
\xc5,\x00R\xc5,\x00R\xc5,\x00R\xc5,\x00R\
\xc5,\x00R\xc5,\x00R\xc5,\x00R\xc5,\x00R\
\xc5,\x00\x93i\xba\xed\x01h<\xccn{\x00j\xc4\
\xaf\x81)\xe07\xc0\xea\x96\xc7\xa2\x0e\xf3\x08`r]\
\x06,\x05\x0e\xc2#\x02\xa9\xb3z\x81\xc7\xdf\x80\x83\x19\
\xae\x10,nhlR\xd5\x12\x05`\x14\x85\xc0\x020\
\x81\xfc\x08P\x97\xad\x80K\x81\xfb\x19\xfe\x88@\x13\xc0\
\x02P'\x0b\x81\x00\x0b@\xed,\x04\x95\xb3\x00\xb4o\
E\xdb\x03\xc0BP-\x0b@\xfb\x1eo{\x00\xff\xc3\
BP\x19\x0b@\xfb\xeeh{\x00\xef\xc2B \x85|\
\x9e\xecO\x81\x83\xfe|\xf8\xbb\x86^[-\x9aj{\
\x00b\x1a\xb8\x0f\xd8\xba\xed\x81\xb4\xc4\x1cl\x91\x1f\x01\
\xda\xb7\x1a\xf8F\xdb\x83\x90\xd4\xae\x1f\xd0\xfe\xa1~\x1b\
\x0fI\x94C\xe1\xb3i\x7fCZ\x00\xa4\x16}\x09x\
\x8e\xf67\xa6\x05@j\xc9\xfa\xc0\xf7\x80\xe5\xb4\xbfA\
-\x00RK\x160\xf9\x85@\xd2\xfb\x98\xe4B i\
\x86&\xb1\x10H\xea\xd3$\x15\x02I\x03\x9a\x84B \
iH\x0b\x80\xef3\x9e\x85@\xd2\x88\x8cc!\x904\
b\xe3T\x08$5d\x1c\x0a\x81\xa4\x86u\xb9\x10H\
\x0a\xe9b!\x90\x14\xd6\x95B\xb0\xaa\xe9@%\xadY\
\xdb\x85\xe0\x9f\xcd\x87(\xe9\xfd\xb4U\x08~\x9f\x08N\
\xd2\xcc\xa4\x0b\xc1Q\x99\xb0$\xf5#Q\x08\x96\x03\x1f\
L\x05$\xa9\x7f\x0b)\xd7*l\xa2\x10\x9c\x10\x8cC\
\xd2\x10F]\x08n\x03\xd6\x8aF ih\xa3(\x04\
K\x81\x0d\xd2\x03\x974:\x83\x16\x82k)\xd7;\x94\
4\x01\xfeS\x08\x9e\xe5\xbd7\xfe\xbd\xc0b\xbc\x0bP\
\xe7\xb8 \x1a\x85y\xc0\xee\xc0\xce\xc0\x16o\xfe\xfb\x05\
\xca=\x05o\xa4\xdc\xfa\xac\xd7\xd6\xe0$I\x92$I\
\x92$I\x92$I\x92$I\x92$I\x92$I\x92\
$I\x92$I\x92$I\x92$\xa93\xfe\x0d\xdc5\
J5\xde\x17\xd7\xc6\x00\x00\x00\x00IEND\xaeB\
`\x82\
\x00\x00\x1b\xb8\
\x89\
PNG\x0d\x0a\x1a\x0a\x00\x00\x00\x0dIHDR\x00\
\x00\x00\x80\x00\x00\x00\x80\x08\x06\x00\x00\x00\xc3>a\xcb\
\x00\x00\x03\x8azTXtRaw prof\
ile type exif\x00\x00x\
\xda\xed\x97Qv\xec&\x0c\x86\xdfYE\x97\x80$\x84\
\xc4r0\x98s\xba\x83.\xbf?\x98q\x93\xc9\xcdm\
n\x92\xa7\xf6\x9a\x19\xe4\x11X\x12\xfa\x90\xed\x09\xe7_\
\x7f\x8e\xf0\x07\x0e\x8e\x1aCR\xf3\x5cr\x8e8RI\
\x85+N<^G]=\xc5\xb4\xfau<\x86\xf0\xfb\
\x95>\xdc\x03\x0c\x95@\xca\xbe o\xfd\x09=c>\
o}\xdbv*\xf4\xfa\xc2P9\xf7\xc0\xf1z\xa0n\
C\xec\xdb\xc1\xd6?\x1c\x09]\x0eb\xdf\x86\xea6$\
\xbc=\xa7\xeb\xf7\xb1=\xe7\xe2\xf6r\x09\xfb\xba8\xf6\
\xf8Z+\xbeavI\x8c\xb3f\xb2\x84>q4\xcb\
\x05\xe7\xce1\x19\xf2\xd6g\xa0b\xcb\xff\xed\xe8\xf9w\
xLe\xc4\xc4\xa7\x90\xc4\xd5\xf3\x15\xa5`\x09R\xa4\
N=\xfa(0\x8e~jD\x0c=K\xb9\xa2\x0d@\
\x86\x10p^vn9\xfe\xf4x/\xfa\xf02\xfc\xcd\
\xf6\x15\xd6\xfb\x8c\xde\xd1o\xda\xe1A!\xf3\x1e\x90'\
J\xf9\x96?\xd4\x93>\x0c=a]\xec^x\xce~\
{~\xa5/r\xbb\xb8\x92\xfd\xc07\xbfct\x1f\xe3\
\xbcVWS\xc6\x92\xf3^\xd4c)\xeb\x0c\xf3\x8e\x99\
\xaduUF\xb3\x98\x036\xa1\xe3d\xb6\x82\xe6(\x8b\
\x06\xa4=\xb6x\xa05*\xc4@6(Q\xa7J\x83\
\xce%\x1b5\x84\x98\xf8d\x83dn\x81e)\x1d0\
\x0a\xb7\x85;\xcdF\x83\x0d\x98\xbb8\x107l\x09\x81\
\x96\xefXh\xb9-\xcb]#\x8f=\xc4N\x98\xca\x04\
c\xd8=\x9fo\xe1\xa3\x13\xc7\xaa\x09\xa2\xe8w\xae\x10\
\x17\xcf]\x87(\x22\x01\xff\x14\x98\x06\x224vRu\
%\xf8\xd1\x9e\x8f\xc9U@PW\x9a\x1d\x0b\xac\xf1\x08\
\x97\x89C\xe9\x9f\xcd%\x0b\xb4`\xa2B^\xb5D\xd6\
\xb7\x01\xa4\x08\xae\x15\xc1\x90\x80@\xcc$J\x19\x11\x19\
\xb3\x11!\x91\x0e@\x15\xa1\xb3$>@\x80T\xb9#\
HN\x22\x19pPf\xf0\x8dk\x8c\xd6TV\xbe\xd4\
\xb8\x19J\x0a\xa2\x92Q~>\x0b\x11\xb0RR\xec\x1f\
K\x8e=TU4\xa9jVS\xd7\xa25K\x9e\x15\
\x96\xb3\xe5yW\xad&\x96L-\x9b\x99\x07+V]\
<\xb9zvs\xf7\xe2\xb5p\x11\xdcu\xb5\xa0\x1e\x8b\
\x97Rj\x85\xd3\x0a\xcb\x15WWL\xa8\xf5\xe0C\x8e\
t\xe8\x91\x0f;\xfc(\xe1\xa8\x0d\xdb\xa7\xa5\xa6-7\
k\xdeJ\xab\x9d\xbbt\xd4q\xcf\xdd\xba\xf7\xd2\xebI\
'\xb6\xd2\x99N=\xf3i\xa7\x9f\xe5\xac\x03[m\xc8\
HCG\x1e\x16\x86\x8f2\xeaMmc}\xd3~\x81\
\x1amj\xbcH\xcd\x89vS\x83\xd6\xeca\x82\xe6\xed\
D'3\x10\xe3D\x00n\xa0\x06b\xd8\xd8\x93Yt\
J\x89'\xb9\xc9,\x16FU(#H\x9dp:M\
b \x98Nb\x1dt\xb3\xdb\xe4\x02\xb2\xf8-\xdc\x82\
\xf9\xe2\xc6_%\x17&\xba\x0f\x92{\xcb\xedG\xd4\xfa\
|<\xb7E\xec*\xc3\x99\xd4(\xa8\xbea\xa3\xb2\xe3\
\x83\xa7\xe6\xfb2\xfc\xdb\x84\x8f\xca\xaf\x1bJ\xf3\xb1\xde\
b8\xcb\xcc\x96\xc7#)%\x95O\x1b\x0d\x1f\xbe\xe0\
\x1c=\xcf\xb3:#x+\xc3{\x03\xbf*\xbff\xa8\
\xc4ll]\x0e\xe5\xd0)\x95\x8a\x1c\xcd\x0cQj\x9f\
6\x1a\xbe\xb2\x9c2\xef\xca\xc9\xa9\xa3L\x02t\xfa\x0d\
\xdb\xa8\x86o\xda\x8f\xbf\x0d\xfd?\x0c\xe1\xd5\x80\xd3\xa8\
}\xbea\xcfjx\xc8\xf0\xac\xf8\xac\xfcm\xe8?o\
\x08O\xde\xeeML\x87V\xd3\xf9O\xed\xba\xafN\x19\
\xd2\x93\xe2\xb3\xf2\xa3\x868\xb6Bx+\x98\xef\xa7_\
2\xf4m\x11\xfdX\xe2E\xbf\xe3\x9fg\xf8\x1b\xc9\xa7\
\x9d\xfb7\xca\xc8x\x00\x00\x01\x84iCCPIC\
C profile\x00\x00(\x91}\x91=\
H\xc3@\x1c\xc5_[\xa5\xa5T:\xd8A\xc4!B\
u\xb2 *\xe2\xa8U(B\x85P+\xb4\xea`r\
\xe9\x174iHR\x5c\x1c\x05\xd7\x82\x83\x1f\x8bU\x07\
\x17g]\x1d\x5c\x05A\xf0\x03\xc4\xc5\xd5I\xd1EJ\
\xfc_Rh\x11\xe3\xc1q?\xde\xdd{\xdc\xbd\x03\xfc\
\xcd*S\xcd\x9eq@\xd5,#\x93J\x0a\xb9\xfc\xaa\
\x10|E\x18!D1\x8c\xb8\xc4L}N\x14\xd3\xf0\
\x1c_\xf7\xf0\xf1\xf5.\xc1\xb3\xbc\xcf\xfd9\xfa\x94\x82\
\xc9\x00\x9f@<\xcbt\xc3\x22\xde \x9e\xde\xb4t\xce\
\xfb\xc41V\x96\x14\xe2s\xe21\x83.H\xfc\xc8u\
\xd9\xe57\xce%\x87\xfd<3fd3\xf3\xc41b\
\xa1\xd4\xc5r\x17\xb3\xb2\xa1\x12O\x11\xc7\x15U\xa3|\
\x7f\xcee\x85\xf3\x16g\xb5Zg\xed{\xf2\x17F\x0a\
\xda\xca2\xd7i\x0e!\x85E,A\x84\x00\x19uT\
P\x85\x85\x04\xad\x1a)&2\xb4\x9f\xf4\xf0\x0f:~\
\x91\x5c2\xb9*`\xe4X@\x0d*$\xc7\x0f\xfe\x07\
\xbf\xbb5\x8b\x93\x13nR$\x09\xf4\xbe\xd8\xf6\xc7\x08\
\x10\xdc\x05Z\x0d\xdb\xfe>\xb6\xed\xd6\x09\x10x\x06\xae\
\xb4\x8e\xbf\xd6\x04f>Iot\xb4\xf8\x11\x10\xdd\x06\
.\xae;\x9a\xbc\x07\x5c\xee\x00\x03O\xbadH\x8e\x14\
\xa0\xe9/\x16\x81\xf73\xfa\xa6<\xd0\x7f\x0b\x84\xd7\xdc\
\xde\xda\xfb8}\x00\xb2\xd4U\xfa\x0688\x04FK\
\x94\xbd\xee\xf1\xeePwo\xff\x9ei\xf7\xf7\x03fd\
r\xa2MO9\x8f\x00\x00\x00\x06bKGD\x00\xff\
\x00\xff\x00\xff\xa0\xbd\xa7\x93\x00\x00\x00\x09pHYs\
\x00\x00\x0b\x13\x00\x00\x0b\x13\x01\x00\x9a\x9c\x18\x00\x00\x00\
\x07tIME\x07\xe3\x0a\x08\x0f%\x1e\xca\xa0Y{\
\x00\x00\x00\x19tEXtComment\x00\
Created with GIM\
PW\x81\x0e\x17\x00\x00\x15\xfaIDATx\xda\xed\
\x9d{\xb0dG]\xc7?\xdd3ww\xb3\xe1\xe6\xb1\
!\x1a\x82\x85\x11AD+\x1a\xad(Z\x96Z\x85H\
\xa9(\xc6\x92$\xa6\x84\x8a\x7f\x10)\xa2$\x12)\x1f\
%\xb1\x902*\xa2Q\x09J\x02\x12\x81*\xad2\x01\
\x83\x18MHDH\x10!@\x22\x89 \x22\xc9.\x86\
\xbc\xd8\xcd\x8b\xdd\xbb\x9b{\xef\xcc\x9c\xf6\x8f\xee\xce\xed\
\xe9{\xce\xe9\xc7\xe93s\xe7\xee\x9e\xaa\xa9\xb93w\
\xce\xe9\xd7\xef\xf9\xed_\xff~B)%\xd8\x1a\x97\x00\
\xd4\x8c\xda\xa1\xe7\xb6\x94\xd3N\xea\xffC\xf7\x96\x9d\x8c\
-D\x00G\xc3\xd5\x17\x91\x0b\x8f\x80\xa2\xafa\x22\xd5\
\xfa\x1c$z\xe0\x8e.\x5c\x153!\xa2G\xeeV\x89\
RFu\xec\x93\x0a\xf4O\xb5H>qL\x02\x1c\xbb\
\x90s\x12\x83\xdb\x9d\xe8Da\xae\xee\xed\x1a\x16\xd2i\
\xd2y\xb7\x83\xaf\xccw\x95\xf7\xdb6Q\xed>\xaf\x9a\
\x87QT\xd0\x08\xccU%\xb9\xc6cV{!\x15\xd0\
\xa6\xa3\x84\xf7\xff\xe7\x01\xaf6\xefc`?\xb0\x17\xf8\
2\xb0\x0f\xb8\x0fx\xca\x93>\xaa\xe69]\xb8\xa1\xab\
N=\xea\xaea$U\xa9\x80q%\x80W\x02o0\
\x9c[\x01\x03\xf3\xfd\x11\xe0Q\xe0\x11\xe0\xd3\xc0\xcd\xc0\
\x9d\xc0\x93\x86P*\x87\xe3]i\xa2f\xb0\xe8\xb3&\
\x98Y\xb9\xbaIn`\x93(\x8e\x11%\xaee\xf93\
\xc0\xdf\x03\xbb\xcc\xe7\x89ccH\xf3Y\x00k\x86\x18\
>\x09\xdc\x0e|\x0a\xf8\x82!\x06\xe1M\x94;a)\
R\x22\x96\xa0\xdb\xb0\x01QP\xfd4=G%\xce}\
\x8c\xe7\x93B`\xc2\xaa\x80\x14\x17\xb0\xee\xb7\x128\x1e\
\xb8\x1a\xf8\x05\xb3\x98CG\x1a\x0c\x0d\x01\x0c\x1d\x8e\xc7\
\x10\xc3W\x81{\x80[ar\x1b\x0c\x1e\x04\x0e&\xba\
\xa4[\x85s\xfb\xeeWq{\xa8\xab\x1b\xe8S\xdd\x0b\
\x81\x0f\x00/p\xc4\xb9\xdf\xf9\xca\xb3\x94\xddA\x1d\x00\
\xfe\x09\xb8\x09\xb8\x03x\x18\xc6\x15\x8c\x14\x1cW7\x11\
\xd9\x00H\x871\xaa\x88\xdf\xc8\xad&\xeaST@.\
U\x0a3\xf0\xb3\x80\x0f\x01\xdf\xe8\x10\xc1\x08X\xf2\xf4\
|\x9d\x0b:2\xdf\xaf\x02Oh\xa9\xa0\xae\x06\xf5?\
 WjD\x9e%(\xd1\x02\x8a\x1004S\xd4I\
\x9b(OUCd<WdJ\x05\xd5$\xd1\xea$\
@\x171\xa6\x89@\xa9\xf3\x10\xe2JC\x04\x95\x11\xff\
\xca\x10\x81j\xf1\x93\xc7\x8e\xba\xb0\x9f\xd7\x8c4\xb8\x19\
\xaa\x1b\xe0\xdd_\x81\x8bR\xbc\x05\x1f\x19\x8bE\xf1\xb6\
\xa2[Y\x1a\xc5Tm\x04@f\xa3\x96\xba~\x15\xf8\
Cc\x1b\xac\x9b\xc5\x1f\x19\xef@\xd6<\xd7.\xba\xf5\
 \xfc\x85\xab\x80\x87\x80\x1b\x80k\x8d{\xb9\x16\xa1\xa3\
S\x08`\xab\xba\x8f3!\x00\x95i\x00\x89\x86\xdf\x1f\
\x07\x5c\x02\x5cn<\x03\xbb\xb0m\x03Yw\xdcG\xe5\
u|\x02\xec0R\xe1I\xe0c\xc0_\x19O\x02\xc7\
\xb6\xa8\xd3\xcb1\x16r\xae\x08\x8e\xb5AR\xac\xf4X\
\xdbFt\xe8\x8b*a\x04\xb6=\x5c\x19\xee\xff5\xe0\
\xd7\x81e\xb3\xb8\x13\x0f\x7f\xa8<\x83\xb0\xce`\x94\xce\
\x22K\xa7\x9dG\x80[\x80w\x02\x9f1\x04\xe4\xfeV\
,\x08\x87\xcf\xd5\x08\xec{R\x96\x80\xd7\x00o\x04N\
u\xc4\xb9\xcb\x11MFa\xd35q\x88i`P\xc7\
\xeb\x81\xf7\x00\xffe\x08AD\x00X\xb9\xfe\xf3\xb6\x22\
\x80\xbe\x0d\x1f\xc1\xea\xaa`\xe7\xce\x0b\x10\xe2\x8f\x81S\
\x1c\x09\xe0\xda\x02U\x22\x11T\xc6\x06X2\x9f\x87\xc6\
sx\x07\xf0n\xe0\xfe\x06p\xe9\xd85c\x09 \x9c\
\xd7\x8f\x01o\x03\x9e\xeb\x00D\x22\x11uS\x8eWa\
\x09a\x87s\xff\x08x\x08\xa5\xae\x05\xde\x89\x10\x8f2\
\x0d-\x1f#\x84\x1a$pf\x0d\x02?\x04\xfc\x09p\
\xb6\xe7\xfa\xa5l\xa1\x8e\x98F\x15\xad\xab)\x1c\xa92\
\x01\xfe\x13\xb8\x02\xf8p\x8dZX$/\xa0\xa4'1\
%\xf1\x9b\xdc@\x91\x80z\xc5Z\xb4\x8eq\xa6^\x00\
\xe2j\xe0\x07\x80\x9d\x89\x93\xaf\x9c\xc5\xae\x8c\x0a\x98x\
\xcf\x90\x0eq\x1d6j\xe1\xf7\x0c\x11\xe4\xf4]u\x18\
w\xaa\x85N\xc6\xf3U\xee\xfd\xbe\x1b(\xfa\xa46\xef\
\xbbo\x02\xde\x0c\x5c\xe8 \x85\xcaA\x0b\x95#\x19r\
/+\x19\xc6h\x88\xfab`\xc5\x1b\xef\xac8\xbf\xae\
\x9d\xb9\xb7\xedo\xbd\xaa\xccW\xa8qUC\x1c\xf7\xa3\
\xb7\x8f\xaf4\x0b\xa4\xcc\xbbl\x01\x8bR/+\x09\x8e\
\x03\xce\x05~#\x02\x8b\xa0al\xaa\xe57u\xf3\x91\
\xfb]\xd3\xbc\xaa\x88\xbe\xc6\xde\xa7\x5c h.\xc6\x87\
\xc3}\xbb\x81\xd7\x03\x97\x19\xac`\xe8\x10\xc3\x80\xeea\
k\x953\xe0\xaf\x01/\x03>\xc7l6\x92\xb6\xfc%\
;,^)BX\xa5\xaa\xde\x02\xfc6\xf0\x98\x11\xd9\
U!k}\xe4,\xf0\x00x&z\xb3*V_\xf7\
A\xf4\xa5\xe7R4\xbcz#\x80R\x93\xb1\xe1\xc6I\
9\x01\xae\x01^gT\x83,49\xd2\xf1\x14\x8c\xb7\
\xa1N\xd1\xe6@qb\xce1\xde\xe6\xde\xae\xec\xb1\xf3\
m\x93[y\xa2\xd7r\xfc\x07\x80\xd7\x02\xf7\x16\x12\xff\
\xae=a^\xa2\xd2a\x8b\xb5\xf6I\x0c\x87\xcdK]\
\xe6\xd8Y\xc1g\xfb\x9c\xd6&ND\xa4\xe8\xf1;\x1c\
#\xa2\x5cO\xe4V\xe0\x97\x81\x07\x1c\xb7\xcd\xbd&\x19\
\x93g\x8d\xcbu\xe0\x10|w\x8cX\x0eM|\xec\x18\
cD\xbfH\x98\xa7\x986B\xbf{\xfa;\xb9\x05D\
S\xdd\xa4\xden\x10\xc3a\x0dE\x0f2\x8c@\xd7&\
X\xf1\x08N\xd1\x1c\xa3\xd0fQ\xab\x08K|+\x03\
K\xca'\x80T\xb7&\xd65L\xf9\xbd\xfb\xf9z\xe0\
\xc1\x8e\x13\xe9\xe2\x09\xf6\xef'[\x5c\xa3P\x9fr\xda\
\x8ei'\xd6\xb5V\x05_\x00J&\x88\xf4\xd4W\xee\
s\xed=\x0f\x1b\x22\x18wp\xd7\x84\xe7\xf7\xaf\x19\x02\
\xa8\x0bj\x15=\xbdb\xad\xf6R\xf7%\xbd\xe4\x16\x16\
O\xeb\xc0?\xa0#\x84+G\xf7\xe7\xb8\x86\xf6\xde\xc3\
\xc0\xd7\x13@\x96\xedv\xa9X/@\xcd\xa9s~\xbb\
\xf79j\xa0\xea\xf0l+\x05\xd6\xd1[\xc6%\xfb\xab\
\x0a\xde\xa7\x12\xe6\xa6\x17 h\x9e\xeeN\xdd\xf5\x18\xfa\
\x14\x91D\xef\x15\xe4\xf4\xadr\xde'F\x0a\x94\x18_\
H\x5c\x97\xbc/e\xdc\x22\xf0\x9cV\x02(Ai%\
)u\x0c\xfc\xb3\xd1\xdd\x16\x1e\x9edp\x9b\x05\x83\x0e\
e\xdc?\xef9\xe8\xb5m\x199\x81m\xd6}\x88\xca\
r\xad\x5c{\xdd\x86\x0e\xf9\xca!N\xd7\x08\x9c$.\
~\xce\x9c\xa4\x88\xf3\x1c\x8b?\x96Q\xa3=\xb7a\xc4\
\x04vE\x05S\xd1C\xff\xf3!\xf4\xd9\xc1g3\x1d\
\x07\x98\x22El\xf8\xd9n6\xef\x06\xa6F\xddv\x1d\
wl\x88\x9a\xe8\xf8\xbf\xa8\xadf\xd9A\xf4\xe7\xe0\x01\
9\xdc6bc\xf7n\x9c\x01\x04I\x07\x07X\x06N\
jX\xfc\x14\x9f=Ge\xc6\xdc\x97kX6\xa9\xf1\
\x10&\xb3)AD\x8e\x88%b\x12\xbb<\xbf2\x04\
\xb0\x86\x8e\xfd\x93\x19\x93aU\xc1N\xe09\xc6\xb3p\
9\xa4J\xd4\xa5)nd\x13\xc7\xc7\xc4Q\xa4nY\
\x8b\xc4\xfe)7\xc6>\x07\x0c\xe9\x1b\xac\xb0\xcf\xdc\x8b\
>\x03 \x13\xddA\xab.lt\xf07\xa0\xd4\xd9<\
\xfe\xb8o\xff\x0cH\xdf\xeb\xc8\x99\xa3\xbe\xe77\xe6w\
S\xbf\x91\x1d@\x91\xbe-]W\x8c\xed5\x00\xce\x98\
\xf4\x1d\xc2i\x9bA\x88\xf3\xd8\xb3\xe7xO\x14V\x1c\
\xa5\x97\xa4!}Xa\xe3.\xd7\xcfv\xf1\x80\x07I\
\x0f\x12\x19:\xdcm\x89\xe7l\xe0\xe7g8\x8eT\x86\
i3\x1e\xbb\xdaT\x9b$\x81\x5c b\xfdj\x07\xa9\
#\xd8\x080\xdd\x01\x5c\x0a\x9c6c\xc0K\xf4\xf0\x0c\
\xd1\xb5}\x99@\xbd\xa1\xa0\xc8\xd0\xf71\x16o\xdb=\
\x0f\x14T=g\xa2\x13Z\xed(d\xb4\xa6\x04\x8c\xaa\
\x84g\xc5\xe6<\x88\xedc\xe5\xdf#;PO\xac\x01\
\x12-\x8e\x02\xf7\xecg\xe3<@\x97\xcb\x9eR~\x03\
\xf0\xd2\x16Q\x9b\x12\xb2\x9d\x1b,3\xebkS\xfb2\
\x81Z\xbb\xee\xc9\xa7pA\x1d\xf5\xef/4y\x96\xe8\
w\x03o\x02\xbe\x87\xf4l\x1e\xa9c\x89\x95|%7\
}\xa20\x1a\x19\xe1*\x90\xd8Q\xff7M\x94\xaf\x12\
\xb9\xea\x016\x1f\xf9\xeer\x0d\x8c*\xf8\x0b\xc7\x1e\x10\
\x11\x92\xa8\x0bG\xab\x86\xe7\xa7\xcc\x7f,\x00\x15\x15\xb2\
&\x1b\xf4o]\x02&\x95!\xdaE\x84\xd8\x8f\x15\xaf\
\x0f\x1b)\xd0\xf5\xb2\xbb\x82v\x83\xe8\xfb\x81\xbf\x03\xbe\
\xadf\xfcu\xe9\xf0\x06\xc0\xe9\xe6\xf7\xa7\xd7\xf4U\x92\
\xb0\x1b\xd7\xb3!\xd94\xd7O\x13OS\x86\x906n\
\xf5\xb1\xe6.\xd9\xbf\xdbP,\x9f\x82\x9f\x81N>\xf5\
\xa3\x05\x08\xc0=\x9an\xd3\xd6|\x09\x9d\xc8\xe2cl\
d4\x15\xe8\xe3\xecg\x00?h\xda\xfeN\xe0D\xe3\
U\x8c\xd1\xfb\x14W\xa1\x83Y\xd7\xd8\x9c\xea6d\xc4\
\xc5\xcc\x7fh-\xc8\x94Bt=\x19T\x97\x84\xa1$\
@\xe4r\xe0\x00\xf8#\xf4\x09\xa2\x12\x97\x05\x88\xdc,\
$\x8f\x01\xff\x02|\x04\x9d\xdd\xf4\x87\x81\x1f1\xdc~\
2\xd39\x90\xedY\x83%t\x98\xd9\xef\xa3S\xd6\xac\
\xb1\x91\x18\x93\x0es\xd3\xe5`j|#\x0d\xc7\xc3s\
R\x8f\xa5\x0c$\xc7\x0eP\xc0\x05\xe8\x04Q\xbb:J\
\x00\xc9t\xa6\x127\x89\xa52\x8b8A\xef\x1dX0\
i\xc2\xf4A\x13\xf7\x88:\xe8\xd0\xb5\xdf\x02>n\x90\
\xcbQ\x83\xab\xa6\x12\xc1\xb7^\x0f\x90\xba\x12@4\x89\
\x89\x8e\x04\x10Z\xd4\x94\xdf>\x1f\x1d \xf2\xfcB\xb6\
\x80\xab\xd7\xdd\x5cE\x13\xa6\xf3\x10\xe2\xd9@\x95\xc3\xe5\
\x03G\x82\xac\x02\xff\x0b\x5c\xc7dr\x15\x83\xc1\x0a\xf1\
P\xbbh!\x92\x94\xa3\xf3IFi\x97\xe3\xd7\xa5\x90\
\xad\x18b\xb3\x13\x7f\x1fzg\xf0y\x9eO\x9f\xc3%\
\xb2\xe5\xf3\xa0\xe1o\x98\x0eN\x1d8}\x18\xa1S\xde\
\xde\x00\xdc\xd8\xb0\xf8\xb1\x8c&\x22\x08#gM6%\
\xda\x1c\xf6DY\xa5\x88\xc9\x05e,\xc7\xdd\x80>\xea\
\xedg%\x9f\xe5\xa5\x1c#\xd0\xaa\x85\x8f\xa2\xf3\x0f\xec\
MD\xe9\xe6\x9a\xb8RF\xba\x0f}&?\x8e\xb5X\
\xad\x88\xbe\xc3H\x02\x97\x03g\xb9\x9bg\x03T]5\
\xf1\x05\xe07M\xbfbwXC8\x8a\xa0\x1b\xf6\x1f\
\x05\xea\xc9\x82\x8b\xd6[\xe8\xb2\xf7\xdc\x07\x80\xeb\x9c\xfe\
Kf\xbb\xa9e\xcf,X\xa2\xdc\xcbht\x91\x11\xff\
\xc232\xb7\xfcy\x03\x19\x01\x1b\xe6\x82\x0e1\xb1\xef\
m@ES\xdb\xeb\xc6U;\xc8\xf4\xe9\xe2Y^v\
\x13\xe9\xcb0\xb9\x90\xe1\xf0N\xaf\xbf~\xf2\xcb\xa6\xd4\
0m{,%\x8e~\x85\xf6\x22\xa6\x22\x82\x82?\xce\
\xb0\x05B9qT\x82\x0ar_\xf7\x00\x9fu\x9e\xd1\
\x97\x04\x988\xefcG\xe7\x8f\x81\x7f\x03.\x84\xc1'\
\x10\xa2\xa2\xbd\x9aJ\x8e\x01\x9d\x1a=$I\x87\xa8\x85\
\x0f\x04\x89\x16\xc4\x8a\x84\xc5\x8b1\x1cUG\xc9u\x0e\
\xf0>\x83\x09\x94\xc8'T\xd7\xbf\x89\x87\x01<\xa5\xb9\
\x9e\xf7\xa3\xd3\xd3\x1eH\xd0\xf91\xccQ\xe7\x1d\xf5e\
p+\x12\xf2\x04\xe6\x16m\xeck\x00\x0a\x9dv\xf6F\
\xe0\xfb\x1cP\xa6\x8f\xb6\xed\xd8>\x0d\xbc\xd5\xa0\x84\x87\
\x1c\x0f\xa4\x22~\xe7T\xb5\xb8z\xb3\x22\x80(/ \
Ud\xcdr\xaf\xdb\x10\xe3\xda\x13\x06\x13\x98\xf4\xb4\xf8\
\xca\x11\xfd\x13\xe0\x83\xe6u\x88\xfaD\xd7\xa2\xc3<\xa9\
\x19\x1a\xd4\xc9\x040\xaf\x00\x86@4\xd1\xce\x93\xd1\xa9\
>\xfa\xc2\x01\xac^\x1d\x9a\xf7_A\x07\x90T\xde\x22\
\xf6q\x9c\xae\x04\xee\x12e\xd0o\xe5\x98\xc06\x1cB\
\x00?\x87\x0e\xe6\xa8z\xd6\x97\xf6\xf5lt\x12\xea\x97\
:\xd8C\x93GS\xf7\x9e\x82\xe0\x95>\xbc\xda\xd8\xbe\
\xec\xc8\x89\xb3\xe0x7\xfd\xab\xfd\xfb,\xf4\xc6\x8b\xa2\
\xccy\xbf\xd8\xc9|\x16\xba2\xda\x05\x9e\xbb&[\x0c\
\xe9\xba\xa2S]\xa3\x7f\x8aI\x1c\x19!:\xfa\xeaP\
]\xf0cS\x8a\x16\xf7\xfd;\x80?C\x07c\xd8,\
`\xb3\xbc\xce@G\x11]\x86>fV\xd7\xd7\xbeT\
iS[\xa9A\xbbO\xbf\xbb^\x80\xe8\xb8\x98b\x06\
\x1cx&\xf0\x97\xc0\x8b\x98\x1d\x5c]\x87\x0dX\xc9s\
#:\xf3\xf9\xdd\x06\xa0R5s\xd2\xeb~~\x02S\
\xd6\xce\x8fO\x00]8Y\xf4\xb8\xf8PU/A\xca\
\xb7\x1a\x22p\xab\x92\x8a9\x18\xabc\xc7\x0b8\x88\x8e\
\x01\xb8\x05\xf8\x22:\xd1\xe5\xd7\xd11\x05\xabL\x17\xad\
\x98\xb7\x11\x1dU<:\x87\x9b\xfb\x92\x00\x02]w\xe8\
\xd5\xe8p\xad\xd3\x98.41\xa9\xe12YC\x94\x93\
\x82`\xd1\xd8i\xc3U?\xd6(\x5cA\xc7.\xde\x8b\
F+\xefB\xd73z\xb8\xb0\x14\xe8Z\x07\xb1S\xd1\
\xa8\xae5oE\x8d\x88T\x9eq\xba\x84\xae@\xfaf\
t\xa5\x91\xdd\xb4'\x90\xb6b\xd9\xd6\x10\x18\xa11{\
w\xd7\xce~7\x8b\xcb\xba\x8b\x07\xd1\x88\xe1_\xa3\xd1\
\xc3\x83\x916\xc3l\x5c\xad@\xbd\x80\x942.\xb9\x85\
&}#f\x19\xf8I\xe0\xe5\xc0\x8f\x1b\xc4\xaf\xf2\xda\
\xaa\x8bc\x181\x1d\xe3g\xe3\x08\xd7\x1cN\x1d\xd0\xef\
\xde\x81O\x00\x136*\xa6\xae\xa2\xb3\x9d\x5cl\xd4D\
\x1f\xd2 V\x22LU\x0c\xe9\xea\xa3\xe7\x0cDs\xe4\
hT!\xe5\x12\x83\xc1s\x8cu\xff\x13\xe8*\x22\xdf\
l,l\x8b\xc3[\xb4o\xd2b\xf9\xbb\xa1\xde\x03\x83\
\xd8\xddo\xac\xf6\xdd\x8e\xef\xbe4C\x09\xe0\xf6\xcdJ\
\xaek\x8dJ\xb3\x92\xaeJX\xd0\xd4\x10\xba$\x09\xd0\
\x95\x02sB\xb2\xceB\xa9\x8b\x10\xe2\xc5L\xc7\xf9\xb9\
\xe7\xfaq\x16\xbcr\x10\xba:n\xb3\xd5\xc8?\x0a\xfc\
\xab\xd1\xbdo\x01\xce\xa7=\xefq\x9f\xde\x82b\xbaj\
\xea#\xc0\xb9\xb0\xf6)\x1ds:_U0$\x5c\x83\
>\xa6\xb6p\x8e!R\x01\x97!\xc4\xf9\x9e\x11e\x03\
<\xc6\x8e\xa8\x9f\xd0\x1c\xfbw\x10\x1d$\xf2\x19tb\
\xc9\x7f\x07\xb5\x02\xc2&\x9a\xfeS\xf4\xe1\x8f\xe7:\xed\
t9\x16\x9f\x22\xe5,\xa1\xae;\xfd?MK:y\
\x07\x9b\xb3\xa67\xf5#\xe7\x0cF\x8c\xfb)\x9a6Q\
B\xb0ev\x91\x22\xafc{\x1d1\xefs\xb6\xbb\xf8\
V\xc7\xfba\xd9\xb7\x18\xe3\xea\xb3L\xa5}\x11n{\
w\xa1\xd4\xe5\x08q5p\x02\xd3\x19C*\xa63\x89\
\x95\xbc\xdc\xb1\xec\xf0$\xd8\x8b`i\xa7\xb1\x0bb\x16\
5GrE1h\xeevp\x89Pe\x01\xbcPs\
,'\x05\xee\xb7\x070\xacTx\x14\x9dM\xfc\xcf\xd9\
(\x02\x15\x9a\x8c\xf3\xcd\xef\xf70]\x9fx\xd2`T\
\xf6\xe5\x9b\x0bt\xe9\x9a\xef5\xea`\xae*@F@\
\x871\x22=\xb6p\x94\xff\xbb{\xd1\x95B&\x01]\
*\x8d~\x1f\x02\xfbP\xea\x97\x8cn?\xc2\xe6\x98@\
U3Fe\xd4\xc3\xb9\xc0\xe7\x0d'\xae{\xd2d&\
^\x97i\xebd\xf4\xa9\xa3y\xa0\x83\x9bN\x07\xe7\xa4\
,k\xb26c\xb6 ]\x1fx\x0d\xb8\x16\xa5\xbe\xd4\
2\x11\x96[\x87F\xd4\xff\x22G\x8e\xdcd\xa4A\xc5\
t\x02\xc8:i3q&\xfe\xe3\xc09(\xf5\x0e\x0f\
D\x9a\x95g\xe0\x1e$\xf9i\xa6k#\xa5$\xd4\xc8\
M\xe3\xbf\xe9\x99MH`\xc8&H\xb1\x03\xc2\xf1q\
J\xfd\x14B\xfc\x0d\xba\xa8S\xdd\xa4a\x10\xb5\xd7\xa0\
\xab\x81\xca\x06\xa3\xb4j\xb056\x0c(\xa5\x14B\xec\
\x02~\x16\xf8]\x036\xc9\x19r\xa0\xb5\x05\xbe\x88\xae\
\xa2z(\xc1\x10\xedj\xb0\xd6f\x0bW\x09\xdcn\x1f\
R\xd1\xbd\x88\xc2\x86[&\xc4\xad\xe8\x12\xaf65\xfc\
\xd8p\xac\xf5\xed?\x8f.#s\xb7\xb3\xd0\x95\xd7\x8f\
\xaa\xa6\x0d\xe5\xf5\xb7B\x08\x8c\xe4\xb9\x0e\xaaW\xa0\x8f\
\x86\x1fv\xeeYw \xdf\xbe\x88\xc0V0;\xa3\xc6\
Z\x8fI\x9d\x13\x93\x84\xb3X@H\x8cH\xcf\x09+\
w\x17o\x0c\xbc\x0d\xa5\xde\x84>i;t\xfa\xf6\x04\
:\xa9\xd3\xe7\x88\x0f\xb6\x8cI?\xa3@\xfe7\xe3\xf1\
\xc5\xc0%\xc0>\xc7\xc8\x1c\xf5$\x15\x5cw\xeed\xe0\
[\x13\xac\xf8\xd8\xe4\x11\xb4\x8c9\x8b\x00R&<\xf7\
\x1e=1B\x5c\x05\xfc\x0ez\xe3\xc4b\x01\xef\x02>\
Q\x18\xc4QO\xbb\x9d\xc3\xe1\x8aA\xe7\xceG\x9f\xf1\
_\xa5L\xc5\xb2\xa6\xf9v\xc3\xb8\xcfl\xf0@\xba\xc0\
\xeaI\xff+Q94\x17\x16\x96\x0d\xf6\xc1\x92\x81\x83\
\xff\x008\xc0d\xf2Z\x06\x83Gj@\xa4.\xfd\xac\
\x8b\xc2\x95\xe8\x9d\xc7K\xd1x\xfd\xa9=\xdb\x06ct\
2\x8as\x8c7\xd3\x15[\x81p4R4\x0e\xa0\x22\
\x1a\xe8\xc2yu\xbb\x7f\xbe\x01\xb7\x8cR\x15B\x1c\xae\
1\xec\xaa\x08\xc2\x13-\xf8\x85h\xb9g\x88\xce\x06r\
\x85yW\x85\x81\xa2\xcay\xe6~\x83\x07<TX\xc5\
d\xe1\x00I\xba#Sl\x89\x80\x11\xe3~w\xc8,\
~\x9da\x17\x8b|\x89H\xf7\xd5\xbdF\xe8]\xbbW\
\x1a\x8cb\xb5\xc6\xa8tO\x0a\xa5.\xbe\xcb\x00\xa7\x02\
\xdf\xc5\xe6\xe0\x96\x5c\xc9\x93\xcc\xa02\xc2ZO\xb5\xee\
\x15\xcd\x09\xa7T\x0b&\xd0\xf6]\xac\x8a\x89%\xdcP\
:u\x01\xfc\x1f:\x97\xe0%h\xc8\xda\x1f\xd7\x80\xe9\
bV)j\xcfm\xe7\xc55c\xae2\x01\xb7\x14,\
\xa7\xb6CM\x13)\x02\x04\xd2V\x19\xd3\x1fp\xdbb\
\xa9\x00\xb7\xabL.PAWt\xb3\xeaP\xe8\xa3`\
\xef\x05\xce3\x06\x22L\xd7\x22^\xcaT\x8b\x96xF\
\xe8\x8d\xaae\xea\xab{\xc6\xd8[m\xaf\x90\x81\xbe\xe9\
ph\x8a\x11\x95\x9b\x0a-\xd5\x95\x0b\x01J\xb1\xc0U\
\xaa\x94pE\xf5]\xc0\xab\x80\xb7\x1b\x83M\xb0\xb17\
\xd1E\xea\x0e\xd1\xd9N\xbe%`\xb4\xa9\x80\x9b\x97\x9b\
\xbb\xb0X\xdd\xc0\x14\xce\x14\x01\xb1\xd4D\xe5\xb1\x83\xeb\
\xe3X\x95\xcd v)J\xbd\x1e\xbd\x8712D\x90\
[\xc7\xd0n\xc5\x9fn\xec\x00\x91@\xd0\xc5\xd6I\x06\
\xac\xe9\xd8\xcc\x94\xa5\x12\x18\x96\xf6\x7fs\x89\xa2\xceX\
\xad\x0cV\xf1>\x83\x19|\x92\xcd\x9bH\xeb\xc4\xd5 \
\xf0\xbd\x8a\x97\xb0\x91\xf9L\x14\x9c\xe3 \xb0'\x13\x1f\
2\xcf\xac\x17]s\xf4B\x99\x938\x15z?\xe2U\
\xe8\xe3\xe9\x95\xe3\x15\xb8i\xe3d\xa4d\xc1\xb8\x9b\xbb\
\xe61\xb79\x99B\xbbp\xa8\xcap\xcbR8A\x15\
zvl\x9a\xb6e\xe0u\xc6[\xb0\xa7\x84\xc6\x8ed\
\x8d\x85\xda\xd7\x0c\xf8u\xb7\x07\x90\xf5N\x10M\xc5\xa3\
C\x99;J\xd5\xcc)i\xd04\xf9\xff*\xa3\x9d\x98\
h\x1a]\x88\xb2\xaa\xaeD\xa97\xa2C\xbf\xdd\x85K\
9z\xbf\x13\xf8\xf6B\xf3\x9dT\x83H&\xfa\xd2%\
K\x9a\x95\x10\xdb\xa5\xd3\xab\x87\xfe\xf6A\x1d\x90r\x15\
!\xae\x01.g\xa32y\xeav\xb9M\x82\x19\x928\
\xa5%\x82J\xa1\xd2R\x09 J\x06_\xd6\xb9\x8a)\
R\xa7\xcdUL\x99\xec\x89A\x0d\xafac;;e\
\x0c\x12\xbd5\x1cK\xf4]\x18gS\xf9\xf8P\x84I\
\xcc\xc3c\x8bE\xf6\x19\x8e\x9d\xcaq\xa9\xc5+B\xa7\
q%\xfa\xe0\xea\x1d8\xf1\xde\x91\xd7\x18\x1d-|<\
a\xd4T\x04@\xa0\x98u\xd9d\x03\xb4e\xe5\x8aQ\
\x11\xb1)\xe2\xbapyl\x9d\x82\xd4\xe7\x85\xb2\x94\xc6\
\x96\xb6\x91\xe8\xc8\xe4w\xa1\x03LR\xaf\xd3\xa9\xaaS\
hO\x1f\x1bU\x04\x22a\xac*&O`\x97\x983\
z|\xeeV\xbb,\xb1|\x08\x1d\xc1\x94\x125-\x81\
\x93\x90r\x0f3>I,\x17hrS\xc5u.\x81\
\xf9Xzl\x8d\x1f\xeb\xff\xaf\x00\x7f\x9ba\x03\x9c\x88\
.N\xa1Z\xc6\xdde,\x8d5\x83\x16\xe1JJ~\
X\xc8U\x95\x11nb\xdd\xf7\x15z;y_\x0d\x80\
D\x8bG\xf1\x0c\x07Kh\xda\x18\xb2\xfd\x92\x19.s\
\xed\xef\x17\xa9pd\x1f.&\xe4\xe7>n\xdbu\xbc\
\x17\x1d\xc6f=\x84*bqv\xa0\x03EC\x15B\
cS\xd2l+\x15\x10\xab\x7f\xfb\xdaKH\xf16\x04\
z\xc7\xf0v6\x0e\x88\x86\xda\xb1\xd2\xe1Y\xb3v\xa9\
\xb7\x0b\x01l\x85\x12\xb0\xbe\xfbv\x9b!\x84\x147\xf5\
\xd4\x19\xbb\xce\x0bO\x00\xaa\xd0oJK!\x89\x8e\xf3\
\xbb'R5\xd9\xdd\xc1=\x01\xd1\x7f\x8c\x002\xb8C\
\xcc\xa8\x1f\xfe&\xce*p\x13\xe1cg.\x81\xeci\
\xe9wN\xc1\xad\xa0q(\x17\x9c\xf3S+\x92\xaa\x1e\
\xa5\x8c\x7f\xd6\x7f\x8cF\x05\x8f\xd0\xbe?\xe0\x16\xaa:\
1`\x88\x86B\xe6\x8e\x0a\x1c\xa0\xed(US\x9e\xa3\
\xd8\xaa\xdd\xa1$\x95)X\x03\xe8\xc4\x15O\xb29\xea\
\xb7\x89c\x8f\xe7\xc0\x81A\x86\xf4\xca\xc6\x03\x16Q\x02\
\xe4\x96\xb4-\x89?\xc4\xfa\xdf\xfb\xd19\x00\xac+X\
\x05\xda:\x8e]\xbb\x968x0u.BA\xbcb\
\xbb\xe2\x00\x22\x82+bEz\xdd\x82\xc6 nm\xe5\
YV\xd0%i\xadJ\x90\x81\xfe\x0eY^\xde\xc1\x09\
'\xf8\x86e,#$\xab:\xb9\x0d\x16\xbcM\xb7\xc6\
ps\x8c\x04h\xfb\xae\xedy\x13t\x06\x14\x9b\xdf\xb0\
j!T{4mG\x86\x0a\x10\x09c\x9c\x22\x96\xed\
\x86\x04\xb6ML_\x04\x18\xb2/\xfe\x83\xe9\xa2\xd2m\
\xcf\x1c\xa0S\xda\x95\xf0lB\xd2o!\xf7\x02r&\
\xa4\x84!\xd5\xe6m\x84\x22\x9c\xf7\xa1S\xd7\xb5\x11\xca\
\x98\xe9<\x06M\x84\x15*\x07\x9f\x12\xc3\xb1\x90\x12@\
u\xfc\x7f\x09\x0f$\xc6\xdbp_G\xd0\xa9i\x06\xc4\
e_\x93\x896N\x8c\x9d\xd3\x88.n\x07\x1b\xc0\xff\
_n\xccaT\x10e\xe4\xff\x5c\xd53\x01>\xcct\
\x16\x12\xffZb\xfa\xe4s\x8c\xe4\x12\x0d\xba?6\x98\
Gl7\x1b W\x12t)\x88\x15\x8b/\xdc\x82N\
p\x15\x02\xa9\xc6L\xef\x1f\x94\xe8\x7f\xab\x0a\x95\x0b\xbe\
\xb8m\x952\xd5\x8c$R\x0c\x01\x1d\x01\xae4\xa0\x90\
=^\xee\xea|\xeb\x22\x1e\xe6\xd0\xa1\x15\xd2\xa2\x82;\
\x8dsQ\x81\xa0\x14\xb7g\xab\xf4\xf9#\xc0\xcdl\x9c\
$\x1a9\xff\xb3ib\x0e\xb2\xbc\xbc\x9e(\xdd\xc4\xd1\
F\x00\xf32\x06s\xe7\xd7\x1avO\xa1\x93[\xee3\
\xbe\xbe+\x09l\x18\xf9\x0a\xe5\xcfa\x1e58\x80;\
\xc0yH\x85:\xab\xdcM`9@\x07\x8b^a>\
\xefd#\x05\xbe\x95\x00\x8f\x17\xd0\xf7G\x85\x04X\x04\
\xf0I6p\xdd\xfb\x8d=`\x0f\x94\xba\xf6\xca\x81\x02\
\x12MmG\x02H\x09\x15\x17\x1d\x9f\x17\xb3\xe5\xda\x94\
2\xdf]\xcc\xaa\xa1\xcd\xc3\xe8\x14\xf6\xff\xc8\xe6\xe4X\
_\x09`\x041\x8b\x9et(v\xb8\x80\x5c\xd7\x965\
$6K\x96H\xe0\x1c\x11P59n\xe5\xd7\xd0\xe9\
\xe8$\xf02C\x04\x87\x81;\xa9\xafF\x1ej?%\
\xa7\xc0\xd4w%\xf2\x04n\x05\x02\x88-Y\x1f\x0b\x08\
\xc5,t\x97\xfe\xdb\xb6\x9e\x89>^\xfer\xe0zt\
A\xcc\xa7\x22\xdd\xd8\xdc~M\xdd\xb7(\x04 \x0aO\
B\xdd\xf3c\x11\xb8Rc\xf1\xab\x8fgm\xe7v\xbd\
\x16Q\x05\xf8\x93\x94J\x04*GW\x16\xe8gJ\xaa\
<\xbf\x98TSY\x9f\xce\xc4\xba\xe8\x12\xa0\x0f\xb1<\
\xcf1*g\xf1\xd5,\xc6~\x8c\x00\xda\xb9s\xdb_\
\x8b\xa2\x02R\xaa\x96\xb4-lH\x0c\xa7\x12\xa2\x9a!\
Q\xa5Vf;&\x01\xe6L\xb01\x1b:\xf3.*\
-\xfe\x1f\xea<\xb67\x89\xc4\xa7\x15\x00\x00\x00\x00I\
END\xaeB`\x82\
\x00\x00\x0e\xc2\
\x89\
PNG\x0d\x0a\x1a\x0a\x00\x00\x00\x0dIHDR\x00\
\x00\x00\x80\x00\x00\x00\x80\x08\x06\x00\x00\x00\xc3>a\xcb\
\x00\x00\x02\xdfzTXtRaw prof\
ile type exif\x00\x00x\
\xda\xed\x97Mr\x1c!\x0c\x85\xf7\x9c\x22G@\x12B\
p\x1ch\xa0*7\xc8\xf1\xf3\xa0q\xcf\x8f'\xa9\x8a\
\x93E\x16\xd3x\x1a\xd0\xa8%\xf1>\x1a\xdb\xae\xff\xf8\
>\xdc7\x5c\x94\x85]PK1\xc7\xe8q\x85\x1c2\
\x17\x0c\x92?\xaf\xb3'\x1f\xd6\xfd\xce\xb4\xe6\x0fvw\
}\xc10\x09z9\xa7\xb1o\xff\x02\xbb\xde\x1e\xb0\xb0\
\xed\xf5\xd1\xee\xec\xd8q\xd2\x0e\xb4\xbf\xf8\x08(33\
c\xd0vE;\x90\xf0i\xa7=w\x99\xcfA\x89w\
\xcb\xd9\x1f\xb1\x15\xe2r~\x9e\x07\x83\x18Ma\x84F\
\xdc\x85\xc4\xaf;\x9f\x99\x04UH\x962\xed\xb8{I\
p\xf4\xcb\x22\xfbn\x9f\xf5s\x97t/\x04\xbcFO\
\xfa\xf9c\xdb\xe5&\xc7\x19\xe8cY\xf1I\xa7m'\
}\xad\xdfR\xe9\xbe\x22\xe2+3\xdfWdr\xa5\xf8\
\xa4\xdf\x18-\x8d\xd1\xcf\xd5\x95\x10\x1d\xe4\x8a{Q\x1f\
KY#8V\xc8)\xeb\xb1\x88f\xf8(\xc6\xb6Z\
FK\xbe\xf8\x03\xc27,\xb5:_1\xc9\xc4Pv\
P\xa0F\x85\x06\xf5\xd5\x1ft\xa0\xc4\xc0\x9d\x0d=\xf3\
\xc1\xb2lI\x8c3\x1f\x0bJ\x98\x8d\x06\x9b\x03\x87&\
\x09\xac\x0e\x90\x13\x98\xf9\xaa\x85V\xde<\xf3!YB\
\xe6F\xf0dB00~l\xee\xd9\xf0\xd5\xf6\x10h\
\x8c\xb9\xcd\x89|\xba\xb4B]<\xf7\x17\xca\x98\xe4\xe6\
\x1d^\x00Bck\xaaK_rg\xe7\x9f\xaf\x09V\
@P\x97\xcc\x09\x0b,\xbe\x9e!\xaa\xd2mo\xc9\xe2\
,^\x1d\x5c\x83?\xb7<Y\xdb\x01 \x11r+\x8a\
!\x01\x01\x1fI\x94\x22yc6\x22\xe8\x98\xc0\xa7\xa0\
r\x96\xc0\x15\x04H\x9drC\x95\x1cD\x22\xe0\xe0m\
@n<c\xb4|Y\xf94\xe3x\x01\x08\x95(\x06\
4xQ\x00+\x04\x0d\x11\xef[\xc2\x16*NE\x83\
\xaaF5M\x9a\xb5D\x89!j\x8c\xd1\xe2<\xa7\x8a\
\x89\x05S\x8bf\x96,[I\x92B\xd2\x14\x93\xa5\x94\
r*\x99\xb3\xe0\x18S\x97c\xb6\x9cr\xce\xa5 i\
\x09\x05\xb1\x0a\xfc\x0b\x0c\x95\xab\xd4P\xb5\xc6j5\xd5\
\x5c\xcb\x81\xeds\x84C\x8fx\xd8\x91\x8e|\x94\xc6M\
\x1a\x8e\x00\xd7b\xb3\x96Zn\xa5S\xc7V\xea\xa1k\
\x8f\xddz\xea\xb9\x97\x81\xbd6d\x84\xa1#\x0e\x1bi\
\xe4Q.j\x9b\xea#\xb5gr\xbf\xa7F\x9b\x1a/\
P\xd3\xcfn\xd4`6\xfb\x08A\xf38\xd1\xc9\x0c\xc4\
8\x10\x88\xdb$\x80\x0d\xcd\x93\x99O\x14\x02Or\x93\
\x99\xcf,ND\x19U\xea\x84\xd3h\x12\x03\xc1\xd0\x89\
u\xd0\xc5\xeeF\xee\x97\xdc\x1c\xd4\xfdSn\xfc\x8a\x9c\
\x9b\xe8\xfe\x0597\xd1\xdd\x91\xfb\xcc\xed\x05\xb5V\xd6\
q+\x0b\xd0|\x0b\xa1)NH\xc1\xeb\x07\xa7\xc2\x09\
?\xf8u\xf2\xb5\xde\xf9\xbf\x0c\xf0\x0e\xf4\x0e\xf4\x0e\xf4\
\x0e\xf4\x0e\xf4\x0e\xf4\x0e\xf4_\x05\x92\x81?\x1e2\xfe\
\x9d\xfa\x09L9\x91\x86\x84\xbf}m\x00\x00\x01\x84i\
CCPICC profile\x00\x00\
(\x91}\x91=H\xc3@\x1c\xc5_[\xa5\xa5T:\
\xd8A\xc4!Bu\xb2 *\xe2\xa8U(B\x85P\
+\xb4\xea`r\xe9\x174iHR\x5c\x1c\x05\xd7\x82\
\x83\x1f\x8bU\x07\x17g]\x1d\x5c\x05A\xf0\x03\xc4\xc5\
\xd5I\xd1EJ\xfc_Rh\x11\xe3\xc1q?\xde\xdd\
{\xdc\xbd\x03\xfc\xcd*S\xcd\x9eq@\xd5,#\x93\
J\x0a\xb9\xfc\xaa\x10|E\x18!D1\x8c\xb8\xc4L\
}N\x14\xd3\xf0\x1c_\xf7\xf0\xf1\xf5.\xc1\xb3\xbc\xcf\
\xfd9\xfa\x94\x82\xc9\x00\x9f@<\xcbt\xc3\x22\xde \
\x9e\xde\xb4t\xce\xfb\xc41V\x96\x14\xe2s\xe21\x83\
.H\xfc\xc8u\xd9\xe57\xce%\x87\xfd<3fd\
3\xf3\xc41b\xa1\xd4\xc5r\x17\xb3\xb2\xa1\x12O\x11\
\xc7\x15U\xa3|\x7f\xcee\x85\xf3\x16g\xb5Zg\xed\
{\xf2\x17F\x0a\xda\xca2\xd7i\x0e!\x85E,A\
\x84\x00\x19uTP\x85\x85\x04\xad\x1a)&2\xb4\x9f\
\xf4\xf0\x0f:~\x91\x5c2\xb9*`\xe4X@\x0d*\
$\xc7\x0f\xfe\x07\xbf\xbb5\x8b\x93\x13nR$\x09\xf4\
\xbe\xd8\xf6\xc7\x08\x10\xdc\x05Z\x0d\xdb\xfe>\xb6\xed\xd6\
\x09\x10x\x06\xae\xb4\x8e\xbf\xd6\x04f>Iot\xb4\
\xf8\x11\x10\xdd\x06.\xae;\x9a\xbc\x07\x5c\xee\x00\x03O\
\xbadH\x8e\x14\xa0\xe9/\x16\x81\xf73\xfa\xa6<\xd0\
\x7f\x0b\x84\xd7\xdc\xde\xda\xfb8}\x00\xb2\xd4U\xfa\x06\
88\x04FK\x94\xbd\xee\xf1\xeePwo\xff\x9ei\
\xf7\xf7\x03fdr\xa2MO9\x8f\x00\x00\x00\x06b\
KGD\x00\xff\x00\xff\x00\xff\xa0\xbd\xa7\x93\x00\x00\x00\
\x09pHYs\x00\x00\x0b\x13\x00\x00\x0b\x13\x01\x00\x9a\
\x9c\x18\x00\x00\x00\x07tIME\x07\xe3\x0a\x08\x0f'\
&\xd0\x94\x83g\x00\x00\x09\xd4IDATx\xda\xed\
\x9d\x7f\x94UU\x15\xc7?\xc3`\xa2\x0c\x8cH\x82\x88\
\xa3\xa4\xcb\x08\x82b\x11\x90\x0ae\x8a\xa6\x92\xb1\xcc(\
$\x97\x0bJ]\xda\xaaeXf\x99\xc6\xa22\x0cI\
\x09-+]\x84\x95\xfdT1\xb5UK3\x02TT\
P\x9c\x22\xc4\xb4!g\x02\xfcE\xc20\xfc\x18``\
\xf7\xc7\xdeo\xbd\xf3.of\xde\x9by3\xf3\xee\xbd\
\xfb\xbb\xd6[s\xce\xbd\xe7\xce\xbd\xf7\xed\xef;{\x9f\
s\xf6\xde\xa7BDp\xa4\x17\xbd\xfc+p\x028\x9c\
\x00\x0e'\x80\xc3\x09\xe0p\x028R\x86\xdee\xfcl\
\x03\x81\x11e\xfe\x8c\xe5\x86\xfd\xc0\x8b\xc0\xb68\x13\xe0\
h`\x110\x03\xa8t\x99\x16\x8d\x16\xe0^\xe0\x1a`\
{{\x8d+\xcal\x22\xa8/\xf0\x0c0\xca\xe5\xd8i\
\xd4\x02\x13\x81\xddq\xb2\x01\xbe\xe1\xc2/\x19\xc6\x00_\
\x8d[\x0f\xf0*p\xa2\x95\x05\xf8)\xb0\xd9eY0\
N\x00\xae\x08\xea\xaf\x00\xef\x8e\x0b\x01z\x01\x07\x82\xfa\
*\xeb\xc2\x1c\xc5a\x0d0.0\x0a\xdf\x11\x17\x15\x10\
}\x96=.\xcb\x0eaW1\xf2\xf5y\x80\x94\xc3\x09\
\xe0\x04p\xa4\x19\xe5<\xcbv\x140\xab\x87\xee\xbd\x13\
\xb8\xdf\x09\xd0\xb38\x0eX\xd2C\xf7\xaeO\x0b\x01\x5c\
\x05\xb8\x0a(\x1a\xd3\x80\xcbm\x82\xa13\x04\x9a\x04l\
*\xa0\xdde\xc0\xb2\x08i\xab\x81\xf3\x80\xb96\xce]\
\x09\xcc\x8c\x5c\xd7\x17\x18\x0b\xdcHv2\xa4\x09x_\
+\xf79\x1ex\xc2\x09\xd0voq\x0fpi7\xdf\
\xfbMt\x86\xf0x\xb3\x0b\xf6\xa0\xf3\xdc/\xa0\x8b\x1d\
w\xda\xb1WM\xe8\xefB\x17D\xea\x81\xf5\xc0\xc3\xc0\
\xb3\xc0p\xe0\xa0\xb5\x83C\xa7\x9c\x8f\xf4Q@\xdb\xb8\
\xba\x84\xc2\xef\x08\xbe\x0f\xac\x03\xfe\x0d\xdcg\xc7~n\
B\xcd`\xbc\xb5\xd9\x00l\x05>\x034\x02\xd7\xe6!\
\xdf\xba\xc8\xe7QW\x01m#\xfa%n%w\xd6\xa9\
X\xb4t\xe2\xda\xf1\xf6w7:\xdd\x99\x0f\x87\x03\xb7\
\x00\xbf6\xe16\xbb\xc6\xef8\x01\x86\x00C\x83\xfa*\
\xe0\xc3\xe4\xce\xddw5\xd6Z\x17\xbf\x1dXl\xc7\xde\
o\x82n\x0dC\x81*\x1b\xd65\x00\x83\x03\xf2\x9d\x16\
i\xbb\x04x\x8f\x13\xa0\xf5_S\x88W\xbaY\xf8\xd8\
\xaf\xf9\x96\xa0>\x10]-,\xf4\x1d\xf7F\x8e\xbf\x14\
\xa97{\x0fP\xde\xf8,\xf0\x01\xb3\xfa\x8f\x05\xce\x00\
\xfa\xb7sM3\xb0\xc3\xca\x83\x22\xef\xbd\x0dG\xac\x08\
p.0\xbd\xc8k\x1e1#q\xa4u\xff\x8d.\xf2\
\xf8\x12\xa0\x104\x00\xf3M=5\xa0\xbeq\x00s\x5c\
\xd4\xe9 \xc0F\xe0\xebA}\x80\x11b\xba\x8b:\xbe\
\x04\x98oB\x1d\xdeF\x9b\x0f\x02OF\x8eU\xdb5\
\x87\x05\xc7\xaa\xf2\xb4s\x02\x949F\x16\xd0\xe6(\x0a\
s\x1f\xab\xc4\xdd\xccbC\x80\xed\xc0c=t\xef\xad\
N\x80\x9e\xc7\x16z\xce\x1f 5\xf0\xe5`W\x01\x8e\
V\xd0\x0f]\xff8\x07]}<\x11\xf8\x1bp+\x1a\
\xb3\xe0\x04Hx\xcf\xf8Wt\xd1i/0\x05\xa8\x01\
V\xdbHb\xae\xab\x80dc\x02\xd9\x15\xc7\x0df\x90\
\xae\x03\xbegC\xd2\xc1N\x80dc\x5cP\xae\x0b\xca\
\xb7\xa1\xce'S\x9c\x00\xc9\xc6\xb0\xa0\xfcFPn\x02\
~\xeb=@\xf21 (\xef\x88\x9c[A\x01q\xf7\
n\x04\xc6\x1bab\x8a\xa8\xdf\xc3\x7fl\x84\xe0\x04H\
0B\xe7\x91htm\x13\xea\x97\xe8\x04H0B\xbf\
\x81\xa8\xd3\xc9F\x12\xe4=\xe46@~\x84\x86\xdf\xa0\
\xc8\xb9w&\xe9E\x9d\x00\xf9\xf1\xdf\xa0\x5c\xd3\xc6\x10\
\xd1\x09\x90P\x84:\xfe\xe4\xc8\xb91N\x80\xe4\xe3e\
\xb2\xf3\xfd\x03\x025P\x9d\x87\x10N\x80\x04b'\xd9\
\x102\xc8\xc6\x13\x9e\x91g^\xc0\x09\x90P\xd4\xe6\xd1\
\xfbg\x02\xffs\x02\xa4\x03\xcf\x05\xe5L\x14\xd1Y\xc0\
[N\x80t`uP\x9e\x84\x06\xa3\x8c\x8e\x0c\x11\x9d\
\x00\x09\xc6\xb3d#\x8f\x8f\x06n\x00*\x80\xd7\x9c\x00\
\xe9@\x13\xea\x03\x90\xc1\xe7\xedo\xbd\x13 =\x083\
\x86T\xa2\xbe\x00\x9b\x9c\x00\xe9\xc1\x8aH}\x0d\xb9\x09\
)\x9c\x00\x09\xc7rr\x1d@\x9fO\xda\x0b:\x01\xda\
\xc6V\xe0\x1fA\xfdl'@\xfa\xd0\x10\x94G\x03\xa7\
:\x01\xd2\x83Ah:\xba\x10_r\x02\xa4\x07\x97\x93\
\x1b]\x0c\xf0)\xe0$'@\xf2\xd1;\x18\xfb7\x06\
\xc6`%:)\xe4\x04H8\xa6\xa1\xc9)\x01\xee\x02\
\x96\x06\xe7fRX\xd8\xba\x13 \xc6\xf8JP^\x8c\
nh\xb5?\xe8\x05~\xe0\x04H.\xce\x22\xbb\x04\xbc\
\x12\xf8\x17\xea$r{\xd0\xe6\x1c\xe0b'@2q\
}P\xfeqP\x9e\x1b\x19\x16\xde\xce\xa1N\xa3N\x80\
\x98c<\xd9\x09\x9f\xd7\x81\x07\x82s;md\x901\
\x08\x8fA3\x8cV8\x01\x92\x830\xa5\xdcO84\
\x17\xf1_\x22\xfa\x7f\x0a\xb9\x99\xc9\x9c\x001\xc6X\xe0\
\x02+\xefAS\xd1\xe7\xc3\xd7\x80\xa7\x83\xfaM\xc0T\
'@\xfc17(/\xa1u\xf7\xaf\xfd\xc0E\x81=\
\xd0\x0b\xf8\x0dp\xba\x13 \xbe\x18\x07|\xdc\xca-\xc0\
\x82v\xda\xbfn\xdd\x7f&\xe7\xf0\x91\xc0\x9f\xd0\xe4\x12\
N\x80\x18\xe2\xdbA\xf9^r\xdd\xc2[\xc3z4\x87\
q&\x96\xb0\x1ax\x1c\xf8\xa8\x13 ^8\x158?\
\xf8\xf5\x7f\xb7\x88k\xd7\x90\xeb-\xdc\xcfz\x829\xe4\
\x86\x99;\x01\xca\x18\xdf\x09\xca\xbf\xa0\xf8\xf0\xef\xb5\xa8\
\xebxf\x0f\x82J\xe0[f(\x8e)R\x1e\x87u\
\xe7\xb0\xd2\xc3\xc3\xe1#\xc1\xb8\x7foD\x15\x14\x83:\
4g\xf1\x123\x103s\x0a\xcf\xa1\x1b[,ES\
\xcf\x0cC\xd7\x18\x86\xa0\x93H\x03MuTEz\x8c\
\xbdh&\x92-F\xc8\xe7\xd1\xadojK\xfa\xf6\x22\
R\xc8g\x98\xe4\xe2\x9e\x02\xaf+\xe6\xd3;r\x8f\xc7\
\xbb\xe0\x1e\xf9>O\x05\xf7\xbc\xad\x93\xff\xab\xaf\x88L\
\x14\x91\xa7\xa5\xeb\xb0JD\x86\xb7\xf1\x0c\xcb\x83\xb6-\
\xed=s\xda{\x80\x0b\x82\xa1[c\x91\xba\xbf\x02]\
\x11<\xcd>\x13\x80\x11\x05\xea\xfdFt\x81\xa9\xdel\
\x87mh\xcc\xe1.\x1bbV\x98*\xe8\x87\x06\xa4\x9c\
b\xbd\xcb\xd9v\xaf\xc7\xd0L\xe8\xcd\xae\x02:g\xff\
\xdc\x1c\xd4o\xa6\xfd\xb8\xbfQ\xc0d3\xfa&\xa1\x01\
#Q\xbc\x89\xc6\x13\xac7\x9b\xa0\x11\xb8\x0e\xdd\xe0\x8a\
`\xb4p1\xf0C\x1bq\xbc]\xe03W\xa1[\xe7\
\xccA\xe3\x14\xff\xec*\xa0\xe3\x9f\x99\xc1\xbd\xeaE\xa4\
O\x9e6U\x22r\x91\x88\xfcLD6\xe7\xe9\x8e7\
\x8b\xc8\x83\x22r\x83\x88\x9c/\x22\xc7\xb6r\xaf^\x22\
2]D\xd6\xe7\xf9\x1f\xbb\xed\xfb\x9cT\xc4\xb3\x0f\x13\
\x913K\xa1\x02\xd2J\x80#D\xa4!\xb8\xd7%\xc1\
\xb9j#\xc7\x1fE\xa49hs@DjE\xe4\x0e\
\x13fM\x07\xee[!\x22SEdY+\xfa\xbdN\
D\xe6\x89\xc8\x04k\xdb\xda\xff\xe9c\xef\xe06@\x07\
q\x0d\xd9\xd4/k\x80\xdf\x9b=0\xcb\xfef\xb6\xc9\
\xfb'\x9a3x\x19\xea\x17\xd0\xd9\xfc\x80\x82ne\xfb\
\xb0\xd9\x0b\x97\xa1\xbb\x9b\x0e\xb1\xf3'\xa1K\xd1\xd7\x9b\
m\xb0\x02x\xc6TJ\x83\xe9\xfc\x1a\xe0JJ\xb4\x8b\
k\x1a\x090\x98\xdc\xd5\xbb\xb7\xd1\xdc\x7fCM\xc0\x0f\
\x99n}\x94\xae\x0d\x04\xdd\x80f#\xbf\x0e\xdd\x84\xf3\
B\x9bZ>\xc5\xce\x1f\x83\xba\xa5M\xcbs\xed|J\
\x94\xb1<\x8d\x04\x98Gn\xa2\xc7\xe1\xe8^\xc4\x0f\xa1\
\xfb\x09\xb5t\xf3\xf3\x1cD#\x90\x96\x03\xb3m\x8e`\
\x22\xbaG\xe2H4M}&s\xe9\x164Um\xc9\
\xdc\xd1\xd2F\x80\xb1\xe4\xeeB2\x0b\xdd\x80\xba\x9c\xb0\
\x09\xf8\x9d}|*\xb8D\xa8\xb1\xb1\xf5\x8f\x82w^\
V\x86\xc2\xf7\xb5\x80\x12c\x22\xba\xc3\xc7N\xe0sd\
\xc3\xbaZHX\x84\x8f\xab\x80\x5c\x9c\x00,\xb4\x09\x97\
\x0b\x81#\xccp\xca`\x91Y\xf8x\x0f\x90\xbc\xf7\x99\
\x0d\xbch\xbf\xfa)\xf6w!\xba\xe8\x92\xd1\xb1s]\
\xf4\xc9#@\x8d\xe9\xf5\x85\xe8\xce\x1e3\x81}F\x82\
K\x82v_0R8\x12\xa4\x02\xce\x05~e\xbf\xf2\
kM\xef\x83\xee(zw\xd0\xee>t\x12\xc6\x91\xa0\
\x1e\xe0\x8b\xa8\x07\xce@t\x82\xe7\xd6\xe0\xdc\x9d\xc0q\
V~\xcb~\xfd\x8e\x04\x11\xe0\x9b\xc0\x1d\xf6\x1e\x0b\x22\
\x86\xde\xa5\xc0\x8c\xa0~\x15\x09K\xf2\x98v\x02|\x99\
\xac\xf7\xce\x83\xa8\xaf~\x06#\xc9\x0d\xe9\xba\x9b\xdc\xe8\
^G\xcc\x09p\x1eY\xb7\xed\x97\xcd\xe0\x93@\xef/\
\x05\xfaZ\xfd\xef>\xe6O\x16\x01\xfa\xa3~w\xbd\xd0\
\x09\x9d\x19hRG\xd0\xfd}\xeeG\xe7\xf7A\x17z\
>\x89F\xf98\x12B\x80\xd9\xa8\x9b\x14f\xf0\xad\xb5\
r\xa5\x8d\x04&[}\x1f\xea\x9cY\xe7bN\x16\x01\
2\x86\xdd6\xb2>|}l\x88\x97Y:=\x80\xae\
\xb3\xafp\x11'\x8f\x00\x99_\xff/\xad\xeb\x1f\x01<\
\x05|\xc2\x8e7\x1b\x11\x1ep\xf1&\x93\x00\x0bL\xf7\
\xf7A=kk\xd1e\xde\x8cAx:\xf0\x07\x17m\
r\x090\xcf\x8c<\x01>f\xc7^0K\x7f\xb4\x95\
\x1d\x05\x22\xaeS\xc1\x1b\xd1\x89\x9d\xab\x5c\x84\xe9\x9c\x07\
p8\x01\x1c\x05@\xe2D\x80\x16r'lF\xa1\x8e\
\x1d\x8e\xc21\x0cxoPow\xd9\xbb\xdcl\x80\x95\
\xe8\xd2.\xa8\xfbv\xbd\xcb\xb4Sx\x22n*\xe0&\
\x12\xb6#G\x0f\xe2\x80}\x9f\xb1\x22\xc0\x93h\x1e\xbe\
}.\xbfNa/\xea\xf2\xbe:\x8e\xc3\xc0%\xa6\x0a\
\xaeD#j\x0fwy\x16\x8cftb\xec.\x1b*\
\xc7v\x1e\xa0\x0e\x0d\x99r\xf80\xd0\xe1\x04p8\x01\
\x1c]\x03\xcf\x12\xd6}\xe8\x0f|:\xa8\xbfd\xa3\x1e\
'@J0\x88\xdc\x18\x85\xc5\xe5@\x00W\x01n\x03\
\x14\x84\x03\x91\xfa\x00\xff\xea\x8aF\xf4;k)\x87\x87\
*T\x05\xbc\x86\xba_e2kL\x05\x1e\xa1\xfd\xb4\
j\x0eE\x05\x9a\xd6-\xc4\x86\xb2x0\x91\x82S\xcd\
,\x02\xaevY\x96\x04\xbb\x80\x93\x817\xe2d\x03\xdc\
H\xa9\xf3\xd4\xa6\x13\x07\x81+\xcaA\xf8\xc5\x12\xa0\x09\
\xf8\x10\x1a~\xbd\xdd\xe5X4\x04M\xf96\x19\xdd]\
\xa4<tS\x11* J\x9cA>\x8c,J\xf8;\
\xc8F0\x11w\x028R6\x0ct8\x01\x1cN\x00\
\x87\x13\xc0\xe1\x04p8\x01\x1cI\xc1\xff\x01B6\x9f\
\x14\xd4\x89\x17K\x00\x00\x00\x00IEND\xaeB`\
\x82\
\x00\x00\x1f\xd0\
\x89\
PNG\x0d\x0a\x1a\x0a\x00\x00\x00\x0dIHDR\x00\
\x00\x02\x00\x00\x00\x02\x00\x08\x06\x00\x00\x00\xf4x\xd4\xfa\
\x00\x00\x00\x09pHYs\x00\x00\x0e\xc3\x00\x00\x0e\xc3\
\x01\xc7o\xa8d\x00\x00\x00\x19tEXtSof\
tware\x00www.inksca\
pe.org\x9b\xee<\x1a\x00\x00\x1f]ID\
ATx\x9c\xed\xddi\xd8eUy\xe6\xf1gU\x15\
3\x88\xa5\xcc(\x88@ 2(\x1a\x88\xcc\x0a\xc1\x01\
\x11\x15Em\x8c\x1a\x8dF#v\x88\xadFb:\x22\
\xc66\xa2v0\x065\x1d\xc9\x856F4\x06\xc4\x08\
\x0a*\xa2\x11E1\x10pB\x94 \x08\x0a\x12,\x06\
\x99j\xfc\xe7\xc3\xaet;\x00Uo\xd5\xf3\xbe\xcf9\
{\xfd\x7f\xdfk]\xeb\xae\xb3\xf7\xda\xf7{\xce\xdek\
GH\x92$I\x92$I\x92$I\x92$I\x92$\
I\x92$I\x92$I\x92$I\x92$I\x92$I\
\x92$I\x92$I\x92$I\x92$I\x92$I\x92\
$I\x92$I\x92$I\x92$I\x92$I\x92$\
I\x92$I\x92$I\x92$I\x92$I\x92$I\
\x92$I\x92$I\x92$I\x92$I\x924c\xad\
z\x02\xb3\x09\xd8/\x22\x8e\x8a\x88]\x22b\x8b\x88\x98\
_;#I\xd2\x84[\x1e\x117G\xc4U\x11qf\
k\xed\xe2\xe2\xf9\xcc\x9aQ\x16\x00`\x9b\x888-\x22\
\x9eT=\x17I\xd2T;/\x22^\xdaZ\xbb\xb1z\
\x22\xd9FW\x00\x80\xed#\xe2\xa2\x88xX\xf5\x5c$\
I\xa3p}D\x1c\xd0Z\xfbQ\xf5D2\x8d\xaa\x00\
\x00\xf3\x22\xe2\x92\x88x\x5c\xf5\x5c$I\xa3rID\
\xec\xdbZ[Q=\x91,\xf3\xaa'\x90\xec\xf9\xe1\xc5\
_\x92\x94o\x9f\x88xn\xf5$2\x8d\xad\x00\x1cS\
=\x01I\xd2h\x8d\xea\x1a3\xb6\x02\xf0\xd8\xea\x09H\
\x92FkT\xd7\x98\xb1\xdd\x03\xb08\x22\xd6\xad\x9e\x87\
$i\x94\x96\xb4\xd6\xd6\xab\x9eD\x96\xb1}\x030\xb6\
<\x92\xa4\xc91\xaak\xcc\xa8\xc2H\x92\xa4\xd5c\x01\
\x90$\xa9C\x16\x00I\x92:d\x01\x90$\xa9C\x16\
\x00I\x92:\xb4\xa0z\x02\x13\xe2S\x11\xf1\xdd\xeaI\
H\x92\xe6\xc4\xa3\x22\xe2\xe9\xd5\x93P\x22`)kf\
T\xbb;I\x92\xee\x1fp\xcc\x1a^+\x96V\xcf=\
\x93?\x01H\x92\xd4!\x0b\x80$I\x1d\xb2\x00H\x92\
\xd4!\x0b\x80$I\x1d\xb2\x00H\x92\xd4!\x0b\x80$\
I\x1d\xb2\x00H\x92\xd4!\x0b\x80$I\x1d\xb2\x00H\
\x92\xd4!\x0b\x80$I\x1d\xb2\x00H\x92\xd4!\x0b\x80\
$I\x1d\xb2\x00H\x92\xd4!\x0b\x80$I\x1d\xb2\x00\
H\x92\xd4!\x0b\x80$I\x1d\xb2\x00H\x92\xd4!\x0b\
\x80$I\x1d\xb2\x00H\x92\xd4!\x0b\x80$I\x1d\xb2\
\x00H\x92\xd4!\x0b\x80$I\x1d\xb2\x00H\x92\xd4!\
\x0b\x80$I\x1d\xb2\x00H\x92\xd4!\x0b\x80$I\x1d\
\xb2\x00H\x92\xd4!\x0b\x80$I\x1d\xb2\x00H\x92\xd4\
!\x0b\x80$I\x1d\xb2\x00H\x92\xd4!\x0b\x80$I\
\x1d\xb2\x00H\x92\xd4!\x0b\x80$I\x1dj\xd5\x13\xc8\
\x04,\x8d\x88\x05k\xf2O\xb3\xe7\x22I\x9ahkr\
\xfd[\xd6Z['}&E\xd6\xe4b9F\xa3*\
B\x92$\xad\x8a?\x01H\x92\xd4!\x0b\x80$I\x1d\
\x1a[\x01\x18[\x1eI\xd2\xe4\x18\xd55fTa\xc2\
\xdf\xf2%I\xb3gT\xd7\x18\x0b\x80$I\xabgT\
\xd7\x98\xb1\x15\x00\x1f\xe7\x93$\xcd\x96Q]c\xc6V\
\x00\x96TO@\x924Z\xa3\xba\xc6\x8c\xad\x00|\xa7\
z\x02\x92\xa4\xd1\xfaf\xf5\x042\x8d\xad\x00\x9cP=\
\x01I\xd2h\xbd\xa5z\x02\x99FuCCD\x04\xf0\
\x95\x88\xd8\xafz\x1e\x92\xa4Q\xf9Jk\xed\x80\xeaI\
d\x1ac\x01X\x10\x11WE\xc4#\xab\xe7\x22I\x1a\
\x85k#b\x97\xd6\x9a\xf7\x00L\xb2\xd6\xda\xb2\x88\xd8\
=\x22\xae\xac\x9e\x8b$i\xea}?\x22v\x1b\xdb\xc5\
?b\x84\xdf\x00\xfc\x17\xe0!\x11qQD\xfcf\xd2\
\x90WD\xc4\xb7\x92\xc6\x92$\xcd\x8e=\x22\xe2\xd1I\
c]\x19\x11\x07\xb4\xd6\x16%\x8d\xa7\xb9\x02<\x0c\xf8\
\x119\xee\x01\x0e\xac\xce$I\xbao\xc0o\x03w%\
\xad\xf9?\x06\xb6\xaf\xce\xa4\xb5\x00\xec\x0e,J: \
n\x03\xf6\xac\xce$I\xfae\xc0\xa3\x80\x9f%\xad\xf5\
\xb7\x03\x8f\xa9\xce\xa4\x04\xc0\xc1\xc0\xbdI\x07\xc6\x0d\xc0\
v\xd5\x99$I\x03`\x1b\xe0\xda\xa45~1pX\
u&%\x02\x9e\x07,O:@\xbe\x0d,\xac\xce$\
I\xbd\x03\x1e\x04\x5c\x9e\xb4\xb6\xaf\x00^X\x9dI\xb3\
\x00xU\xd2A\x02\xf0E`\xfd\xeaL\x92\xd4+`\
]\xe0s\x89\xeb\xfak\xaa3i\x16\x01\xefJ<X\
>\x06\x8c\xeeQJI\x9at@\x03NO\x5c\xcf\xdf\
Y\x9dI\xb3l\xe5A\xf3\xa1\xc4\x83\xe6}\xd5\x99$\
\xa97\xc0\xc9\x89\xeb\xf8\x19\xf8\xc7\x5c\x1f\x80u\x80\xf3\
\x13\x0f\x9e\xd7Ug\x92\xa4^\x00\xafO\x5c\xbf/\x04\
\xd6\xab\xce\xa49\x04l\x02\x5c\x96t\x00\xad\x00^\x5c\
\x9dI\x92\xc6\x0ex>y7t\x7f\x0bxpu&\
\x15\x00\xb6\x06~\x98t -\x01\x9eT\x9dI\x92\xc6\
\x0ax\x22y\x8ft_\x0f<\xbc:\x93\x0a\x01;\x01\
?M:\xa0\xee\x00\xf6\xaa\xce$Ic\x03\xec\x01\xdc\
\x9a\xb4V\xdf\x02\xecZ\x9dI\x13\x00\xd8\x07\xb83\xe9\
\xc0\xba\x19\xd8\xa9:\x93$\x8d\x05\xb0\x03\xf0\x93\xa45\
\xfan`\xff\xeaL\x9a \xc0\x11\xc0\xd2\xa4\x03\xec\x07\
\xc0\x16\xd5\x99$i\xda\x01\x0f\x05\xaeLZ\x9b\x97\x01\
GUg\xd2\x04\x02^\x9et\x90\x01|\x1d\xd8\xa8:\
\x93$M+`\x03\xe0\xa2\xc4u\xf9\xd5\xd5\x994\xc1\
\x80\xb7$\x1el\xe7\x00\x0b\xaa3I\xd2\xb4\x01\xe6\x03\
g%\xae\xc7'Vg\xd2\x84c\xd8(\xe8\xd4\xc4\x83\
\xee\x03\xd5\x99$i\xda\x00\xa7$\xae\xc3\xa7\x03\xad:\
\x93\xa6\x00C\xf3\xfcD\xe2\xc1\xf7\xa6\xeaL\x924-\
\x80\x13\x12\xd7\xdfs\xf1\x9bX\xcd\x04\xc3oO_M\
<\x08\x8f\xad\xce$I\x93\x0exY\xe2\xba\xfb\x0d`\
\xe3\xeaL\x9aB\xc0f\xc0\xf7\x92\x0e\xc4e\xc03\xab\
3I\xd2\xa4\x02\x9eF\xde\xd3XW\x03[Vg\xd2\
\x14cx\xfe\xf4\xc6\xa4\x03\xf2n`\xbf\xeaL\x924\
i\x80\xbd\xc9\xdd\x8fe\xe7\xeaL\x1a\x01\xe0q\xc0\xcf\
\x93\x0e\xcc[\x80]\xaa3I\xd2\xa4\x00v$oG\
\xd6\xbb\x80\xc7Wg\xd2\x88\x00\x87\x00\x8b\x93\x0e\xd0k\
\x80\xad\xaa3IR5`s\xe0\xfbIk\xeb\x12\xe0\
)\xd5\x994B\xc01\x0co\xfe\xcb\xf0M`\xd3\xea\
L\x92T\x85\xe1\xad\xac\x97&\xad\xa9+\x80\xdf\xab\xce\
\xa4\x11\x03\xfe4\xe9`\x05\xf8\x02\xbe\x87ZR\x87\x80\
u\x80\xf3\x12\xd7\xd3\xe3\xab3\xa9\x03\xc0\xbb\x13\x0f\xda\
\x8f\xe0\x06\x15\x92:\xc2\xb0\xe1\xda\x07\x13\xd7\xd1\xf7W\
gR'\x80y\xc0\xc7\x13\x0f\xde\xb7Wg\x92\xa4\xb9\
\x02\x9c\x94\xb8~~\x12\x98_\x9dI\x1d\x01\xd6\x05>\
\x9fx\x10\xffqu&I\x9am\xc0\x1f&\xae\x9b\xff\
\x02\xac_\x9dI\x1d\x026\x05\xaeH:\x90\x97\x03G\
Wg\x92\xa4\xd9\x02\x1c\xc9\xb0)Z\x86\xef\x00\x0f\xa9\
\xce\xa4\x8e\x01\xdb\x02\xd7%\x1d\xd0\x8b\x81C\xab3I\
R6\xe0 \xe0\x9e\xa4\xb5\xf2\xc7\xc0\xf6\xd5\x99\xa4\x00\
v\x03\x16%\x1d\xd8\xb7\x03\x8f\xae\xce$IY\x5c#\
5j\xe4\xb7\xdb\xed\xaa3I\xd2\xda\x22\xff[\xd2\xdf\
\xa9\xce$\xfd\x1a\xe0\x19\xe4\xfe\xbe\xb5\xb0:\x93$\xad\
)\x86\xfb\xa4.OZ\x13\xbdOJ\x93\x8d\xdc;\x5c\
\xbf\x84w\xb8J\x9aB\xf8\xa4\x94z\x04\xbc#\xf1\xa0\
\xf7\x19WIS\x85\xfc\xbdRN\xaa\xce$\xad\x16\xdc\
\xe5JR\xc7\xc8\xdf-u^u&i\xb5\x91\xbf\xcf\
\xf5\x1b\xaa3I\xd2\xaa\x00\xc7'\xae{\xbe/E\xd3\
\x09\xdft%\xa9#\xe4\xbf1\xf5\xc1\xd5\x99\xa45F\
\xfe\xbb\xae\x9f\x5c\x9dI\x92~\x15p\x08\xc3cz\x19\
\xae\x01\xb6\xaa\xce$\xad5`G\xe0\xa7I'\xc6\x1d\
\xc0c\xab3I\xd2\x7f\x01\xf6\x04nKZ\xe3n\x01\
v\xa9\xce$\xa5\x01\xf6\x06\xeeL:An\x06v\xae\
\xce$I\xc0\x0e\xc0\x8dIk\xdb\xdd\xc0~\xd5\x99\xa4\
t\xc0\xd3\x80\xa5I'\xca\xd5\xc0\x96\xd5\x99$\xf5\x0b\
\xd8\x0c\xf8^\xd2\x9a\xb6\x0cxVu&i\xd6\x00/\
K:Y\x00.\x016\xae\xce$\xa9?\xc0\x06\xc0W\
\x12\xd7\xb3c\xab3I\xb3\x0exs\xe2Is.\xb0\
\xa0:\x93\xa4~\x00\xf3\x81O$\xaec'Tg\x92\
\xe6\x0cpJ\xe2\xc9s:\xd0\xaa3I\x1a?\x86\x8d\
\xceNM\x5c\xbf>P\x9dI\x9aS\x0c\x0d\xfa\xac\xc4\
\x93\xe8\xc4\xeaL\x92\xc6\x0fxK\xe2\xbau\x0e~\x83\
\xa9\x1e\x91\xff\x1b\xda\xab\xab3I\x1a/\xe0\xe5\x89\xeb\
\xd5%\xc0F\xd5\x99\xa42\xc0C\x81+\x93N\xa8e\
\xc0Q\xd5\x99$\x8d\x0fp\x04yO1\xfd\x00\xd8\xa2\
:\x93T\x8e\xfc\xe7h\xf7\xaf\xce$i<\x80}\xc8\
\xdd\xc7d\xa7\xeaL\xd2\xc4\x00\xf6\x00nM:\xc1n\
\x01v\xad\xce$i\xfa\x01;\xe1N\xa6\xd2\xec\x02\x9e\
\x08\xdc\x9bt\xa2]\x0f<\xac:\x93\xa4\xe9\x05l\x0d\
\xfc0iM\xf2]&\xd2\x03\x01\x9e\x0f,O:\xe1\
|\x9b\x96\xa45\xc2\xf06\xd3\xcb\x92\xd6\xa2\x15\xc0\x8b\
\xab3I\x13\x0f\xf8\x93\xa4\x93\x0e\xe0B|\x9f\xb6\xa4\
\x19\x00\xd6\x01\xceO\x5c\x87^_\x9dI\x9a\x1a\xc0\xc9\
\x89'\xdf\x19\xc0\xbc\xeaL\x92&\x1f\xc3F?\x1fJ\
\x5c\x7f\xdeW\x9dI\x9a*\xc0<\xe0\x1f\x13O\xc2w\
Vg\x924\xf9\x80w%\xae;g\x03\xf3\xab3I\
S\x07X\x17\xf8\x5c\xe2\xc9\xf8\x9a\xeaL\x92&\x17\xf0\
\xaa\xc4\xf5\xe6K\xc0\xfa\xd5\x99\xa4\xa9\x05<\x08\xb8<\
\xe9\x84\x5c\x01\xbc\xb0:\x93\xa4\xc9\x03<\x97\xbc\x1b\x90\
\xbf\x0d,\xac\xce$M=`\x1b\xe0\xda\xa4\x13s1\
pXu&I\x93\x038\x98\xbcG\x90o\x00\xb6\xab\
\xce$\x8d\x06\xf0(\xe0gI'\xe8\xed\xc0c\xaa3\
I\xaa\x07\xec\x0e,JZ[n\x03\xf6\xac\xce$\x8d\
\x0e\xf0x\xe0\xae\xa4\x13\xf5\xc7\xc0\xf6\xd5\x99$\xd5\x01\
\xb6\x05~\x94\xb4\xa6\xdc\x03\x1cX\x9dI\x1a-\xe0H\
\x86\x97\xfed\xf8\x0e\xf0\x90\xeaL\x92\xe6\x1e\xb0)p\
E\xd2Z\xb2\x1cxNu&i\xf4\x80W&\x9d\xb4\
\x00_\x036\xac\xce$i\xee0\xbc\x8a\xfc\xcb\x89\xeb\
\xc8q\xd5\x99\xa4n\x00\x7f\x99x\xf2\xfe3>\xab+\
u\x81a\x8f\x91\x7fJ\x5c?\xdeV\x9dI\xea\x0a\xc3\
n]\xa7%\x9e\xc4\x7f[\x9dI\xd2\xec\x03\xfe:q\
\xdd\xf8\x07\xa0Ug\x92\xba\xc3\xb0_\xf7g\x12O\xe6\
7Vg\x924{\x80?K\x5c/.\x00\xd6\xad\xce\
$u\x0b\xd8\x10\xb88\xe9\x84^\x01\xbc\xa4:\x93\xa4\
|\xc0\x0bV\x9e\xe3\x19\xfe\x15\xd8\xb8:\x93\xd4=`\
s\xe0\xfbI'\xf6\x12\xe0\xa9\xd5\x99$\xe5\x01\x0ee\
\xd8\x04,\xc35\xc0V\xd5\x99$\xad\x04\xec\x08\xdc\x94\
t\x82\xdf\x05\xec[\x9dI\xd2\xda\x03~\x0b\xf8y\xd2\
\xda\xf0\x1f\xc0.\xd5\x99$\xfd\x8aY8\xd1\x7f\xa3:\
\x93\xa45\x07<\x12\xff0\x90\xfa\x00\x1c\x0e,M:\
\xe1\xff\x1d\xd8\xb2:\x93\xa4\x99\x036\x03\xaeJZ\x0b\
\x96\x01\xcf\xa8\xce$i\x15\x80\xdf%\xeff\x9fo\xe0\
\xcd>\xd2Ta\xb89\xf8\xabIk\xc0\x0a\xe0\xf7\xab\
3IZM\xc0\x9f'\x9d\xfc\x00\x9f\x06\x16Tg\x92\
\xb4j\xc0|\xe0\xec\xc4\xf3\xff\x7fVg\x924C\xc0\
\xdf$.\x02\x1f\xc6\x0d?\xa4\x89\xc6\xb0A\xd8\xdf'\
\x9e\xf7\x7fW\x9dI\xd2\x1a`\xf8K\xe0\xcc\xc4\xc5\xe0\
\xad\xd5\x99$\xdd?\xe0\x7f%\x9e\xef\x9f\xc2o\xfe\xa4\
\xe9E\xfeK?\xfe{u&I\xbf\x0e\xf8\x83\xc4\xf3\
\xfc\xeb\xc0F\xd5\x99$\xad%\xe0\xa1\xc0\x95I\x0b\xc3\
r\xe0\xd9\xd5\x99$\xfd\x7f\xc0\xd3\xc9{\xfa\xe7\x07\xc0\
\xe6\xd5\x99$%\x01\x1e\x06\xfc(i\x81\xb8\x078\xa0\
:\x93\xa4\x08\xe0\xb7\x19\x9e\xd1\xcf\xf0\x13\xe0\x11\xd5\x99\
$%\x03v\x07nMZ(n\x03\xf6\xa8\xce$\xf5\
\x0c\xf8M\xe0gI\xe7\xf4\xed\xc0^\xd5\x99$\xcd\x12\
\xe0\x09\xc0\xbdI\x0b\xc6\xf5\xc0\xc3\xab3I=\x02\xb6\
\x01\xaeM:\x97\x97\x00\x87Ug\x924\xcb\x80\xe73\
\xfc\x96\x9f\xe1[\xc0\xc2\xeaLRO\x80\x07\x01\xff\x96\
t\x0e\xaf\x00^T\x9dI\xd2\x1c\x01^\x9b\xb4x\x00\
|\x11X\xaf:\x93\xd4\x03`]\xe0\xb3\x89\xe7\xef\xff\
\xa8\xce$i\x8e\x01\x7f\x95\xb8\x88|\x14\x98W\x9dI\
\x1a3\x86\x8d~\xfeo\xe2y\xfb\xde\xeaL\x92\x0a\xb8\
\x98H\xd3\x05K\xbb\xa4,\xe4\x7f\x9d\xf8\xda\xeaL\xd2\
\x18\x01\xafK<O/\xc4\x9f\xed$\xe1\x0dE\xd2D\
#\xff\xc6\xdd\x07Wg\x924!\xc8\x7f\xa4\xe8I\xd5\
\x99\xa41\xc0Gw%\xcd6r7\x15\xb9\x037\x15\
\x91\xd6\x0an\xde%i\xae\xe0\xb6\xa2\xd2D\xc0\xed\xbb\
%\xcd5\xf2_,\xb2Eu&i\x9a\xe0\x0b\xbc$\
U\xc1W\x8bJ%\x18^\xe1}Q\xe2\xf9\xe7+\xbc\
%\xcd\x0c\xf0\xd6\xc4E\xe8S\xc0\x82\xeaL\xd2$\x03\
\xe6\x03g&\x9ew\x7fQ\x9dI\xd2\x14b\xd8(\xe8\
\xef\x13\x17\xa3\xbf\xab\xce$M2\xe0o\x12\xcf\xb7\x0f\
\x03\xad:\x93\xa4)\xc5\xf0\x17\xc9\xd9\x89\x8b\xd2\x9fW\
g\x92&\x11\xf0\xa6\xc4\xf3\xec\xd3\xf8\x8d\x9b\xa4\xb5\x05\
l\x08|5iaZ\x01\xfc~u&i\x92\x00\xbf\
\xbb\xf2\xdc\xc8\xf0\x0d`\xe3\xeaL\x92F\x02\xd8\x0c\xb8\
*i\x81Z\x06<\xb3:\x934\x09\x80\xc3\xc9{\xea\
\xe6\xdf\x81-\xab3I\x1a\x19\xe0\x91\xc0MI\x0b\xd5\
\xdd\xc0\xbe\xd5\x99\xa4J\xc0o\x01?O:\xa7\xfe\x03\
\xf8\x8d\xeaL\x92F\x0ax\x5c\xf2\x82\xb5Ku&\xa9\
\x02\xb0#y\x85\xfa.\xe0\xf1\xd5\x99$\x8d\x1cp(\
\xb08i\xe1\xba\x06\xd8\xaa:\x934\x97\x80\xcd\x81\xef\
'\x9dCK\x80\xa7Vg\x92\xd4\x09\xe0\x05\xe4\xdd\xb4\
\xf4\xafx\xd3\x92:\xc1pS\xed\xc5I\xe7\xce\x0a\xe0\
%\xd5\x99$u\x06\xf8\xb3\xa4E\x0c\xe0\x02`\xdd\xea\
L\xd2l\x02\xd6\x01>\x93x\xde\xbc\xb1:\x93\xa4N\
\x01\x7f\x9d\xb8\x98\xfd\x03n\x5c\xa2\x91b\xd8X\xeb\xb4\
\xc4\xf3\xe5o\xab3I\xea\x180\x0f\xf8\xa7\xc4E\xed\
m\xd5\x99\xa4\xd9\x00\xfce\xe2y\xf2\xcf\xc0\xfc\xeaL\
\x92:\x07\xac\x0f|9qq;\xae:\x93\x94\x09x\
e\xe2\xf9\xf15`\xc3\xeaL\x92\x14\x11\x11\xc0\xa6\xc0\
\x15I\x0b\xdcr\xe09\xd5\x99\xa4\x0c\xc0\x91\x0c\x9b_\
e\xf8\x0e\xf0\x90\xeaL\x92\xf4K\x80m\x81\x1f%-\
t\x8b\x81C\xab3Ik\x038\x10\xb8'\xe9\x9c\xf8\
1\xb0}u&I\xbaO\xc0n\xc0\xa2\xa4\x05\xef6\
`\xcf\xeaL\xd2\x9a\x00\x1e\x05\xfc,\xe9\x5c\xb8\x1dx\
Lu&Iz@\xc0\xc1\xc0\xbdI\x0b\xdf\x0d\xc0v\
\xd5\x99\xa4\x99\x00\xb6\x01\xaeM:\x07\x16\x03\x87Ug\
\x92\xa4\xd5\x02<\x97\xe1\xb7\xfc\x0c\xdf\x06\x16Vg\x92\
V\x07\xf0 \xe0\xf2\xa4c\x7f\x05\xf0\xc2\xeaL\x924\
#\xc0\xab\x92\x16A\x80/\x01\xebWg\x92\x1e\x08\xb0\
.\xf0\xb9\xc4\xe3\xfe5\xd5\x99$i\x8d\x00\xefJ\x5c\
\x0c\xcf\xc6g\x9f5\xa1\x18\xf6\xc4\xf8\xc7\xc4\xe3\xfd\x9d\
\xd5\x99$i\x8d1\xec~\xf6\xa1\xc4E\xf1}\xd5\x99\
\xa4\xfb\x02\x9c\x9cx\x9c\x9f\x01\xcc\xab\xce$Ik\x85\
a\xff\xf3\xf3\x13\x17\xc7\xd7Wg\x92~\x11\xf0'\x89\
\xc7\xf7\x85\xc0z\xd5\x99$)\x05\xb0\x09pY\xd2\x02\
\xb9\x02xqu&)\x22\x02\xf8o\xe4\xdd\xf0\xfaM\
\xe0\xc1\xd5\x99$)\x15\xb05\xf0\xc3\xa4\x85r\x09\xf0\
\xe4\xeaL\xea\x1b\xf0D\xf2\x1ey\xbd\x1exXu&\
I\x9a\x15\xc0N\xc0O\x93\x16\xcc;\x80\xc7VgR\
\x9f\x80=\x80[\x93\x8e\xe5[\x80]\xab3I\xd2\xac\
\x02\xf6\x01\xeeLZ8o\x06v\xae\xce\xa4\xbe\x00;\
\x007&\x1d\xc3w\x03\xfbWg\x92\xa49\x01\x1c\x01\
,MZ@\xaf\x06\xb6\xa8\xce\xa4>\x00\x0f\x05\xbe\x97\
t\xec.\x03\x8e\xaa\xce$Is\x0axy\xd2\x22\x0a\
p\x09\xb0Qu&\x8d\x1b\xb0\x01\xf0\x95\xc4\xe3\xf6\xd5\
\xd5\x99$\xa9\x04\xf0\x96\xc4\xc5\xf4\x1c`Au&\x8d\
\x130\x1f8+\xf1x=\xb1:\x93$\x95a\xd8(\
\xe8\xd4\xc4E\xf5\x03\xd5\x994N\xc0)\x89\xc7\xe9\xe9\
@\xab\xce$I\xa5\x18\xfe\xb2\xfaD\xe2\xe2zBu\
&\x8d\x0b\xf0\xe6\xc4\xe3\xf3\x5c\xfc\xa6J\x92\x06\xe4\xff\
\xb6zlu&\x8d\x03\xf0\xb2\xc4\xe3\xf2\x12`\xe3\xea\
L\x924Q\x80\xcd\xc8\xbd\xbb\xfaY\xd5\x994\xdd\x80\
\xa7\x91\xfb\xb4\xca\x96\xd5\x99$i\x22\x91\xff|\xf5~\
\xd5\x994\x9d\x80\xbdq\xbf\x0aI\x9a;\xc0\x9e\xc0m\
I\x0b\xaf;\xaci\xc6p\xc7JI\xaa\x01\x1cB\xde\
\x1e\xeb\xd7\x00[Ug\xd2t\x006\x07~\x90t\xec\
\xf9\xce\x0aI\x9a)\x86\xb7\xac\xadHZ\x88}\xcb\x9a\
V\x89\xe1\xad\x95\x97&\x1ds+\x80\xdf\xab\xce$I\
S\x098>i1\x06\xf8\x02\xbeg]\xf7\x03X\x07\
8/\xf1x{Cu&I\x9aj\xc0\xbb\x13\x17\xe5\
3\x80y\xd5\x994Y\x186\xa4\xfa`\xe2q\xf6\xfe\
\xeaL\x924\xf5\x80y\xc0\xc7\x13\x17\xe7\x93\xaa3i\
\xb2\x00\xefH<\xbe>\x09\xcc\xaf\xce$I\xa3\x00\xac\
\x0b|>q\x91\xfe\xe3\xeaL\x9a\x0c\xc0\x1f&\x1eW\
_\x02\xd6\xaf\xce$I\xa3\x02l\x0a\x5c\x9e\xb4P/\
\x07\x8e\xae\xce\xa4Z\xc03\x186\x8d\xca\xf0\x1d`a\
u&I\x1a%`[\xe0\xba\xa4\x05{1\xf0;\xd5\
\x99T\x038\x08\xb8'\xe9X\xfa1\xb0]u&I\
\x1a5`7`Q\xd2\xc2};\xf0\xe8\xeaL\x9a[\
\x1eC\x924\xa5\xc8\xff\xebm\xfb\xeaL\x9a\x1b\xe4\x7f\
\x8bthu&I\xea\x0ap$\xb9\xbf\xdf>\xa4:\
\x93f\x17\xc3}$W$\x1d3\xdeG\x22IU\xc8\
\xbd\x83\xfbb`\xc3\xeaL\x9a\x1d\xc0\xfa\xc0\xbf$\x1e\
/>I\x22I\x95\x80\x93\x12\x17u\x9f\xe1\x1e!\xf2\
\xf7\x92x{u&I\xea\x1e\xee\xe2\xa6U w7\
\xc9\x8f\x00\xad:\x93$)fe\x1f\xf7\xe3\xab3)\
\x07\xf0\xa7\x89\xc7\x85\xef\x93\x90\xa4I\x83or\xd3\xaf\
\x00\x8e!\xf7\x8d\x92\x9bVg\x92$\xdd\x07\x86w\xb9\
\x7f?i\xc1_\x02<\xa5:\x93\xd6\x0cp\x08\xc3c\
z\x19\xae\x01\xb6\xaa\xce$Iz\x00\xc0\x8e\xc0O\x93\
\x16\xfe\xbb\x80\xc7Wg\xd2\xcc\x00\x8f\x03~\x9et\x0c\
\xdc\x02\xecR\x9dI\x92\xb4\x1a\x80\xbd\x81;\x93.\x00\
7\x03;Wg\xd2\xea\x01v\x00nL\xfa\xec\xef\x06\
\xf6\xab\xce$I\x9a\x01\xe0i\xc0\xd2\xa4\x0b\xc1\xd5\xc0\
\x96\xd5\x99\xf4\xc0\x80\xcd\x80\xef%}\xe6\xcb\x80gV\
g\x92$\xad\x01\xe0eI\x17\x03\x80o\x00\x1bWg\
\xd2}\x036\x04\xbe\x9a\xf8y\x1f[\x9dI\x92\xb4\x16\
\x80\x13\x12/\x0a\xe7\x02\x0b\xaa3\xe9\x97\x01\xf3\x81\xb3\
\x13?\xe77Ug\x92$%\x00NI\xbc8\x9c\x8e\
\x1b\xc1L\x0c\x86\x8d\xa0NM\xfc|?P\x9dI\x92\
\x94\x84\xe1/\xc4\xb3\x12/\x12o\xa9\xce\xa4\x01\xf0\x17\
\x89\x9f\xeb9\xf8\x0d\x8f$\x8d\x0b\xb0\x01pQ\xe2\xc5\
\xe2\xd5\xd5\x99z\x07\xbc<\xf1\xf3\xfc:\xb0Qu&\
I\xd2,\x00\x1e\x0a\x5c\x99t\xc1X\x06\x1cU\x9d\xa9\
W\xc0\x11\xe4=\xe5\xf1\x03`\x8b\xeaL\x92\xa4Y\xc4\
\xf0\x9c\xf8O\x92.\x1cw\x03\x07Tg\xea\x0d\xb0\x0f\
\xb9\xfb<\xecT\x9dI\x924\x07\x80=\x80[\x93.\
 \xb7\x00\xbbVg\xea\x05\xb0\xd3\xca\x8bv\x86;\x80\
\xbd\xaa3I\x92\xe6\x10\xf0D\xe0\xde\xa4\x0b\xc9\xf5\xc0\
\xc3\xab3\x8d\x1d\xb05\xf0\xc3\xa4\xcfl\x09\xf0\xa4\xea\
L\x92\xa4\x02\xc0\xf3\x81\xe5I\x17\x94o\x01\x0f\xae\xce\
4V\xc0\x83\x80\xcb\x92>\xab\x15\xc0\x8b\xab3I\x92\
\x0a\x01\xafO\xba\xa8\x00\x5c\x88\xef\x8bO\x07\xac\x03|\
6\xf1sz]u&I\xd2\x04\x00NN\xbc\xb8\x9c\
\x01\xcc\xab\xce4\x16\x0c\x1b\xfd|(\xf1\xf3y_u\
&I\xd2\x84Xy\x919=\xf1\x22\xf3\xae\xeaLc\
\x01\xfc\xef\xc4\xcf\xe5cX\xce$I\xbf\x08X\x17\xf8\
\x5c\xe2\xc5\xe65\xd5\x99\xa6\x1d\xf0\xaa\xc4\xcf\xe3\x8b\xc0\
\xfa\xd5\x99$I\x13\x88\xe1F\xb3\xcb\x93.8+\x80\
\x17Vg\x9aV\xc0\xf3\xc8\xbbA\xf3\xdb\xc0\xc2\xeaL\
\x92\xa4\x09\x06l\x03\x5c\x9bt\xe1Y\x0c\x1cV\x9di\
\xda\x00O \xef\x11\xcd\x1b\x80\xed\xaa3I\x92\xa6\x00\
\xb0\x1b\xb0(\xe9\x02t+\xb0Cu\xa6i\x01<\x92\
\xbcM\x9a\x16\x01\xbbUg\x92$M\x11\xe0@\xe0\x9e\
\xa4\x0b\xd1\xe7\xaa\xf3L\x0b\xe0\x82\xa4\xff\xf3{\x80\x03\
\xab\xf3H\x92\xa6\x10\xf0l\xf2~\x87v\xcb\xd9U\x00\
\x1e\x9b\xf4\x7f\xbd\x1cxvu\x1ei\x92\xf98\x8c\xf4\
\x00ZkgF\xc4\x1f%\x0d\xf7\x94\xa4q\xc6\xec\xa9\
I\xe3\xfc\xd1\xca\xcfN\xd2\xfd\xb0\x00H\xab\xd0Z{\
oD\xbc=a(\xef\x03X\xb5G$\x8c\xf1\xf6\x95\
\x9f\x99\xa4\x07`\x01\x90V\xcf\x1b#\xe2\xb4\xb5\x1cc\
\xa3\x8c\x89\x8c\xdc\x86k\xf9\xef?\x12\xc3g%i\x15\
,\x00\xd2jh\xad\x11\x11\xaf\x88\x88\xf3\xaa\xe7\xa2\xfb\
\xf5\x85\x88x\xc9\xca\xcfJ\xd2*X\x00\xa4\xd5\xd4Z\
[\x1a\x11GG\xc4U\xd5s\xd1\xaf\xb9*\x22\x9e\xd1\
Z[R=\x11iZX\x00\xa4\x19h\xad\xdd\x19\x11\
WV\xcfC\xbf\xe6\xca\x95\x9f\x8d\xa4\xd5d\x01\x90$\
\xa9C\x16\x00I\x92:d\x01\x90$\xa9C\x16\x00I\
\x92:d\x01\x90$\xa9C\x16\x00I\x92:d\x01\x90\
$\xa9C\x16\x00I\x92:d\x01\x90$\xa9C\x16\x00\
I\x92:d\x01\x90$\xa9C\x16\x00I\x92:d\x01\
\x90$\xa9C\x16\x00I\x92:d\x01\x90$\xa9C\x16\
\x00I\x92:d\x01\x90$\xa9C\x16\x00I\x92:d\
\x01\x90$\xa9C\x16\x00I\x92:d\x01\x90$\xa9C\
\x16\x00I\x92:d\x01\x90$\xa9C\x16\x00I\x92:\
d\x01\x90$\xa9C\x16\x00I\x92:d\x01\x90$\xa9\
C\x16\x00I\x92:d\x01\x90$\xa9C\x16\x00I\x92\
:d\x01\x90$\xa9C\x16\x00I\x92:d\x01\x90$\
\xa9C\x16\x00I\x92:d\x01\x90$\xa9C\x16\x00I\
\x92:d\x01\x90$\xa9C\x16\x00I\x92:d\x01\x90\
$\xa9C\x16\x00I\x92:d\x01\x90$\xa9C\x16\x00\
I\x92:d\x01\x90$\xa9C\x16\x00I\x92:d\x01\
\x90$\xa9C\x16\x00I\x92:d\x01\x90$\xa9C\x16\
\x00I\x92:d\x01\x90$\xa9C\x16\x00I\x92:d\
\x01\x90$\xa9C\x16\x00I\x92:d\x01\x90$\xa9C\
\x16\x00I\x92:d\x01\x90$\xa9C\x16\x00I\x92:\
d\x01\x90$\xa9C\x16\x00I\x92:d\x01\x90$\xa9\
C\x16\x00I\x92:d\x01\x90$\xa9C\x16\x00I\x92\
:d\x01\x90$\xa9C\x16\x00I\x92:d\x01\x90$\
\xa9C\x16\x00I\x92:d\x01\x90$\xa9C\x16\x00I\
\x92:d\x01\x90$\xa9C\x16\x00I\x92:d\x01\x90\
$\xa9C\x16\x00I\x92:d\x01\x90$\xa9C\x16\x00\
I\x92:d\x01\x90$\xa9C\x16\x00I\x92:d\x01\
\x90$\xa9C\x16\x00I\x92:d\x01\x90$\xa9C\x16\
\x00I\x92:d\x01\x90$\xa9C\x16\x00I\x92:d\
\x01\x90$\xa9C\x16\x00I\x92:d\x01\x90$\xa9C\
\x16\x00I\x92:d\x01\x90$\xa9C\x16\x00I\x92:\
d\x01\x90$\xa9C\x16\x00I\x92:d\x01\x90$\xa9\
C\x16\x00I\x92:d\x01\x90$\xa9C\x16\x00I\x92\
:d\x01\x90$\xa9C\x16\x00I\x92:d\x01\x90$\
\xa9C\x16\x00I\x92:d\x01\x90$\xa9C\x16\x00I\
\x92:d\x01\x90$\xa9C\x16\x00I\x92:d\x01\x90\
$\xa9C\x16\x00I\x92:d\x01\x90$\xa9C\x16\x00\
I\x92:d\x01\x90$\xa9C\x16\x00I\x92:d\x01\
\x90$\xa9C\x16\x00I\x92:d\x01\x90$\xa9C\x16\
\x00I\x92:d\x01\x90$\xa9C\x16\x00I\x92:d\
\x01\x90$\xa9C\x16\x00I\x92:d\x01\x90$\xa9C\
\x16\x00I\x92:d\x01\x90$\xa9C\x16\x00I\x92:\
d\x01\x90$\xa9C\x16\x00I\x92:d\x01\x90$\xa9\
C\x16\x00I\x92:d\x01\x90$\xa9C\x16\x00I\x92\
:d\x01\x904\x11\x80C#\xe2\xe9\xd5\xf3\x90za\
\x01\x90T\x0e8&\x22>\x13\x11\x9bT\xcfE\xea\x85\
\x05@R)\xe0\xd8\x888=\x22\xd6\xa9\x9e\x8b\xd4\x13\
\x0b\x80\xa4\x12@\x03\xde\x1a\x11\xa7\xc4\xda\xafEw'\
LI\xea\xca\x82\xea\x09H\xea\x0f0?\x22\xde\x1f\x11\
/O\x1a\xf2\xda\xa4q\xa4nX\x00$\xcd)`\xbd\
\x18\xbe\xf2?:q\xd8\xcf$\x8e%u\xc1\x02 i\
\xce\x00\x1bG\xc4Y\x11qX\xe2\xb0\x97E\xc4W\x13\
\xc7\x93\xba`\x01\x904'\x80-c\xf8K}\xaf\xc4\
a\xef\x8a\x88\x97\xb5\xd6V$\x8e)u\xc1\x02 i\
\xd6\x01\x8f\x8c\x88\xcfF\xc4\x8e\x89\xc3\xde\x13\x11\xcfi\
\xad\xfd[\xe2\x98R7,\x00\x92f\x15\xb0{D\x9c\
\x17\x11\xdb&\x0e{[D<\xbd\xb5vQ\xe2\x98R\
W|\x0cP\xd2\xac\x01\x0e\x8a\x88\x8b\x22\xf7\xe2\x7fS\
D<\xc1\x8b\xbf\xb4v,\x00\x92f\x05pd\x0c\x7f\
\xf9o\x9a8\xec5\x11q`k\xed\x8a\xc41\xa5.\
Y\x00$\xa5\x03^\x14\x11gF\xc4\x06\x89\xc3^\x1a\
\x11\xfb\xb6\xd6\xaeN\x1cS\xea\x96\x05@R*\xe0\xb8\
\x88\xf8`\xe4\xdectaD\x1c\xd2Z\xbb9qL\
\xa9k\x16\x00I)Vn\xed\xfb\xce\x88xwD\xb4\
\xc4\xa1\xcf\x8e\x88\xc3[kw$\x8e)u\xcf\x02 \
i\xad\x01\x0b\x22\xe2\xd4\x88x]\xf2\xd0\xef\x8f\x88g\
\xb7\xd6\xeeM\x1eW\xea\x9e\x8f\x01JZ+\xc0\x86\x11\
\xf1\xf1\x888<y\xe8\x93Zk\xc7'\x8f)i%\
\x0b\x80\xa45\x06,\x8c\x88OE\xc4\xfe\x99\xc3F\xc4\
k[k''\x8e)\xe9WX\x00$\xad\x11`\xeb\
\x18\x1e\xf3\xdb3q\xd8%\x11\xf1\xa2\xd6\xda\xc7\x12\xc7\
\x94t\x1f,\x00\x92f\x0c\xd85\x22\xce\x8f\x88\xed\x12\
\x87\xbd+\x86\xdf\xfb\xcfO\x1cS\xd2\xfd\xb0\x00H\x9a\
\x11`\xef\x8887\x226O\x1cvQD<\xad\xb5\
\xf6\xb5\xc41%=\x00\x9f\x02\x90\xb4\xda\x80C#\xe2\
\x82\xc8\xbd\xf8_\x17\x11\xfby\xf1\x97\xe6\x96\x05@\xd2\
j\x01\x8e\x89\xe1u\xbe\x9b$\x0e\xfb\xdd\x888\xa0\xb5\
vU\xe2\x98\x92V\x83\x05@\xd2*\x01\xc7F\xc4\xe9\
\x11\xb1N\xe2\xb0_\x8f\x88\x83Zk7$\x8e)i\
5Y\x00$= \xe0\x0d\x11qJ\xe4\xae\x17\xe7\xc4\
\xb0\xb5\xef\xcf\x12\xc7\x944\x03\xde\x04(\xe9>\x01\xf3\
#\xe2\xbd\x11\xf1\x8a\xe4\xa1?\x1c\x11/m\xad-M\
\x1eW\xd2\x0c\xf8\x0d\x80\xa4_\x03\xac\x17\x11gD\xfe\
\xc5\xff=\x11\xf1b/\xfeR=\x0b\x80\xa4_\x02l\
\x1c\xc3\xee~Gg\x0e\x1b\x11'\xb6\xd6\x8ek\xad\xad\
H\x1cW\xd2\x1a\xf2'\x00I\xff\x0f\xb0e\x0cw\xfa\
\xef\x958\xec\xf2\x88xek\xed\xd4\xc41%\xad%\
\x0b\x80\xa4\x88\x88\x00v\x88aw\xbf\x9d\x13\x87]\x1c\
\x11\xc7\xb4\xd6\xceJ\x1cSR\x02\x0b\x80\xa4\x00v\x8f\
a_\xffm\x13\x87\xbd-\x22\x8el\xad}9qL\
II\xbc\x07@\xea\x1cpPD\x5c\x14\xb9\x17\xff\x9b\
\x22\xe2\x09^\xfc\xa5\xc9e\x01\x90:\x06\x1c\x19\xc3_\
\xfe\x9b&\x0e{MD\x1c\xd8Z\xbb\x22qLI\xc9\
,\x00R\xa7\x80\x17E\xc4\x99\x11\xb1A\xe2\xb0\x97F\
\xc4\xbe\xad\xb5\xab\x13\xc7\x944\x0b,\x00R\x87\x80\xe3\
\x22\xe2\x83\x91{\x1f\xd0\x851\xec\xeews\xe2\x98\x92\
f\x89\x05@\xea\x08\xd0\x80wD\xc4\xbb#\xa2%\x0e\
}vD\x1c\xdeZ\xbb#qLI\xb3\xc8\x02 u\
\x02X\x10\x11\xa7F\xc4\xeb\x93\x87~\x7fD<\xbb\xb5\
vo\xf2\xb8\x92f\x91\x8f\x01J\x1d\x006\x8c\x88\x8f\
G\xc4\xe1\xc9C\x9f\xd4Z;>yLIs\xc0\x02\
 \x8d\x1c\xb00\x86\xad}\xf7\xcf\x1c6\x22^\xdbZ\
;9qLIs\xc8\x02 \x8d\x18\xb0u\x0c\x8f\xf9\
\xed\x998\xec\x92\x18^\xe8\xf3\xd1\xc41%\xcd1\x0b\
\x804R\xc0\xae1l\xed\xbb]\xe2\xb0w\xc5\xf0{\
\xff\xf9\x89cJ*`\x01\x90F\x08\xd8;\x22\xce\x8d\
\x88\xcd\x13\x87]\x14\x11G\xb4\xd6.N\x1cSR\x11\
\x9f\x02\x90F\x068$\x22.\x88\xdc\x8b\xffu\x11\xb1\
\x9f\x17\x7fi<,\x00\xd2\x88\x00\xc7\xc4\xf0:\xdfM\
\x12\x87\xfdnD\x1c\xd0Z\xbb*qLI\xc5,\x00\
\xd2H\x00\xc7F\xc4\xe9\x11\xb1n\xe2\xb0_\x8f\x88\x83\
[k7$\x8e)i\x02X\x00\xa4\x11\x00\xde\x10\x11\
\xa7D\xee9}N\x0c[\xfb\xde\x928\xa6\xa4\x09\xe1\
M\x80\xd2\x14\x03\xe6G\xc4{#\xe2\x15\xc9C\x7f8\
\x22^\xdaZ[\x9a<\xae\xa4\x09\xe17\x00\xd2\x94\x02\
\xd6\x8b\x883\x22\xff\xe2\xff\x9e\x18\x9e\xf3\xf7\xe2/\x8d\
\x98\x05@\x9aB\xc0\xc61\xec\xeewt\xe6\xb0\x11q\
bk\xed\xb8\xd6\xda\x8a\xc4q%M \x7f\x02\x90\xa6\
\x0c\xb0e\x0cw\xfa\xef\x958\xec\xf2\x88xek\xed\
\xd4\xc41%M0\x0b\x804E\x80GD\xc4g#\
b\xe7\xc4a\x17G\xc4\x0bZkg&\x8e)i\xc2\
Y\x00\xa4)\x01\xec\x1e\xc3\xbe\xfe\xdb&\x0e{[D\
\x1c\xd9Z\xfbr\xe2\x98\x92\xa6\x80\xf7\x00HS\x008\
(\x22.\x8a\xdc\x8b\xffM\x11\xf1D/\xfeR\x9f,\
\x00\xd2\x84\x03\x8e\x8c\xe1/\xffM\x13\x87\xbd&\x22\x0e\
l\xad]\x9e8\xa6\xa4)b\x01\x90&\x18\xf0\xa2\x88\
83\x226H\x1c\xf6\xd2\x88\xd8\xb7\xb5vu\xe2\x98\
\x92\xa6\x8c\x05@\x9aP\xc0q\x11\xf1\xc1\xc8\xbdW\xe7\
\xc2\x18v\xf7\xbb9qLIS\xc8\x02 M\x18\xa0\
\x01\xef\x88\x88wGDK\x1c\xfa\xec\x888\xbc\xb5v\
G\xe2\x98\x92\xa6\x94O\x01H\x13\x04X\x10\x11\xff'\
\x22^\x9a<\xf4i\x11\xf1\x07\xad\xb5e\xc9\xe3J\x9a\
R\x16\x00iB\x00\x1bF\xc4\xc7#\xe2\xf0\xe4\xa1O\
j\xad\x1d\x9f<\xa6\xa4)g\x01\x90&\x00\xb00\x86\
\xad}\xf7\xcf\x1c6\x22^\xdbZ;9qLI#\
a\x01\x90\x8a\x01[\xc7\xf0\x98\xdf\x9e\x89\xc3.\x89\xe1\
\x85>\x1fM\x1cS\xd2\x88X\x00\xa4B\xc0\xae\x11q\
~Dl\x978\xec]\x11\xf1\x9c\xd6\xday\x89cJ\
\x1a\x19\x0b\x80T\x04\xd8;\x22\xce\x8d\x88\xcd\x13\x87]\
\x14\x11G\xb4\xd6.N\x1cS\xd2\x08\xf9\x18\xa0T\x00\
8$\x22.\x88\xdc\x8b\xffu\x11\xb1\x9f\x17\x7fI\xab\
\xc3\x02 \xcd1\xe0\xa8\x88\xf8tDl\x928\xecw\
c\xd8\xda\xf7\xaa\xc41%\x8d\x98\x05@\x9aC\xc0\xb1\
1<\xea\xb7^\xe2\xb0\x97D\xc4\xc1\xad\xb5\xeb\x13\xc7\
\x94$I\xbf\x08\xf8\x04kf\xd1\x1a\xfe\xbb\x07r\x0e\
\xc3\xfe\x01\x924#~\x03 \xcd\x9d\x85\xc9\xe3}8\
\x22\x9e\xd5Z\xbb;y\x5cI\x1d\xb0\x00H\xd3\xe9=\
1<\xe7\xbf\xb4z\x22\x92\xa6\x93\x05@\x9a.D\xc4\
\x89\xad\xb5\xe3Zk+\xaa'#iz\xb9\x0f\x804\
=\x96G\xc4+[k\xa7VOD\xd2\xf4\xb3\x00H\
\xd3aqD\xbc\xa0\xb5vf\xf5D$\x8d\x83\x05@\
\x9a|\xb7E\xc4\x91\xad\xb5/WOD\xd2xX\x00\
\xa4\xc9vSD<\xb5\xb5vy\xf5D$\x8d\x8b\x05\
@\x9a\x5c\xd7D\xc4\x93[kWWOD\xd2\xf8\xf8\
\x14\x804\x99.\x8d\x88}\xbd\xf8K\x9a-\x16\x00i\
\xf2|1\x22\x0ei\xad\xdd\x5c=\x11I\xe3e\x01\x90\
&\xcb\xd91\xfc\xe6\x7fG\xf5D$\x8d\x9b\x05@\x9a\
\x1c\xa7E\xc4\xd1\xad\xb5{\xab'\x22i\xfc,\x00\xd2\
d8\xa9\xb5\xf6\xd2\xd6\xda\xb2\xea\x89H\xea\x83O\x01\
H\xb5\x88\x88\xd7\xb5\xd6\xfe\xaaz\x22\x92\xfab\x01\x90\
\xea,\x89\xe1\x85>\x1f\xad\x9e\x88\xa4\xfeX\x00\xa4\x99\
\xcbx\x09\xcf\x9d1\xbc\xca\xf7\xf3\x09cI\xd2\x8cY\
\x00\xa4\x99\xbbe-\xff\xfd\xa2\x888\xa2\xb5vq\xc6\
d$iMX\x00\xa4\x99\xbbl-\xfe\xedu1\xec\
\xeewU\xd6d$I\xd2\x1c\x00\xb6\x04\xeeb\xe6\xbe\
\x05l[=\x7fI\x92\xb4\x86\x807\xcf\xf0\xe2\xff\x15\
`a\xf5\xbc%I\xd2Z\x00\xe6\x03\x9f\x5c\xcd\x8b\xff\
9\xc0\x86\xd5s\x96$I\x09\x80\x05\xc0\xdb\x80{\xef\
\xe7\xc2\x7f7p\x020\xbfz\xae\x92\xf4\xabZ\xf5\x04\
\xa4i\x07l\x17\x11\xcf\x8b\x88}\x22baD\xdc\x1a\
\x11\x17G\xc4\x19\xad\xb5\x1b+\xe7&I\x92$I\x92\
$I\x92$I\x92$I\x92$I\x92$I\x92$\
I\x92$I\x92$I\x92$I\x92$I\x92$I\
\x92$I\x92$I\x92$I\x92$I\x92$I\x92\
$I\x92$I\x92$I\x92$I\x92$I\x92$\
I\x92$I\x92$I\x92$I\x92$I\x92$I\
\x92$I\x92$I\x92$%\xfaO\x93/2C\xcb\
\xf4\xae\xb1\x00\x00\x00\x00IEND\xaeB`\x82\
\x00\x00\x15\xb4\
\x89\
PNG\x0d\x0a\x1a\x0a\x00\x00\x00\x0dIHDR\x00\
\x00\x00\x80\x00\x00\x00\x80\x08\x06\x00\x00\x00\xc3>a\xcb\
\x00\x00\x00\x06bKGD\x00s\x00e\x00`D\x9f\
I\xf3\x00\x00\x00\x09pHYs\x00\x00\x0b\x13\x00\x00\
\x0b\x13\x01\x00\x9a\x9c\x18\x00\x00\x00\x07tIME\x07\
\xe2\x02\x14\x16\x0a\x10\xcd\x10\xa4\xad\x00\x00\x00\x19tE\
XtComment\x00Create\
d with GIMPW\x81\x0e\x17\x00\
\x00\x15\x1cIDATx\xda\xed\x9d}\xacfG]\
\xc7?3\xe7\xde\xddm\xb7\xdbn\xb7\x94HE\xf1\x85\
\x94\x97\x82\xa5e\x8bB\x05\xdf\xb5\x040J#/\xc6\
Dc0j\x0c\xf1\x8d\xc4?\x88\xc6\xf8\x16\xfc\x03\xff\
\x90`D\xa3! \x06b\x11T,\xb4\xb5*\xb5\x14\
\xa1\xd8\xd6\xd6\x95 \xedn#l\xb7]\xea\xd2\xee\xde\
}\xb9\xf7>\xcf\x19\xff\x98\x99>\xbf\xe7\xdc\xf323\
g\xcey\x9e{wO\xf2\xe4\xb9\xf79\xe7\xcc\x993\
\xf3\x9b\xdf\xef\xfb\xfb\xceo~\xa3\x00\xc5r\x1c\x0a0\
#=\x87\x81\x9fe:\xda\xb5\xed\xbc\x19\xb3O\xd4\x12\
\x09\xc0\xf9p\x0c%\xe4\xaa\x22@\xc1\xc7J\xa4\xd4V\
G\x90\x1a`t\xf4\x19U!\x0d\xa2\x06\x1c\xdd&R\
\xcb\x98\x9eu2\x1d\xf53-\x9aO]\xd0\x00\x17\x0e\
\xf4\x82\xd4\xe0N\x17:\x95yT/mgx\x9b\xa6\
\xc5\xb7/\xb3t\xbf\x95-\xf6O\xd5\xa8._N\xb9\
\x08P4\xe2\x91\xf2^\xa6\xa7`\xa9X\x01h\xb3Q\
\xaar\xfe\xf9\xc0\xdb\xdc\xf7\x048\x0e\x1c\x06\xbe\x0c\x1c\
\x01\x1e\x01\xceV\xb4\x8f\xa9)\xa7\xcfh\xe8kS\xcf\
\xbbc%P\xaaL\x07\xb8R\xc0O\x01\xefp#\xb7\
\x04\x0a\xf7\xfb\x19\xe0I\xe0q\xe0\xf3\xc0\xa7\x80\xff\x00\
\x9er\x82R\x8a\x11/\xb5\x89\x19\xa1\xd3\xc7\x16\x98\xb1\
\x5c\xddh\xf7A%\xfa\xb0\x12Y\xbe\x01\xf8\x08\xb0\xc7\
\xfd?\x15\x18C\xbb\xff\x15\xb0\xee\x84\xe1\xb3\xc0]\xc0\
\xbf\x03\x87\x9c0\xa8JC\xc9\x06\x8b\xd1\x12\xa1\x02\xdd\
\xc6\x0d\xa8\x8c\xe6\xa7\xa9\x1c\x13\xd9\xf6!\x9eO\x8c\x80\
\xa9\xa2\xe6EU\xc0HQ5`\xf21\xa7\xfe_\xe2\
:sE`\x00-\xb4B\x01\x1c\x00^\x0a\xfc\x10p\
\x13\xf0\x1a\xfb[q\x1a\xcc:p\xae\xe6\x19\xaa\xc1\x95\
\xa9\xfb\x84b\x9f\xea\xf5\xd5\xdfT\xa4\x86h\x12R\x15\
\xe0\xbf\x87\x0an[}\xdb\xda\xa4\xb6\x9dr\x80@\xf9\
\xe2/\x02>\x0a\xbc@\xa8\xf3j\xe5\xcbJE\xe5K\
}\x0d\xf8\x07\xe0\x93\xc0\xe7\x80c\xb0R\xc2\xaa\x99\x87\
\x0f\xcf\xdc\x93L\x80\xf4xG\x13p\x8d^6U\x1f\
;\x22\xa2\xa4\xc8}k7\xea\x0f:m0\x156~\
\xdd}O\x80Mw\xce\xd4|6\xdc5k\xc0W\x80\
\xbf\x04\xf5\x0a\xd0\x97V<\x0c\xff\xbcB\xfc\xad:F\
v\xc8\xbbv\xb5\x0d\x89\xf7\x85\xb6aW\xb91\xf7v\
\x95\x03\xa2\x01\xfb\x00\xa3\xeauO\xa0\xd4Q\xe0\xd5\xc0\
>\xd1\xb9S' m\x153\xee\x9a\xc2\xdd{\x0d\xf0\
\x93`n\x04\x9e\x05\xfaqx\xdbSp\x9f\x0a\x04V\
\xaa\xc6|\x84\xb0xMu\x8c\xe9\xec\x14-\xd3\xe5\xa5\
\xa9\x04\xbcC\x9bY+\x02\x0aH1\x11\x0f\xb9Q\xff\
\x1a`\xb7\xeb\xfcU7\xfa\x9b\x1a\xc9\x83D\x09\x1e\x0b\
`\x17\xf0\xad\xc0\x0f\x80\xb9\x19\xee{\x1ep\x14x\xda\
i\x0b\x22\xdfAe~\xd7E\x80\xf6le\x14\x01\xe8\
\xb1\xcbui\x1a%^\x08^\xe5:\xb1\xach\x80:\
Vr\xd2\xa2\x95J\x07\x1e\x0f\x02o\x06\xaes\x98\xe1\
\x7f;\x90}\xcc(\x09\xf5\x16R\x18\xbc\x18\x94\x1e\x8a\
mT\x8f\xba\x98\xaa\x00\xc4\xda\xa7.\xfb\xb2\x09\xdc\xef\
\xbe\xafw\x9a@\x8b\x11^\x07\x0a\xb5\xb8_\x02)\xef\
=xO\xe2bg\x1enr\xde\xc4q\xe0\x09Q\xb6\
\xaa\x01\x8a\xa6\xa7\xfdW\x81j\xb6\xab|E\x9c\xcd\x8e\
\xadsh]\x94t\x03\x87RW\x9b\xce\xcf?\x05\xdc\
\x00\xec\x15j\x1e\x81\x0f\x9a*\xaa+\x00O\x0b\xa1\xd1\
\xc0EN\x13\xbc\x1e\xf8&'\x08OV\xcc\x08\x81\xc0\
\xea\xbc<\x8a\x11l\x9fa\xcf\x9e/0\x9d>\x06\xbc\
\xd2\x11E\x85\x18\xe5\x85\xe8\xd4\xd0zx^a\xc3\xdd\
s\x11\xf0]\xc0O8!;\x02\x9c\xac\x94\xb9t,\
\xdc\xb2\x08\xc0\xd0\xd2\xaf\x98L\x94c\xfb\x1etB\xb0\
_\x8c\xe2X\xc2\xc5{\x14\x92`Zu\xbf{Ax\
#J]\x82R_bF \x5c\x98'ha\x02\x87\
>\xbc\xaa?\x0c<\xe0\xec\xf6s\xdd\xb9I\x02\x8b\xe7\
]J\xdcw)\xb8\x85\xc2\x09\xd8\xab\x81\xefs\xb4\xf3\
\x11\xe1e\x98H\xbav\xa7\x1cM\x013\xad\xa0/\xc4\
7\x0d\xf5A\x8b\x99\xc6Q/\x04\xfe\xd5Q\xbe\x1e\xe1\
\x9b\xc0O\xe9\xb0\xc5\xc4\x99\x00#\x08\xa6\x89 \x9f\xbc\
\x89\xf8:\xf0\x07\x0e\x84\xa6\xd6\xbd\xcf{\xf7\xe1\x07B\
\xcb\xefs\x7f\x14\xa3\x14\xc3l\xb55\x84\x06\xbe\x19x\
\xbf`\x00M\x85-\xdc\x88\x14\x8c\xba\xcf\xd4\x95s\x06\
\xf8\xa0#\x97\x9aH\x91\xa1?\x90\xc6\xe2\x0d\xfa\xecb\
D\x82\xa2\xea\x8e=\x05\xdc\xedT\xf8\xcb\xdd\xb7\xe7\x01\
\xe4,b\xdfz\x95n\xf4\xbf\xc0\xfd\x7f\x17\xf5\x93*\
]\xea\xd2D\xfa\xe7&s\xbb\x9a@\xae\xa2\x89G\xa8\
\xad{\xc1\xe2\x0e\xedF\xe6\xdd\xae\xe3\xafs\x1dUT\
\x98A\x95I\x084p5\xf0O\x0e\x17\x5c\xf0\x0e\x12\
\x05 W\xa7\xa8g\x00\x9d\xd6\xf7`\xcc\x09\xe0;\x1d\
\x927\x15AI=6\x05\xa1\xb4\xe2\x04\xec\x0b\x0e\x88\
\xc62\x85\xb9l\xf6\x90m\x19\x8d\x0b\xf4\x82\x04O\x8e\
\xba\x92\xb2\x9c\x02\xef\x03\xde\xee\xa8]\x9d\xa9q\xb4\x18\
\xfd.FA]\x017/\x92\x04R\x0bl\xf3\xde\x02\
\xa02i\x8a\xb2b\x8b<a\xf3Q\xe0\x17\x81\x87+\
X\xa0\x8f\x00\x14\x82Q\xd4`J[\xfc\x9c{\x1a3\
\xc2\x16\xd1q!\x81\x22&\x10\x9fl\xe9\xcf\x10D:\
\x16Z\xf5\x1e\xc2\xf7b\xe3\x01\xd6k\x90\xfd$\xc1\x1b\
\xd8t\xdf\xeb\xd8\xc0U\xd8J5\x13\xf8\x9eu\x83a\
\x8cv\x1b\xa4\x0f\xf4\x12\xa8\xa6:\x0ds\x17\xf0\xc7\x82\
\xec1=pKY\xc1\x04k\x15d_\x9d\x8fhC\
\xd8\xa6\xe5\xef\xeag\xd9YG3\xb4\x1d\xecK\x9c|\
\x8b\xc3\x03}x\x80Rh\x8c\x12;)uS&\x22\
%\xf5\xbd\x86\xbe/\xdaF2\x90zI-\xd7\xdfs\
\x0c\xf8\x1bfA\x1f1\xb6M>[Nx\xad;\xfe\
\xa1.\xa8uH\x12\x86\x84\xf6H\xbd/\xd9\x04,\x9b\
z\xda\x00\xfe\x96\xd9\xac\xde4Q\x08\x10\xf7\x9e\xc6F\
\x12\x99\x002e'\x1e&\xd4\x0b0\x0b\xaa\x5c\xf5\xb9\
\x8f`\xc3\xbf\xaa\xb6<\x95\xef\xf0s\x039\xebk2\
\xdeg\x22\xda&\xbb\x09\x18\xd3.\x86\x1e\xff\x87]E\
\xa4\xb1S\xbe)u+\xc5\xf7\xd4i\x81\x5c\xb1u\x9d\
Q\xb7\x99\xee\x8by\xef\xae\x89\xbcV\x01\xc8!i9\
%u\x02\xfc\xa3p\x07'B\x9d\xc7\x8c6O\x06\x9d\
J\xb8\x7f\xd1m0\xe8\xb3u`\x03\x9a\x06\xb2!d\
Y\x96\xe9(\xa7K=~\x1a\x1b\xea\x95\x22\x9c\x12\x04\
N#;?\xa5Mb\xd4yL[\x84\xb6}\xf5\xd9\
\x9d\x9e\xd2J\x0f\xe6/u\xdd@\xcc\xb5\xca\x8d\xdaC\
\xc07\xba\xce\x9cFr\x01\xde\x0d\xd4\xd8`\xd2j\x18\
\x5cl\xd4m\xdf\xf7\x0e\x9d\x84R=\xcf\x05\x05\xb8\xe8\
\x1e\xaa?\xd4\x17\xef\xa3\x16=\x8b\xe7'o&\x09D\
\x90_\xb1d\xb0\xf1\x00\xfb\x1b:\xdfD\xbcc\x8a\xc9\
\x0c\xb9/\x15X6\x99q\xd3AX\xb1\xd2\xd3v\x85\
\xac\xd45=\xcb/\x9d\x00\xacc\xd7\x17\xe8\x84\xc6\xf0\
\xa6`76\x10\xe5he\x84\x94\x91\xb64\xc6\x8dl\
\x1a\xf1!\xf9\x83b\xd7>\xaa\xc8\xfa\x19\x19\x94\x99B\
\x86\x0cMV\xf82\x0fc\xe7\xf0u\xa4;\xe8\xcd\x85\
\x8f;|6J\x1d\xe4\xc0\x81*\xfe)\x88\x8b\xc7\xcf\
\x19\x1d\x95\xb3}C\xae\x9b\xbbF\xf7 E\x86F\xba\
R\x8d\x1df\xb6\x14,\x96\xbc\x9a\xc7\x0c\xc6\xbc\x89\x13\
'\xf6\xb2\x952>/\x0fMC\xfa\xb0\xcc\xe0.\xd5\
\xcf\x96|\xc0Q\xe2\xa3wV\xc4\xe8\xf6\xc2s\x10\x11\
\x100\x22\xe7az\xb6k\xac\x09\x09\xe2 \xf46\x12\
\xd6\xaf\xf4\xd0:\x8a\xd9\xba\xc4]\xc0/\x03\xdf02\
\xe1\xa5\x06(C\xf5}\xbe\x8e\x90^\xd3\x81\x90\xbb~\
\x0fA\xbcm\xf7|5\xa3\xe9y)6.`W&\
\xd0\xda\xd56\xa1m\x12\xea\x99\x84\xb8\x91u\xf7\x95\xd5\
{t\x0f\xe9\x09\x05 \xc1\xea\xa8\xe3\x9e\xe3\xcc\x02E\
\xfb\x1c~\x81\xe9;\x80\x1fnQ\xb51\x0bEb\xc1\
\xde\xa2\x8e-\xcf\xd7\x11\xd2\xda'?]\xec(\xa8\x93\
\xfe\xe3\x99\x1a\xcf\x0b\xfd\xc5\xc0oc\xa3\x91U\xcf\xf7\
Im\x8fX\xad\x99\x9b\xa7i\x94\xd6\xd0\xd1\x1c\xeb\xba\
\xa4\xba\x8d8\xf0v\x96~\x01\x22u\xa1bw\x03W\
\xb1u%\xf2\x90\xb1\x01c\xc5\x16t^\xa7\x1b\xeco\
]\x02&C\xda\xda\xf4Pa\xe8R\xaf\xc7\x9c\x16 \
\x83\x09\x90\x8bK_\x01\xfc5v\xcd\x80i\xa8\xa7\xf4\
\x94\x0a'0W\xbb\xefj]5\x11\xb3q\x03\x03\xc9\
\xb6T<\xad\x17\x85tb\x95\xe5\xca%\xcduu\xd0\
\xc0\xa5\xd8\xf5\x84}G\xbdL^\xe5\x03O\xa6\xc0\x7f\
\x03\xaf\xc5\xaeK\x90ux\x96\xd3>o\x07n\x01\xbe\
\x88M\x82u\xdc}\xdf\x01\xfc\xa8\xbbO\x0b\xd614\
\xa8\xb4OR\x88\x1cZ(\x9bD\x0e\x01p\xa4\x00\xac\
\x02\xef\xce\xa8\xfe'B \xfc\xca\xe2'\x81\x0f\x00?\
\x0d\xbc\x0ex\x17p\x0f\xb3\xa4\x13\xd5Lg>\xfb\xd9\
\x09\xe0\xd7\xb0\xb9\x0f\x14[\xe7+T\xcf\xd1;(x\
\xcc\x95z,\xe6ER\x12:\x02\xbc5\x03\x0e\x982\
\x1f0\xea\x17\x90\xca\xce]s\xcc\xe39!(\x13q\
\x8dO}7u\xd7o:\xb2\xea\xe7\x80\x17:\xf7\xb2\
\x89^\xef\xd2v\xa3\x86\xe4\x17\x01\xae\xde\x22\x09\x91\xea\
\xb5\xeb\xd8t0Wdx\xbeLE\xebg\x0b\xfdB\
\x12?q\xb4B}\xa8\xb7w%\xa7B\xdd_\x8c\xcd\
|\xfa\xfd\xc0~\x8a\xe2\x01\x8c\xd9H|\xd7\xae\xc5\xab\
m\xc8?\xca\xa3Y\xa1\xdf\xfa\xf2\x1c\xc2\x10BA{\
\x89}\x04;3\xf8\xfc\x8aO\x9f\x92\xdcA\xb7\xfc_\
4\xfc\x0d\xf3\xc1\xa92q\xd5&6\x03\xca\xc7\x80O\
0\x9d\xae\x91\xb6r\x97\x96\xce7\xf4\x8b\xd10u\x9a\
9\x14(\x8c\xb9v]\xd5\xa8\xd0B\x98\x01\xb9\xf6\xdf\
\x8c\xfc\x91\x89)6\x05\xa8\xbc\x0d\xf8v\xe2fV\x89\
t\xe1 \xff\xcc\xe4hK\xbe\xfa\xf8\xc5\xb2A\xbf\x0d\
\xbb\xb8o\x22\x00\xdctD\x01(\x85 x<\xf0\x9f\
\xc0\xcb\x84\xc6\x08M\xd0\x00\xf9\xb9\x82\xa8\x94v)9\
\x82\xba\x12\x15\xa8\x81\xcd\xc9i\xe0J\xe0\xc6Jc\x8f\
u\xf8\x91\xef\xd5\xff\xa3\xac\xae\xfe\x0cey\xbf8/\
\xe3\x16\xba\x12`\xa9\x01MlP{\xc7&@\xa4\xe7\
\xe8\xee\xcb`\x01|\xb7s\xbd\xca\x0a\xb2\x1f\xe33\x15\
\xdf\x87\xa0\xb8\x11\xa5\x0a\xf2\xa7\x86\x19\xca\xc3\xdb\xf2\x8c\
\xa1h\xcc\x90\x17\x0f-OW\xa8\xdaK\x81\xdb\x99%\
\x83\x1a\xd2\xde\xcb$T\x9bB\x03\xdc\xe1\x08\x22j\xcc\
\xd4\x22L\xab\xcea*b\x96A\xa7\xf8\xfd\xb9$\x5c\
\x03ot\xfe\xfad !\xf0\xd9\xc8J\x01\xf6\xd6\xb0\
\xe9o\xdf\xe9\xcc\x10-\xbe>\x09\x9au,\xf5?g\
\x96r\xacM\xefKO\xa6H\xfa\xb3\xb1{\x10\x19\xf2\
d\x14k\x13\x84\x12\x9b\xf2\xf6flT\xb1W\xf9+\
\x0d\xdc\x7fl;\xe9L\xa3y\xb0\xc5\xa118a\x0c\
\x10\xa6`\xf7\xd7\x1d' \xf7!\xc8\xfd\x9c\xa9\xf06\
>\xee>\xa7\x98Ot\x9d\x9aP\xbaqr\x86\x01\xd7\
\x02v\x91!c\xa3\xd1P\xd2\xa2\xe6\xdc\xfa\xe5\xc0\xb5\
\x0c\x97\xeeV\xee\x82\xa2\x81_\xc2\x06\x90\x94l\xcdB\
\x9e{9]\x8e\xac\xa5\xc1q\x0bC\x81\x8b!\x01\x8e\
\x06~^\xcc\xe4\x0d\x09\x04\xa5\x19x\x0c\xf8\x91\x86\xba\
i\xe6\xf3\x1b\xd6\x9dS\xcb\xf6)X\x9e\x95\xc0\xa6c\
>Bj\xab\xeb\x80\xf70\xdb\x92F\x8f\x04\x9c\xf69\
\x17\xf4\xb8u\x01\xe7v:\xed\xa2r\x9b6\x9d\x1as\
\x03\xee-\xf7\x17\x01\xf6H\x0dT\xa1\xa6]\xae\xeb\x9e\
-\xcb~\xb1\xeb\xfc\x171\x9fn~,A\xde\x0f|\
\x8f\xd3\x08_\xc4\xceN\xb6\x85\xd6\xa7\x12A!\xa6\xa2\
\xed\xb9\xa1{#6n\xce\xb0\xf0\x0cVl\xdd!\xec\
e\xc0g\x040+G\xe0\x02\xea\xb8\x81M\xecT\xf1\
-\xd8\xf4\xf4\x17\xb1%\x1d\xdd\xc2M@\x90\xa9\xafn\
\x19\x93\xba\x80sH\xb0h\xcb\xd5\xfa\x071\xe6O\xb0\
y\x85K\xd27w\xcc\x01\x9c\xfd\x0c\xe0\xd5\xce5\xbc\
\xc1i\x86\xbd\x15\xa1\x9d\xb2\x5c\xab\x8e\x826\x8f\x1e{\
W\xeb\xae\x0a\xef\xc5\xc6\xf0\xff:v1\x87\xdc|J\
\xee\x01P\xb7\xd7\x90\xffm\x9a\x11'L\xc43\xe4T\
\xb1\xd7Bk\x0e#<\x8cMK{\x1fp/6\xa6\
\x11\xf2F\xfdv\x09~\xc8&\x97YT>\xa4\xa1z\
\xdd\x80\xf2\x0blx\xd5\xb5\xc0\xdf\xb9F-\x05\xeao\
c\xee|\x98V5\xab\x88\xfcm\xac9\x83\x12\x9b\x95\
\xec\xcb\xc0o\x00\x97WL\xc52x\x02Y\xf2\xd9\xa7\
\x0aR]\xa6\xce}\xc0\x9b\x80\xbf\xc2\xee\x04\xe6\xc3\xb0\
&\xc2\xfe6\xed:*C\xb4<\x8f\x7fN\xfcV\x8e\
8q$\xe3\x15|n\xa2[\xb1\xf9\x0fs\x0b@\xa8\
[\x9f\x8d\xb8\xeb\xcb\xeb\xdb\xce_]\x85\xa2X\xc5\x06\
R\xbc\x01x/6)\xd4\x93\x95\x89\x98u\xd1\xa0\x13\
\xda\x035\xfc\xf9\x93\xc0\x7f\x09\xed!\x039\xc6\x12\x80\
\xa9\xa8\xb7\x17\xbc\xbf\xa8h\xba\x98\x0e\x8d\xe9\x97lS\
\x86Ci\x80\x02x9J\xfd)\xf0?\x0d\xb3pr\
\xe4\xca \xce\xa6\xd1v\x0a\x1b\xde\xfd^\xe0\xc7\xb1\xfb\
\x12}\xa8\xc6k\x18\xd3[\xd8\xa8h\xa8\xa3\xc0\xab`\
\xb7^\x12S\xd0\x09\x0asL\x0b7=\xe7CB\xb5\
\xcbx\xfd\xb2\xa2\xea\xa5@T\x05\xe0iG\xca\xbc\x1f\
\x1b\x9f\x7f\x00\x94\x5c\xf4y\xbd\xb3\xc12\xac\xbb\xaca\
\xf9\x86\xc2\x00\x1e{\xc8\xf7\xfc\x1dX-\x22T8\x09\
\x03\x8d\xc0\x99\xdb\xc1G|\x9dpy\xc9\xff]\xe6C\
\xae\x9bF\x92T\xef\x9bbD}\x02\xf817\xd2\x9b\
q\x8cRoq`\xac\x14\x82\xe4\xcb\xdc\x1cQ+x\
\xa1\xb8\x0d\x1bE\xac\x97\x09\x04\x0e\x85\xfai\x01\x80\xd7\
`3wv\xf1\xf02\x08\xd3`\xf7\x0c\xfeM\xe67\
\x81\xea\x02\x9bou\xa0Rvx\xd9\x02*\x87\x8c'\
|\x9c\xf1\xd6#Fy\x01m\x80\x225Z\xb5\xa9\x5c\
\x8d\x8d\xbd\x7f\x17\xed{\x00\xf8\xd1\xea\xb7\x98;\x8cR\
\xaf\xc3.\xbe(\x98\xdb\x8e\xae\xb6.\xfe\xdcn\xecn\
\xe6\xf7\x0b`9a\xfc\xe8\xe2\x0d\xf7\xec7/\x09;\
\x18\x0d\x16\xa1;r(\xa6\xac\xabQ\xeaP\x8b\x1a.\
\x05>\xb8\x17x%{\xf76m\xf4\xd0\x84Y\xe4\xf5\
\xcfC\xa9\xf7`7\xac\x9a\x92\xb6\x01E\x1f`\xe8\x97\
\x94}\xb0aJ>\x16Ke\x9b\xe9\x8a\xd9E[\x93\
\xcfG\xd5(\xf5z\xa7\xd6\xdb0\xc0\xe7\xdd, 5\
\x9c\xbbb~\x1bZU\xa3m\xfc\xb3\xfc^\xc3oq\
\x1e\xc3\xd8!\xe5\x1e\x88>\x84\x8dmL\xdd\xad$w\
\xa8x\xb2\x80\xa4z\x01\xb2\x13w\x03\xbf\xe2\x10\xfdT\
\xb8O\x1e\xa8=\xe0&\x82r\xd0\xb9\xe2\xd9\xfa\xc5n\
$\xae\x09\x0d\xb4^\xc1\x1b\xb9\x05\xc0\x0b\xdc1\xe0;\
\x02f\x0aS\xe3/\x97\xfa\xa8V\xbap\xa3\xf3W\xb1\
\x8b,\xe5\xc8\x7f\xc2M\xbfB|\xd8U\xdbrs{\
nee\x1f\xf0\xb3\xd8eg\x9b5\xc4\xcdP\xae\xe1\
9\xc7U\x109\xb0\xe80\xc3\xa3\xad*\xee\xc3>\xd5\
\xcd\x05\x14n\x92\xe7\x17\xb0\x917\xbe\x91~OL\xfe\
(\xba\xc3\xd8B\xd5f\x15G\x1ctT\xed\xe9\x91\xcc\
\xc2\x06\xf0[\xd4\xc73\xa6\xd0\xb9!\x9e\xdb\xe0\x02\x90\
\x22\x04\xd5\x0e\xd9\xedF\xfcg\x80\x8fS\x14\xcf\xa9\xb9\
\xaeo=\xeb\x9e\xbd\x02\x5c\xe6:\xe5\xf1\x11\x84\xc0\xaf\
-\xd8\xdb\xa3\x83\xb2h\x80\x98,\x12\xb9(c\xdd\xe0\
\xaa\xcd/\xfeP\xea\x92\x9a\xdfu\x046\xa1\xe5\xf9\xba\
A+\xecr\x02x\xf7@^\x82,\xf3\x09l\x16\xf4\
\x85m-W\x10\x96\xae%\xc4\xed\x88\xd9@\xba-\x86\
\xc0\xff\xe6Y\xba\xd0\xe7\x85\x84au\x05\xbf\xf8\x18\x83\
G\x81\x7fvS\xd2\xd70\xdb\xadDnt\xe9?1\
\x1a\xa9\xac\xd4i/p'6\x15nSLC\xaf\x80\
\x8f\xae\xa3I\x00B\xd6\xad7\x05\x1e\x98\x16\x95d\x22\
\xcb\x8c]\x84\x1ak\x86L\x8b`>\x0d\xfc\x0b6C\
\xe9K\xdc\x5c~u\xff\xc2i\x83/\xdf\xd6A2D\
[;o\xe0\x8e\x9az\xd5\xbd\xbf!=\x86P\xc5\xd8\
\x94\xd0\xc9\x85\x185\xd4\xc7e\x8c\x99\xf7\xce\x95\x96\x05\
a\x9e\xaew\xfc\xfdTP\xc9\x1b\x89\xf1\x05S\x81\x01\
6\xb0;\xa2\x5cFZ\xfc`\xdf\x99\xde\xb9\xdd3T\
\x84zIe\xa7T\xa0\x14\xd7\xbd\xa4\x094%*\xc0\
<\xc44\x1e\xce+\xb9]\x98\x84=\xcc\xd2\xd0\xc7r\
\x13r\x8f\x82\x15\x879ne~K{\x13\xa1\x91\xbb\
\x06lk]\x8aL\x94\xa2\x89\x10 \x15\xa0\xc6\x9b^\
>\x0b\xa7\x9dH}\x9f\x05nE\xa9\xe3N\x08\xf69\
l\x10\x8b\x03`\xb6\x9c\xcd86\xf0\xb3\x8e\x19\x84\xf6\
8\xbe\x94Lc\xad\xfdTt\x5cd\x02:,\xb5b\
\xb9@f\xe8\xba\x85\x98z\xaa\x16\xcd\xf5\x10\xf0oN\
\x08\xae\xaax&\x1b\xcco\xc3\xa3Z\x5c`y\xcd\x1a\
\xf0)f\x1b[\xe4j\xe3d\x10\xa82w\xf8\xd0\x8c\
\xe2\xd0\xf7T\x8fc\x0e\xbd\xef\x17tn5aU\xcc\
\xba\xcb\xbd\xd8\x80\x96\xb3\x8bh\xdb\xd8L\xa19\x99\xc2\
\x1c\x9b*\xe7NK\xab\x02xv\xc5,Q\xc5;\x99\
\xc54\x94b\x0e#\x14\x1c\x96\xae\xe3\xaf\xad!\xc8\x06\
?\x8a\x86\x974\xa4M\xfc\xc4\xce\x06\xa6vl\x08\xce\
\xa0\xc1\xa6\x86\xa2\xff\xae\xe7i`\x1d\xad\xefu\x02p\
\x03v\x96\xd1\x88\xb6\x0d\x15\xba\xc2y\x03\x872\x13o\
\x9ddY\x11\xd9\xc0}\xd5h\xca*\x22\xd3A&\x91\
($\x04`\x9fn>\xc2\x98\x09v\xf1\xc7S\xd8\xc4\
U{\x22\xb5\x8f\xd7\x04\x0f\x02w%r#\xc9\x87\xce\
\xa0\xc6\x17a\x83\x9b\xcc\x97\xe9a\xceT\x0d\xe8\x8bA\
\xf5\xefs\x1f?\xdf\x1f\xf3\x0e\x1a\xbb^\x80\x16O \
\xe4\x5c\xc8u[2\x84T\x13\x08\xa4l\x8b\x1a\xbaY\
\xe4\x90v-\xa6aR6\xaf\xe8\xda\xdaFc\xc3\xd1\
?\x87\x9d\xd0\x8a9&\xd8eo{#\xb8\x80\x90\x8d\
8:\xdfS\x07\xb0d1\xa0\xb1\xad\x81r\x80H\x15\
\xa1\x0db@d\x17i\x15\x92j]cc\xfe\xff\x1c\
;\xa5\x1c{\x5c\x85\xd6W\x04\x90>]\xf8 \xe6]\
\x8d\xee\x90\xa6\xd8O\xe8\x88\xcbQ\xee\xb2\x1d^X\xfe\
\x1e\xbb\x22)&\xc1\xb3\x06\xf6S\x96\x07\xc6v\x03\xf5\
6j\xdcXu\x9d*`\xf2wE\xf8\x1e?~\x19\
\xf8\x1av\xc1K,\x06\xb8\x0c\x9b\x05\xdd\xb4\xbcw\x9f\
w\xa9\xbdv\xbb\x08@\xce\x09\x90P\xb5\xa9\x03\xdc\xc4\
\xba\xdfK\xe7\xd2\x1d\xa9tH[\x9e\x80\x12\xb8\xc4\x11\
K\x86\xb4X\x86\xd8\xad|\xa2\xd2\xc4m'-\x91\x0b\
<v\x95\xd76U\xfd06\xa2\xc9{\x08e@\xe7\
\xec\xc2nO\xd3\xb5ChU#\x9c\x17& \xd4\xfe\
\x8eA\x0d\x9b\x80\xf2\xce8\x9f~\x1a\xc8}x\xed\xf0\
\x9c\xb1]\xea\x9d\x22\x00\xcb\xb0\x05l\xd5}\xfb\xb4\x13\
\x84\x187\xf5\xca\x91]\xe7m/\x00&\xd35\xb9\xb5\
\x90\xc6\xc6\x10<\x18h\x9a<m|\xa0C\xf5_\x10\
\x80\x84\xd1\xa1F\xaa\x87\xae\xd8\xe6s\xc0'\xb11\x03\
\xa1\xd8\xe5@K\xbdU\xa4@\x04\x81C\xbd\xcdG\xbe\
\x8al\x183\xa0\x96)+\xd7O\xb0\xac\xe0\x19\xe6'\
\xd9\x9a:j\xea\x5c\xc16 j\xceW\x10hj\xfc\
\xf3&?W%r\x08\xa6\xa5\x81c\xfdk\x7f\xfdW\
\xb1\x93D:@\x1b\xd9\x8chW^Y$h\xafd\
>`;j\x80\xd4-ms\xf2\x0f\xa1\xfe\xf7qf\
\x8bL\xca\x0e.\xc0.Z=wn\x95K/\x8dm\
\x8b\xae\x95\xda\xbd\xd3\xc5oG\x0c\xd04\xea\x83f\xc9\
\x02Fz\x939\x92\x9f5\xe0K\xc2$\xe8\x8e\xfa\xae\
p\xea\xd4.N\x9e\xac\x02\xcb\xd0\x81\x10m\xea\xf4\x0e\
\xe8\xf06\xdb\x1a2\x9aC4@\xdbom\xe5M\xb1\
+\x8c&\xcc6\x99j\x12T\x8d\x9d\x0d\xdc\x95`\x02\
b\xd6\x02\xce\x09\xcbNc\x02\xdb\x1af(\x01\xec\xc2\
\x17\xf70[r\xae;\xca,\xb0\xb9\x83rx6]\
\xdao[\xce\x05\xa44H\x0e \xd5\xe6mtE8\
\x1f\xc1\xae.j\x13\x94\x09\xf39\x84\x9a\x04\xabk;\
\xf8\x98\x18\x8em\xa9\x01L\xcf\xf39<\x90\x10oC\
~\xce`\xc3\xc8\x0b\xc2\x16\xcd\xe8H\x8c\x13\x82s\x1a\
\xd9\xc5\x9d\x80\x01\xaa\xe7L\xa2P\xc5\xa6\x5c\x0f\x01\x91\
\xde\xbf\xbf\x0d\x1b$\xd2T\xb7U\xe6\xf7!\x0a\xd1\x5c\
}\x12t=S\xfeN\xc2\x00\xa9\x9a\xa0\xcf\x86X\xa1\
\xfc\xc2\xed\xd8\xcc\xe1]$\xd5\x84\xf9\xf9\x83\x1c\xf5o\
5\xa1z\x9bwn\xdd\xd6\xeem\xac\xdb\xd8\xd8\xc4_\
s\x06\xf8#G\x0a\xc9\x05\xa2r\x1fb\x0d\x9cf\xdf\
\xbe5\xc2Vag1{\xdb\x95\x08\x1a5\x05J\xa6\
:\xdf\x89]\xfe\xe5W\x14o\x8as+\xee\xef\x93\x9c\
:\xb5\x11\xa9\xdd\xd4\xf9&\x00\x8b\x02\x83\xa9\xed\xeb\x81\
\xddY\xe0\x0f\x9dW\xb0\xab\xa2\x09|\x18\xf9\x1ai\x81\
()\xa0v\xc7\xf1\x00\xf2\x05\x17\xa1\x15\xeaP\xf9T\
\x9c+\xb0\xc1\xa2\xbf\xef\xfe\xdf\xedF\xfeTh\x80\x13\
\x19\xec\xfdy\xa1\x01\xb6\x03\xf9\xa4\x1bF\xdd-\x0e\x0f\
\xf8\x5cA\x12\xaf|-\x83F3;Q\x00bB\xc5\
U\xcf\xf2B\xa6\x5c\x9b\xb6\x87\xab\xe6\x11\xaa{\xe6i\
\xe0\xdd\xd8\xadp\xfc\x06T\xbe\x9cG;8\x82\x90N\
WKh\x0a\x07\x01\x81m\x09\xa0r\xa5Q\x1d\x22e\
\xab\x8f\xea}.\xf01fI)O\x02\xaf\xa59\xe2\
\x17\x06\xd8\xaa\xaf\xd8\xa6\x02\xd0\xf6[\xee\xe5\xecm\xeb\
\x0dS\xcb7\xd8\xddM\xeet\xde\xc0\xe5\xc0\x9f\x01\x1f\
v\xff\xab\x84\xf7\x8e\xc5H\xc3\x80\x8a\x11;\xbd\xa9s\
R\xcb/Gj\x13Uyf\x1do1\x9a\xea.\xb6\
\xb1\x00\x98\xc4\x91\x90;\xddM\xdf\xe7\xd5\xbd\x8f\xa6=\
\xf5^6\xe1\xdf\xee\x1a g\xf9f\x09\xde\xd1\x08`\
h\xc6x\xf7\x0b\x02\xb0uT\x9dW\x87\xda!u7\
\x81\x1d\xdb\xb7\xa3c\x22\x90s\x0bU\xec\x16\xb1\x174\
\xc0\x82y\x8b\x90\x09\x1d\xb5\xa0\xba=\xf3\xfc\xff\x07\x96\
\xf2\xfd[\x97\x0e\x13\x1f\x00\x00\x00\x00IEND\xae\
B`\x82\
\x00\x00\x0fP\
\x89\
PNG\x0d\x0a\x1a\x0a\x00\x00\x00\x0dIHDR\x00\
\x00\x00\x80\x00\x00\x00\x80\x08\x06\x00\x00\x00\xc3>a\xcb\
\x00\x00\x00\x06bKGD\x00\xff\x00\xff\x00\xff\xa0\xbd\
\xa7\x93\x00\x00\x00\x09pHYs\x00\x00\x0b\x13\x00\x00\
\x0b\x13\x01\x00\x9a\x9c\x18\x00\x00\x00\x07tIME\x07\
\xe2\x01\x1e\x12\x14\x01\x5c\xf5\x89\xe8\x00\x00\x0e\xddID\
ATx\xda\xed\x9d{\x90U\xc5\x11\x87?\x96}\xf0\
\x5c@|\xa0\xa0\x01|\x80\x08*1\xe0+\xbe\x0d\x1a\
\xf3 \xc6\x18\x82\x1aMH\xd4\x98\x18+\xc6gR\xd1\
B\x8d\x8a\xc6W\xa9\x15\x89\x14\xb1B4AK4F\
c\x91h\x90\xc4\x07AE\x14A\x054(\x0a\x82\xb0\
YV\x1e\x0b\xcb\xee\xdd\xfc\xd1}\xdd\xb3s\xe6\xde\xbb\
{\xce\x9c\xbbg\xf7\xce\xaf\xeaT\xed\xd9{o\x9f9\
\xdd=3=\xdd==\xe0\xe1\xe1\xe1\xe1\xe1\xe1\xe1\xe1\
\xe1\xe1\xe1\xe1\xe1\xe1Q*\xe8\xd6\xc9\xdaz\x100\x0e\
8\x188\x00\xd8\x07\xd8\x0d\xe8\x07T\xea\xf7\x1a\x80M\
\xc0\x06`5\xb0\x12X\x02\xbc\x0c\xbc\x054{\xb1w\
\x1eT\x03g\x03\x8f\x005*\xbc8W\x0d0\x1b8\
\x0b\xe8\xeb\xd9\x9b^\x1c\x09<\x08\xd4;\x10z\xaek\
\x1b0\x0b8\xc2\xb3;=8\x15x)A\xa1\xe7\xba\
^\x04&x\x1b\xa0\xe3p(p'p|\x81\xef\xed\
\x04^\xd1k\x85^k\x81-z5\xeb\xd0\xde\x07\x18\
\xa4v\xc2\x01j7\x8c\x0f\xd8\x09\xb90\x0f\xb8Tm\
\x06\x8f\x22\xa0\x07\xf0\x1b\xa01O\xef\xac\x05f\x00\xa7\
\x00\xbdc<\xab'p\x12p_\x01{b'0\x0d\
\xa8\xf2\xe2I\x16c\x80ey\x04\xf1*0)!A\
T\x00\xdf\x04\x16\xe4y\xfe\x12`\x94\x17S2\x98\x0c\
l\xcd\xc1\xf8W\x80/\x15\xb1-\xc7\xa9\x0d`k\xcb\
\x16\xe0L/.\xb7\xb8&\x07\xb37\x02\xe7\x03e\x1d\
d\x0b\x9d\x0b\xac\xb3\xb4+\x03\x5c\xed\xc5\xe6\x06\xb7\xe7\
\x10\xfe\xdf\x81=R\xd0\xbe\x81\xc0\x139\xdax\xab\x17\
_<\xdcfaj\x13p\x15\xe9\xf3H^\xa2\xc6\xa0\
\xd9\xde\x9b\xbc\x18\xa3\xe1\x0a\x0b3\xb7\x03g\xa4\xb8\xcd\
_\xc9a\xa7\x5c\xe2\xc5\xd9>|]\xe7Q\xd3\xb8:\
\xae\x13\xb4\xfdp$\xae`\x8eZ\xa7x\xb1\xb6\x0d\xc3\
\x80:\x83\x81;\x8al\xe5\xc7\xc5\xb1\x84]\xd25\xc0\
\x10/\xde\xfc\xe8\x9ec\x9d=\xa9\x13\xbe\xcbD\xcb(\
6\x9f\xce\x15M-:.\xb7\x08\xff\xb6N\xfc>\xbf\
\xb6\xbc\xcf\x8f\xbd\x98\xed\x18L\x8bo>\x18p)w\
D\xbf/\xe2L\x9a\x81\xc4\xf97\x22y\x00\x0dH\x1e\
\xc0\xcb\xc0\xfd\xc0w\x90\xb8\x80\xab\x11\xed9\xe3\x9d6\
!\xf9\x08\x1e\x06\x1e\xb0\xcc\xfb#\x1c\xd0\xdd\x1f\x98\x89\
\x84r\xdb\x1a\xe9\xdb\xaa\x8a\xb2\x9f\x83\xe7\x0f\xb7\xd8\x03\
\xbf\xf5\xe2n\x8d\x11\x84\x83;7\xc4\xa4\xd9\x13\x09\x1a\
\xed$z\xc8\xb7\x01\x09\xf2\xf4\x88\xd9\x96_Y\xe8\x0e\
\xf5bo\xc1L\x83AkU\x80Q\xb1\x1f\x12\x98q\
\x15\xfb\x7f]{rTT\x22\xa9fA\x9a\xf7z\xb1\
\x0bvU\x07O\x909?\x8fA\xefP`}\x1ea\
.B\x5c\xb4\xe7\x02\xa7\xe9u\x9e\xfe\xef\xb5<\xbf[\
\x87\xe4\x15F\xc5O,\xd3L?/~\xb8\xcc`\xcc\
\x06\xa0W\x8c\x9eo\x13~\x06I\xe5jK\xa8v4\
\xf0P\x1e%\x88:\x12T\x01\x1f\x1b\xf4.\xf2\xe2\x0f\
\xf7\xba;b\xcc\xf9\xb6a\x7f5pL\x04z'\x00\
k,\xf4\x16\x13=\xdf`\x9aA\xeb\x85R\x17\xfe0\
\x0b\x83\x0f\x89H\xebV\x0b\xad7\x914\xaf8K\xd3\
\xb7,to\x8eHo\x94ed\xda\xab\x94\x15\xc0\x9c\
\x17\x97\xc5X\xea\xed\xb4\xf4\xfcA\x0e\xda8\xd82\x12\
4\x00\xfbF\xa4\xb7\xd8\xa05\xa5\x94\x15\xe0Q\x83\x19\
w9ZEd\x22\x0e\xfb\xb9p\xa2e\x14\xb8\xdf\xd1\
H5\xab\x94\x15\xe0#\x83\x19_\x8b@\xa3\xaf\xc5\xc9\
\xf3\xc7\x04\xda\xfa0\xe1\xe8d\x94\x84\xd3S\x0d:+\
Ky\xf9g\xf6\xaa]\x22\xd0\x99l\xa1\x93Db\xe6\
\xa1\x96\xe7|;\xa2\xc2\x9a\xa3U\x9fRT\x80\xa3\x0d\
F|\x12\x91\xce\x0c\xcb:?)\xbci<kzD\
:\xa6MqXg\x12\x9c\xab\x04\xcc\xa1\xc6\xfd\xf2\x88\
t\xccU\xc3?\x13|\xf7g\x0b<\xbb\xadXnY\
\x0d\x95\x9c\x02\x98\x16\xfa\xea\x88tL\xc7\xcc\xd2\x04\xdf\
}Y\x81g\xb7\x15\x1f\x14\xe0EI(\xc0\x00\xe3~\
sD:\xd5\xc6\xfd\xc6\x04\xdf}\x83q\xdf?\x22\x1d\
\xf3]w)E\x050#l[J\xc8\xfe\xd9\x5c\x80\
\x17%\xa1\x00\xdd\x8d\xfb\x1d\x11\xe9\xd4\x19\xf7I&[\
\x98\xb47E\xa4c\xbeky)*\x80\xc9\x84\xa8\xfe\
\xf5U\xc6\xfdA\x09\xbe\xfbh\xe3\xfe\xbf\x11\xe9\x98\xa1\
\xee\x86RT\x80\xba\x026A[\xf1\xbaq\x7fr\x82\
\xefn\xd2~\xc3\x91\xfdSW\x8a\x0a\xb0\xce\xb8\x8f\x1a\
\x14\x99g\xdc\x8f\xb5\xf4T\x17\x18k\x19]\xa2.9\
\xf7,`\x5c\x96\x04L\xff\xfa\x8a\x88t\xfa\x10\xde\x8d\
\xf3P\x02\xed5\xe3\x16\x9b\x89^{`\xa9A\xeb\xc4\
RT\x80!\x06\x13\x1a\x89\x9e\x08bz\x033H<\
\xdf\x15&\x10v\x03G\xf5\x02V\xea\x9c\x1f\xa4\xb5\x0f\
%\x0a\xb3\xea\xc6\xd1\x11\xe9\xecga\xea\x1a$\x94\x1b\
\x17{\x13\xce\xe4\xd9At\xef\xddx\xc2i\xe2%\x8b\
\xb9\x063\xae\x8aAk\x9a\xa5\x97.\x8b\xa9\x04{\x03\
\xefX\xe8\xde\x18\x83\xa6\xb9\xf9\xe5\x99RV\x80_\x1a\
\xcc\x98\x17\x83V\x0f]\x114[F\x82(s\xec\x04\
K\xcf\xcf\x06\x9b\xe2\x94\xa0y\xd6\xa0wm)+\xc0\
8\xc2\xc5\x96\xe2\xb8E\x87c\xaf\xd8\xd1\x8c\xc4\xf3\xdb\
\x12\xbc\x19k1\xf8\x82\xe9\xeaCc\xb4o \xe1\xcc\
\xa5#KY\x01\xbaYz\xd9\x851i\x1e\x9cG\x09\
\xb2y\x82w\x02?D6pN\xd4\xbf\xef\xb2X\xe7\
\xa6\xf0\xc7\xc4l\xdbE\x06\xcd\x8f\xe9\x98\xf26\xa9\xc2\
\xbd\x06S^v@s8\xe1\xdc\xbb8\xd7\x22\xdc\xec\
\xe413\xa0\xef\xc1#d\x157\x03_t@\xb7\x07\
\x92\xbd\xdb\x10C\xf0;\xd4\xe0sQv\xee$\x0b\xfd\
q^\xfc\x82\x85\x06c\x9erH{_$\x81sK\
;\x04\xbfY\xd7\xf9.\x135\x9eM`\xa4\xeb28\
\xc3\xe2\xc8\x19\xe3\xf8\x19}\x90\x1c\xbe\xe9H\x11\x8a\xf5\
\xda\xc3w\xe8\xdf\x0b\xf4\xb3o\x11\xaf\xbah[\x8c\xdd\
f\xa4\x0c\x8e\x87\xa2\xcc\xb2\xde~\xa8\x0b\xbd\xdf\x1c\xe3\
\xdd\x96\xe2+\x85\x840\x85\xb0kxX\x17x\xaf\x91\
\x84K\xc5|\xb7\xb3/\xdd\x92@%\xf0\x1e\xad\x0b)\
\xddG\xe7(\xa9R\x86$\xb8TX>\x9bn\x08|\
\xb5No\x8dE\x92UF}\x0f\x8diW\x00\x90m\
\xe1\xb7\x07\xee\xb7\xeb\xf2k}\xca\x15\xa0\x8f\xf6\xf4\xa3\
i\x09\xf6\x80\xe4\x0c^C\xeb\xec\xa79\xc0\xf3E\x12\
~O$G\xf25\x1c\xa6\xcbwK\x98\x91\x1f\xd0\xda\
\x1b8\x0d\xf8E\xca\x15`/\xe0t\xe0\x02$I5\
\xab\x00\xbb\xd1:\xf9\xa3\x09\xc9\x22*\xd6\x19D\x15\xc8\
~\x8b\x07\xe9D\x05)\xae3\xe6\xcb:\xd2_Ha\
\xa8\xb6\xbb\x91\xe2\x9f\x5cR\xe8\xaa\x03\xaew=\xdf%\
\x89\xbb\x91\xbd~YT\x93\xfeB\x0a\x8d\xda\xe6\xfa\x14\
\xb6\xad\x0eI\x98\xe94\x0aP\x83$x\x04\xf13\xd2\
\x9f:\x9d\xd6e\x9d\xf3\xe9\xa6\x18\xc1\x8b\xdb\xd5r\xcd\
b\x0f\xd2\xbd\x8f\xbe[\x8a\x15\xa02\xc7\xea$\xd5\x0a\
\xf0!aG\xd0\xe5\x84\xf7\x12\xa4M\x09\xd2\xd8\xbe\x0a\
\xd7\xcaY\xacM\x0c\xb7 \xd5\xbb\xb2\x8d\x1f\x86T\xf1\
L\xa3\x87\xb0I\xe7\xffz\xf2\x97\xb7\xcb\xe6<l\xa6\
\xa5 vR#G\x99.C\xdfs\xbd\x8c.\xe6P\
\xf78\xf0\x8d\xc0\xfdR$\xde\x9f\xb6\xa3\x5c\x07 \xa5\
\xec\xcfG\x0a@\xe4\x1a%w\x00\xef#\xc1\xae\xd9\xea\
\xe7\xa8H\xb0S\x95\xabR\xae#\x9c\x86\x9f\xfa\x11\x00\
$\x9c\x1bT\x80\xd1\xc8\xa1\x0cO\xa5L\x01\xb6!\xc5\
\xa4>,0E\x96#\xa1\xe5^:],\xd7\x11\xa1\
,\xc1\x8e\xd5L'?\xfbx\x1e\xe1\x02\xd2i\x9c\xff\
s\x95\xa9\xb3\x85\x9a_U\xe5>\x84\xc2\x07S\x96<\
l9\xf9\xc7\xa4L\xf8 \xdb\xc6l\xb5\x86mJ\x90\
A<\x82S\x81\xcf\xe3\x0f\x9c,\x88E\x06\x03\x9fN\
a\x1b\xcd\x84\x8f\xb5\x81!>W\xb6\xd1b\xc4\xd5=\
\xbe3\x09\xa3#\x96:\xb5\xb4>\x8cq\x7f\xe0/\xa4\
'H4\x8ep\xf1\xc8\x9b\xb5\x97\x0fB\xb2\x81m|\
\x1c\xa0SG\x06q\x80\xd5\xea\xdf\xc56\xb6S\xaf\x00\
\xef\x00g\x19\x8c\xec\x8fD\xd6\xd2\x80{\x80\x03\x03\xf7\
o#\x99\xc6u*\xe4\xdd\x91,\xa32\x8bQ\xd87\
\xb0t\x5c\xab6B\xc6+@\xd8\x92\xad\xa7u\x1a\xd5\
\x81\xea\x13\xa8\xed`~\x8cD\x22mA\x81]\x89\x1c\
g\xbbI\x97zU\x887\xd3\xa6\x04U\xaa\xcc\xbd\xf5\
]j\x03J\xe0\x11@%\xe1\xf2j\xd3S\xd0\xae\xdf\
\x13.Q[a\xf4\xf2\x09\xc0\x93Hl>\x93gu\
\xf00p6\xb2%\xcd\xdb\x00\x06\x9a\xb4\xf7L\x08\xfc\
o\x0cR&\xb6\xa3\xea\x0b\x0d\xd1\xe7\x07y2\x15x\
)p\x9f\xd1\x91\xa0\x16\x09h\xed\x8d=\xb0U\xa9\xf6\
B\xa5\xbe\xcf:\xd2\x19]\xecP\x7f\xf7\x12$4\xdc\
3\xd0\xbb2t\xdc\x06\xcb\xebh\xbd\xa3\xb9\x06I\xff\
\xdai|/\xeb\x8dkV;fP\x8e\xf5\x7f/$\
\xf7\xa1L\x9dK\xebu\x0a\xf1\x0a\xa0h@\xb2\x86\x8e\
\x0d\xfc\xef`$w\xb0\xd8\x8c\x1a\x88\xd4$\x0e\x0a\xf2\
\xd6<\xca\xd8\xa0\xc3\xfcV\x15\xf4\xbe\xd8\xbd\x86\xbd\x95\
vO\xa4\x96\xf2&\xa2\x17\xd0\xear\x0a\x00\xb2\xb7\xef\
\xe2\xc0<[\xa5C\xe6\xf3En\xc7U\xb4>\xcdt\
+R\xb7\xb8>\x8f![\x87\x94\x83\xe9\xa6\xd3G?\
\xc3^hV\xa5\xa8V%\xd8\x06|\xaa\xbf\xdb\x81\xc7\
g\xb8\x9bp\x9d\xe1\x9eE|~o\xc2\xc5-\xeeh\
G\x07\x1a\x89\x1c(\xbd\x90\xdc\xde\xc2\x9dH\xe0\xe8&\
d\xc7r\xb9\x1f\x01Z\xb0\x0c\xf8i`\x08\xed\xads\
l\xb1\xb6[]L\xeb U\x03\x12\xaanK\xb5\xd3\
lU\x90\x0d\xea\x03\xe8\xa7\xbe\x02S\xc0\xd9pn/\
ZB\xc8\x1bHA`'\x0d\x0aP\x87\x94\x85\x09\xee\
\xf7?H\xd7\xe3I\xaf\x9f+u\xb9\x16,Q;\x0b\
\xc9\xbcm+2:m}\xaa\x7f\xf7\xa7u\x95\xb4`\
\x9e\xc0\xae\xeaH\xca\x9e-\xb0\xd9+\x80`\x05\xb2i\
$\xcb\xa8\xfe\xc0\xbb\xbaRH\x12\xe7\x01\xe7\x18\xc2<\
\x9b\xf6\xd7(\xce\xe8\xd2\xb0>\xe0(\xeaO8\xbd\xac\
\xbb\x8ep}t)\x9cu\x19{\x00O\x10\xae\x09\x94\
\xa4\x0b\xd5\xb6\x871\xae;z\x00\x12I\xbc\x87\xf0\xe1\
\x92fz\xf7B\xe0\xfb\xf8\xb3\x87?\xc3\x11\x16FM\
L\xf0yg\x90\xcc\x1e\xff]\x10\x07\xd7l$\xa9\xa4\
\x89\xdcG\xd9>\xa6\xab\x8d\xc1^\xfc\x82\xf9\x06\x93\x16\
$\xf8\xacW\x8cg\xb9<\x9c\xa2\x1a\x09x\xcd\xd6\x91\
\xc0\xe62\xce\xa8\x0d0\x17\x98D\x07m\x98I[\xe6\
\xeb:cN\x1e\x02\xfcK\x97P.q2p\xb5\xf1\
\xbf\x0b\x89^0\xda\xc4N]\xce\xd6\xab\xa19\x80p\
\xf0\xa8\x9b~\xd6W?+\xd7\xdfl.\xf5Q\xc0\xac\
\xbd37\x81g\x98\x09\x1f\xaf:\xa2k\xda,\xa3\x90\
\x14\xf8\x05\x84\x8f\x9d\x0f&\x93,ENG\x1fYl\
f\xa7\xb1\xaa\xd5-\xc6\xfd)H\xaa\x95+\x8cCj\
\xfc\x041\xcd!\xfd\xa0\x12lA<\x80\xf9\xb6s7\
j\xaf\xaf\xa1\x93\x95\x9aOrZZi\xf4\x92G\x1c\
\xd27+|,O\xb0#\x8cW\xe5z\x87\xdc^\xc2\
UH\xa9\xbb\xa3(\xd1#\xe7l\xb8\xc0`R\x13\x92\
:\x16\x17\xb6\x0a\x1f?Hhd\x1d\x89\x9c\xa6\xfeb\
\x9e\xe5\xe0'\xaa\xdc\xa7\xe3\xbe\x96Q\xa7F\x15\x92R\
\x15d\xd6\x0c\x07t\xcd\x84\x8f\x8fH&\x95{W$\
\xd4\xfd\xb4:\x95r-\x03\xff\xa6\x0a8\xd4\x8b<\x8c\
+-\xc6R\x9c\xd3\xb9\x87X\x86\xe1\xcb\x12hw_\
\xa46\xe2c\xba\xaa\xb1-\x01\xb7\xeb4w\x05\x12J\
\xae\xf0\xe2\xb63\xb2\xd6`\xdcm1\xe8\xddi\xd0\xfa\
_\x02sn/52\xa7\x12>K9\xd8\xf3\xdfC\
\xb2\x8f\x0e\xf7b\xce\x8f\x1b\x09\xe7\xdaE9\x8fh \
\xe1\xe2\x92\xd7'\xd0\xde\xa1H\xd5\xf4\xd5y\x8c\xbeZ\
\xe0\xcfj \xfay\xbf\x00v'|\x9a\xf85\x11\xe8\
L5hl\xd5y\xda\xe5\xd2o\x18\x92>\xfe\x8f<\
F\xdfFd/\xe4\x14\x1d\xe1<\xda\x00\xb3\x00\xf5\x06\
\xdaw\x1c\x8d-\xe1\xe3n\xc7m\xacF<\x98s\x90\
\xdc\xbf\x5c[\xc8\x9eCr\x1fF\xe0\x8bK\xb6kX\
5\xb7d]\xd2\x8e\xdf_j\x99\x83]\x9e\xeb\xd3\x13\
\xf8\x02\xf0;$\xf8\x93+#h5\xb2\xc3h,\xe9\
.\x8e\x91J<H\xfe|\xfd\x5c\xa8\xb4\x18c\x7fp\
\xec\xb4:D\xa7\x98\xc5\x96\xe9*\xeb\xc3X\xa3K\xd0\
/\x13\xfdL\xc5\x92\xc6h\xcbr\xea{m\xf8\xdd\x14\
\xcb0<\xcaa\xbb\xf6T\xa7\xd5\x225Pm\xbd\xff\
S$\xd2\xf8U$\xf6\xef\x87\xfe\x88x\xd2`\xec[\
\x05\x98iK\xf8x\xc2\xb1\x81:\x11\xf8S\x1e\x8b\x7f\
\x0b\xf0\x1f5\x5c}\xe2GL\x1cea\xf0\xe9y\xbe\
oK\xf88\xc2Q[z \x01\xa5\x19\xe4\xcf\xfcy\
\x03\xb8\xc1\xcf\xfb\xee\xf0o\x83\xc1\x0b\xf3|\xd7L\xf8\
\x98\xef\xa8\x0d\x15j\xc5OE\x02I\xb9,\xfe\x8d\xea\
\xec9\xc1\x8b\xcd\x1dN\xb30\xdbv\x8c\x9c\xad\xc2\xc7\
\xa9\x8e\xda\xf09\xa4\xde\xf1\x82\x1cF_\xd6\xd5;K\
G\xa8\xdd\xbd\xd8\xdc\xc2<O\xd0\xb6}\xcbL\xf8x\
\xcd\x91\xb3\xa7\x1a)n1?\x8f\xd1W\xaf\xcf;\x0b\
\x89]x\xa3\xcf1&[\x98~X\xe0s\xdb\x91.\
\x93\x1c\x08\xbf\x1fR\xd5l&\x12\xa9\xcc\xe4\x11\xfe\x0d\
H\xcd\x03\x1f\xe4I\x00\xdd\x91`J\x90\xf1\x8f\x06>\
7\x13>V:0\xc0\xca\x91\xac\xa4\xbb\x94^\xaeZ\
A\xab\x90\x94\xf0#\xf1~\xfeD\xf1#\x8b\xb3e\x04\
\xf6\x84\x8f\xb8\x87WV !\xdb\x8b\xd4\xe8\xcc\x95\xe1\
[\xa3\xcb\xcc\xc9\x14wocI\xa2\x8a\xf0)\xa53\
\x09'|\xac%~\xd9\xb6A\xeat\xfa+\xb2\x0f0\
W\x88w\xae*\xe6p/\x9e\xe2\xe0j\x8b\x10L\x87\
\xcc\x95\x0e\x86\xfe\xe3\x91\xfd\x83\xdb\xf2\xac\xf7?@b\
\x0e{{\xb1\x14\x0f\xd5yzd6\xee\x1e7\xe4z\
\x9c\xce\xe9+h}\x82Hp\x1ax\x17IT9\x9c\
\xf6E)=\x1c\xe0\xe6<\x0apc\xcc\x9e?\x18I\
\x1ay\x1bIG\xb3\xcd\xfb\x9f\x00\x0f\xa8\xf0\xab\xbd8\
\x8a\x8f=\xb0o\xb8\xd8\x16\xc3\x01S\x81\x84\xa0\xcfA\
\xe2\xf76\x8b\xbfIm\x90\xc7\x1d,1;\x14\xe5\x9d\
\x5c\x01\xd6k\x0f4\xcf!z@{g\x14\xf4A*\
\x96\x9d\x89\xd4)\xb0\xf1(\xa3\x0a\xb0T\x0d\xcd\x81\xb4\
T>+#\x99\xc2\x0fe:\x0dm\xc7a\xc5\xb1\xae\
\xe0\xa5\x1af\xac\xf5\x1b\x91=\x04\xefG\xa4\xb7'\x12\
H\xba\x96\xdc\x11\xbc\xec\x16\xef\x8fU\xd1\xb2\xf9\x86\xd9\
R\xf1.\x15 K\xb7\x9f\x1a\x9bspXU\xb5\xbc\
\x0b(\xc0*ds\xc5d\xbd\x7f\x98x\x9bI\xb3%\
_\x0b9r\xaa\xd5\xe8\x1bJ\xb25\x81\xb3\x0aP\xa5\
\xab\x8c7\xfd\x14\x10\xc64Z\x5c\xc4q\xf7\xf9e\xab\
z\x14*OSF\xf1\xcf\x07\xe8\x85\xe3r\xf4]E\
\x01\x96 \xbbp\xb2\xa7y\xc7A\xa6\x0d\xc2\xef\xa8\xa9\
s+\xad\xcfa\xf4\x0a`,\x09]\x0e\xbb%\x81\xae\
\xa4\x00/8\xa2\xd3\x1d\xf1\xe5\xa71\x92\xd7\x16\xdb\xa4\
d\x15\xc0\x152:\xd4\xd6\xa8\xe5\x9d\x86\xfa\xbe\xd9j\
\x22\x1bq\x5cL\xdb+@\x18[\x90\x84\xd3g\x90\xdc\
\xbf\xfa\x14L\x09e\xea\x9fX\xe3\xc0\xc6\xe9r~\x80\
$\x98]AK\x19\xf8\xe6\x14\xb5\xab\x09\x09x\xf9Z\
\xc3\x1e\x1e\x1e\x1e\x1e\x1e\x1e\xb1\xf0\x7f%\xe7\xa9\x18L\
\x88\xc3\xd9\x00\x00\x00\x00IEND\xaeB`\x82\
\x00\x00\x18\xd9\
\x89\
PNG\x0d\x0a\x1a\x0a\x00\x00\x00\x0dIHDR\x00\
\x00\x02\x00\x00\x00\x02\x00\x08\x06\x00\x00\x00\xf4x\xd4\xfa\
\x00\x00\x00\x09pHYs\x00\x00\x0e\xc3\x00\x00\x0e\xc3\
\x01\xc7o\xa8d\x00\x00\x00\x19tEXtSof\
tware\x00www.inksca\
pe.org\x9b\xee<\x1a\x00\x00\x18fID\
ATx\x9c\xed\xdd\xed\xaf\xb5iY\xdf\xf1\xdfI\x04\
f\x86\x0eZ\xd3V\x9a\x8e\x95 6\x01Q\x87\x99v\
\x04\xd1\xd4\x0a\xa8\xa9\xda\x84\x9a\xc2 4Q\xc1D\xf0\
\x85\x11\xfb$R\x1b\x9b\x96b\xa6\xd5\xd44\xd1(4\
\xfajlR\xf5\x8d1\xd84\xadX\x9a\x00\x83<\xb4\
\x12\x13\x9e\xaaq\x14\x1b\x0a\x01g\x06\x87\x19\x9d\xa3/\
\xd6f\xe6\x9e\x9b\xbd\xf6\xc3\xdak\xad\xf3\xbc\xae\xf3\xf3\
\xf9\x078\xd6\x1de\x1d\x5c\xc7\xb5\xd7\xb7\x85\x0b\xa9\xaa\
\x9b\x92|G\x92oH\xf2\xb7\x92\xdc\x92\xe4/&\xb9\
\xb1\xe7\x5c\x00\x13{8\xc9\xa7\x92\xfc^\x92\xf7%\xf9\
\xefI~\xad\xb5v_\xcf\xa1\x96\xa2\xf5\x1e`tU\
\xf5\xf4$oH\xf2\xb2$\x7f\xa1\xef4\x00\x9c\xe33\
I\xeeN\xf2\x13\xad\xb5\x0f\xf5\x1efd\x16\x80-\xaa\
\xea\xc9I~<\xc9\x0f%yR\xe7q\x00\xb8\x9c\x87\
\x93\xfc\xfb$\xff\xbc\xb5\xf6`\xefaFd\x018E\
U=3\xc9\x7fN\xf25\xbdg\x01\xe0J\xde\x99\xe4\
%\xad\xb5\x8f\xf5\x1ed4\x16\x80\xebT\xd5W%\xf9\
/I\x9e\xd6{\x16\x00\xf6\xe2\x0f\x93|[k\xed\xfd\
\xbd\x07\x19\x89\x05\xe0\x1a'\xf7\xfe{\x92\xfc\xa5\xce\xa3\
\x00\xb0_\xf7&\xb9\xc3\x93\x80\xc7<\xa1\xf7\x00\xa3\xa8\
\xaa\x1b\x93\xfcj|\xf9\x03\xac\xd1-I~\xb5\xaan\
\xe8=\xc8(,\x00\x8fy}\x92[{\x0f\x01\xc0\xc1\
|m6\xff]O\x9c\x00\x92$U\xf5\x8c$\x1fH\
b3\x04X\xb7\x07\x92|\x85S\x80'\x00\x9f\xf3\xba\
\xf8\xf2\x07\x98\xc1S\x92\xfcX\xef!F0\xfd\x13\x80\
\xaazj6/\x87\xdc\xdc{\x16\x00\x8e\xe23I\x9e\
6\xfb/\x06z\x02\x90\xbc8\xbe\xfc\x01frS\x92\
\xbf\xdb{\x88\xde,\x00\xc9\x0b{\x0f\x00\xc0\xd1}S\
\xef\x01z\xb3\x00$\xcf\xed=\x00\x00G\xf7\xd5\xbd\x07\
\xe8\xcd\x02\x90|Y\xef\x01\x008\xbag\xf4\x1e\xa07\
\x0b@\xf2\xc5\xbd\x07\x00\xe0\xe8\xbe\xb0\xf7\x00\xbdY\x00\
\x92Gz\x0f\x00\xc0\xd1=\xb9\xf7\x00\xbdY\x00\x92\xa9\
\xff\x0c\x04\x809Y\x00\x92\x0f\xf7\x1e\x00\x00\x8e\xcd\x02\
\x90\xfcN\xef\x01\x00\xe0\xd8,\x00\xc9o\xf4\x1e\x00\x00\
\x8e\xcdO\x01W\xdd\x9c\xe4\x8f\xb3\xf9e(\x00&\xd1\
Z\x9b\xfa;p\xfa'\x00'\xbf\x05\xfd\x0b\xbd\xe7\x00\
\x80c\x9az\xfb\xf9\x9c\xaazf69\xe0'\xf5\x9e\
\x05\x80\xe3\xf0\x04\x80\xb4\xd6>\x9c\xe4\xae\xdes\x00\xc0\
\xb1L\xbd\xfd\x5c\xab\xaanH\xf2\x9e$\xcf\xea=\x0b\
\x00\x87\xe7\x09\x00I\x92\xd6\xda\x83I^\x9a\xe4O{\
\xcf\x02\x00\x87f\x01\xb8Fk\xedw\x92\xfc\xe3\xdes\
\x00\xc0\xa1M\xfd\xf8c\x9b\xaa\xfa\x95$/\xe9=\x07\
\x00\x873\xfb\x09`\xea\x0f\xbfMU}Q\x92\xf7&\
yz\xe7Q\x008\x90\xd9\x17\x00'\x80S\xb4\xd6>\
\x95\xe4\xce$\x0f\xf7\x9e\x05\x00\x0e\xc1\x02\xb0Ek\xed\
\x9dI\xfee\xef9\x00\xe0\x10\xa6~\xfcq\x9e\xaaz\
B6\xad\x80\x17\xf5\x9ee\x8b?Hrkk\xed\x93\
\xbd\x07\x01\xb8\xac\xaa\xaa\x9e\xff\xf9N\x00l\xd5Z{\
$\xc9+\xb3i\x05\x8c\xe8K\x93\xfc|\xef!\x00X\
\x1e\x0b\xc09Zk\xff7\xc9\xf7$\xe9\xba\xa9\x9e\xe1\
\xefW\xd5kz\x0f\x01\xc0\xb2X\x00.\xa0\xb5\xf6\xd6\
$?\xd9{\x8e3\xfcdU}M\xef!\x00X\x8e\
\xa9\xef\x1f\x97QUOL\xf2[I\x9e\xd7{\x96-\
>\x98\xe4\xf6\xd6\xda\xfd\xbd\x07\x01\xb8\x08\xef\x00\xf4\xe5\
\x09\xc0\x05\xb5\xd6\x1e\xce\xe6}\x80?\xe9=\xcb\x16\x7f\
#\xc9O\xf5\x1e\x02\x80e\xb0\x00\x5cBk\xed#I\
\xbe\xaf\xf7\x1cgxuU\xbd\xa2\xf7\x10\x00\x8co\xea\
\xc7\x1f\xbb\xaa\xaa\xb7$\xf9\xde\xdeslq\x7f6\xa7\
\x80\x0f\xf6\x1e\x04\xe0,N\x00}M\xfd\xe1wUU\
OIrO\xc6M\x07\xbf;\xc9\x0bZk\x0f\xf5\x1e\
\x04`\x1b\x0b@_N\x00;h\xad=\x90\xb1\xd3\xc1\
\x7f3\xc9\xbf\xea=\x04\x00\xe3\xb2\x00\xech\x01\xe9\xe0\
\x7fTU\xdf\xd1{\x08\x00\xc64\xf5\xe3\x8f}\x18<\
\x1d\xfc\xf1l~*\xf8\x8fz\x0f\x02p='\x80\xbe\
\xa6\xfe\xf0\xfb\xb0\x80t\xf0o&yQk\xed\xcf{\
\x0f\x02p-\x0b@_N\x00W\xb4\x80t\xf07&\
\xf9\xa7\xbd\x87\x00`,\x16\x80=X@:\xf8\xc7\xab\
\xea\x05\xbd\x87\x00`\x1cS?\xfe\xd8'\xe9`\x80\xcb\
q\x02\xe8\xcb\x13\x80=\x91\x0e\x06`I,\x00{$\
\x1d\x0c\xc0RX\x00\xf6l!\xe9\xe0[{\x0f\x01@\
_S\xdf?\x0ee\x01\xe9\xe0\x0f%\xb9M:\x18\xe8\
\xc9;\x00}y\x02p\x00\x0bH\x07\x7fE\xa4\x83\x01\
\xa6f\x018\x10\xe9`\x00F6\xf5\xe3\x8fc\x90\x0e\
\x068\x9d\x13@_S\x7f\xf8c\x90\x0e\x068\x9d\x05\
\xa0/'\x80\x03\x93\x0e\x06`D\x16\x80#\x90\x0e\x06\
`4S?\xfe86\xe9`\x80\xc78\x01\xf45\xf5\
\x87?6\xe9`\x80\xc7X\x00\xfar\x028\x22\xe9`\
\x00Fa\x0182\xe9`\x00F0\xf5\xe3\x8f^\xa4\
\x83\x01\x9c\x00z\xf3\x04\xa0\x03\xe9`\x00z\xb3\x00t\
\x22\x1d\x0c@O\x16\x80\x8e\xa4\x83\x01\xe8e\xea\xfb\xc7\
\x08\xa4\x83\x81Yy\x07\xa0/O\x00:;I\x07\xbf\
\x22\xd2\xc1\x00\x1c\x91\x05`\x00\xad\xb5\x8fF:\x18\x80\
#\x9a\xfa\xf1\xc7h\xa4\x83\x81\x998\x01\xf45\xf5\x87\
\x1f\x8dt00\x13\x0b@_N\x00\x03\x91\x0e\x06\xe0\
X,\x00\x83\x91\x0e\x06\xe0\x18\xa6~\xfc1\xb2\xaa\xfa\
\xa5$/\xeb=\xc7\x16\xd2\xc1\xc0\x959\x01\xf45\xf5\
\x87\x1f\xd9\x02\xd2\xc1oK\xf2B\xe9``W\x16\x80\
\xbe\x9c\x00\x06u\x92\x0e~Y\xc6M\x07\xff\xedH\x07\
\x03,\x96\x05``\xad\xb5wE:\x18\x80\x03\x98\xfa\
\xf1\xc7\x12,$\x1d\xfc\xdc\xd6\xda'z\x0f\x02,\x8b\
\x13@_\x9e\x00\x0cn!\xe9\xe0\x9f\xeb=\x04\x00\x97\
c\x01X\x00\xe9`\x00\xf6\xcd\x02\xb0\x10\xd2\xc1\x00\xec\
\xd3\xd4\xf7\x8f\xa5\x91\x0e\x06\xd6\xc4;\x00}y\x02\xb0\
 \xd2\xc1\x00\xec\x8b\x05`a\xa4\x83\x01\xd8\x87\xa9\x1f\
\x7f,\x99t0\xb0tN\x00}M\xfd\xe1\x97L:\
\x18X:\x0b@_N\x00\x0b%\x1d\x0c\xc0UX\x00\
\x16L:\x18\x80]M\xfd\xf8c-\xa4\x83\x81%r\
\x02\xe8k\xea\x0f\xbf\x16\xd2\xc1\xc0\x12Y\x00\xfar\x02\
X\x01\xe9`\x00.\xcb\x02\xb0\x12\xd2\xc1\x00\x5c\xc6\xd4\
\x8f?\xd6F:\x18X\x12'\x80\xbe<\x01X\x11\xe9\
`\x00.\xca\x02\xb02\xd2\xc1\x00\x5c\x84\x05`\x85\xa4\
\x83\x018\xcf\xd4\xf7\x8f5[H:\xf8\xf6\xd6\xda}\
\xbd\x07\x01\x98\x91'\x00+uM:\xf8\xd3\xbdg\xd9\
B:\x18\xa0#\x0b\xc0\x8a- \x1d\xfc*\xe9`\x80\
>\x9c\x00& \x1d\x0c\xc0\xf5,\x00\x13\x90\x0e\x06\xe0\
zN\x00\x13XH:\xf8_\xf7\x1e\x02\x00V\xa9\xaa\
~\xa0\xc6\xf5HI\x07\x03\x1c\x8d\x13\xc0dJ:\x18\
\x80X\x00\xa6S\xd2\xc1\x00\xc4;\x00\xd3\x91\x0e\x06\x80\
\x89U\xd5\x1b\xfa\x9e\xfc\xcf\xf4pI\x07\x03\x1c\x94\x13\
\xc0\xa4J:\x18`jN\x00\x93\x92\x0e\x06\x98\x9b\x05\
`b\xd2\xc1\x000\xb1\xaa\xfa\xb7}O\xfeg\xfa\xd3\
\x92\x0e\x06\xd8;\xef\x00 \x1d\x0c0!'\x00\xa4\x83\
\x01&d\x01 \x89t0\xc0l\x9c\x00x\x9c\x92\x0e\
\x06\x98\x82\x05\x80\xc7)\xe9`\x80)8\x01\xf08\xd2\
\xc1\x000\xb1\xaazm\xcf\xbf\xfd;\x87t0\xc0\x15\
9\x01\xb0UI\x07\x03\xac\x96\x05\x80\xadJ:\x18`\
\xb5\xbc\x03\xc0V\xd2\xc1\x000\xb1\xaa\xfa\xd1\xbe'\xff\
3I\x07\x03\xec\xc0\x09\x80s\x95t0\xc0\xea8\x01\
p.\xe9`\x80\xf5\xb1\x00p!\xd2\xc1\x000\xb1\x92\
\x0e\x06X\x05\xef\x00p)%\x1d\x0c\xb0\x0aN\x00\x5c\
\x8at0\xc0:X\x00\xb84\xe9`\x80\xe5s\x02`\
g%\x1d\x0c\xb0X\x16\x00vV\xd2\xc1\x00\x8b\xe5\x04\
\xc0\xce\xa4\x83\x01`b%\x1d\x0c\xb08N\x00\xecE\
I\x07\x03,\x8a\x05\x80\xbd(\xe9`\x80E\xf1\x0e\x00\
{!\x1d\x0c\x00\x13+\xe9`\x80Ep\x02`\xafJ\
:\x18`\x11\x9c\x00\xd8+\xe9`\x80e\xb0\x00\xb0w\
\xd2\xc1\x000\xb1\x92\x0e\x06\x18\x96w\x008\x98\x92\x0e\
\x06\x18\x96\x13\x00\x07#\x1d\x0c0.\x0b\x00\x07%\x1d\
\x0c0&'\x00\x8e\xa2\xa4\x83\x01\x86b\x01\xe0(J\
:\x18`(N\x00\x1c\x85t0\x00L\xac\xa4\x83\x01\
\x86\xe0\x04\xc0\xd1\x95t0@w\x16\x00\x8e\xae\xa4\x83\
\x01\xba\xf3\x0e\x00G\xb7\x90t\xf0?\xeb=\x04\x00\xac\
RI\x07\x03t\xe3\x04@7%\x1d\x0c\xd0\x8d\x13\x00\
\xddH\x07\x03\xf4c\x01\xa0+\xe9`\x00\x98XI\x07\
\x03\x1c\x95w\x00\x18BI\x07\x03\x1c\x95\x13\x00C\x90\
\x0e\x068.\x0b\x00\xc3\x90\x0e\x068\x1e'\x00\x86S\
\xd2\xc1\x00\x07g\x01`8%\x1d\x0cppN\x00\x0c\
G:\x18\x00&V\xd2\xc1\x00\x07\xe3\x04\xc0\xd0J:\
\x18\xe0 ,\x00\x0c\xad\xa4\x83\x01\x0e\xc2;\x00\x0cM\
:\x18\x00&V\xd2\xc1\x00{\xe5\x04\xc0\x22\x94t0\
\xc0^9\x01\xb0\x08\xd2\xc1\x00\xfbe\x01`1\x16\x92\
\x0e~m\xef!\x00`\x95\xaa\xea\xae\xbe'\xff3=\
X\xd2\xc1\xc0\x02x\x07\x80\xc5)\xe9`\x80+s\x02\
`q\xa4\x83\x01\xae\xce\x02\xc0\x22I\x07\x03\x5c\x8d\x13\
\x00\x8bVUoN\xf2\xaa\xdesl!\x1d\x0c\x0c\xcb\
\x02\xc0\xa2U\xd5M\xd9\xe4y\xa5\x83\x01.\xc1\x09\x80\
Ek\xad}&\xd2\xc1\x000\xa7\x92\x0e\x06\xb8\x14'\
\x00V\xa3\xa4\x83\x01.\xcc\x02\xc0j\x94t0\xc0\x85\
y\x07\x80\xd5\x90\x0e\x06\x80\x89\x95t0\xc0\xb9\x9c\x00\
X\x9d\x92\x0e\x068\x97\x13\x00\xab#\x1d\x0cp>\x0b\
\x00\xab$\x1d\x0c\x00\x13+\xe9`\x80Sy\x07\x80U\
+\xe9`\x80S9\x01\xb0j\xd2\xc1\x00\xa7\xb3\x00\xb0\
z\xd2\xc1\x00\x9f\xcf\x09\x80i\x94t0\xc0\xa3,\x00\
L\xa3\xa4\x83\x01\x1e\xe5\x04\xc04\xa4\x83\x01`b%\
\x1d\x0c\xe0\x04\xc0\x9c\xaa\xea\xee$w\xf6\x9ec\x0b\xe9\
`\xe0\xe0,\x00L\xa9\xa4\x83\x81\xc9y\x07\x80)I\
\x07\x03\xc0\xc4J:\x18\x98\x94\x13\x00S\xabM:\xf8\
\xadI^\xdc{\x96-\xee\xcd\xe6}\x00\xe9``\xaf\
\x9c\x00\x98\xdaI:\xf8\x1ff\xdct\xf0-\x91\x0e\x06\
\x0e\xc0\x02\xc0\xf4\xa4\x83\x01`b%\x1d\x0cL\xc4;\
\x00p\xa26\xe9\xe0\xb7%y~\xefY\xb6\x90\x0e\x06\
\xf6\xc6\x09\x00N\x9c\xa4\x83_\x19\xe9``\x02\x16\x00\
\xb8\x86t00\x0b'\x008EI\x07\x03+g\x01\
\x80S\x94t0\xb0rN\x00p\x0a\xe9`\x00\x98X\
I\x07\x03+\xe5\x04\x00\xe7(\xe9``\x85,\x00p\
\x8e\x92\x0e\x06V\xc8;\x00p\x0e\xe9`\x00\x98XI\
\x07\x03+\xe2\x04\x00\x17T\xd2\xc1\xc0\x8a8\x01\xc0\x05\
-$\x1d\xfc\x0bUe\xb1\x07\xcee\x01\x80KX@\
:\xf8\xdb\x93\xbc\xa6\xf7\x10\x00\xb0J%\x1d\x0c,\x9c\
G\x85\xb0\x83\x92\x0e\x06\x16\xce\x09\x00v \x1d\x0c,\
\x9d\x05\x00v$\x1d\x0c,\x99\x13\x00\x5cQI\x07\x03\
\x0bd\x01\x80+\xaaM:\xf8\x9e$\xcf\xee=\xcb\x16\
\xbf\x9d\xe4\xeb\xa4\x83\x81k9\x01\xc0\x15- \x1d|\
{\xa4\x83\x01\xe00J:\x18X\x10'\x00\xd8\xa3\x92\
\x0e\x06\x16\xc2\x02\x00{T\xd2\xc1\xc0Bx\x07\x00\xf6\
H:\x18\x00&V\xd2\xc1\xc0\xe0\x9c\x00\xe0\x00J:\
\x18\x18\x9c\x13\x00\x1c\x80t00:\x0b\x00\x1c\xc8I\
:\xf8\xbb#\x1d\x0c\x00\xf3)\xe9``@\x1e\xff\xc1\
\x81\x95t00 '\x0080\xe9``D\x16\x00\
8\x02\xe9``4N\x00pD%\x1d\x0c\x0c\xc2\x02\
\x00GTU7$yg\x92\xaf\xee=\xcb\x16\xd2\xc1\
0\x09'\x008\xa2\xd6\xda\x83I\xbe+\xd2\xc1\x000\
\x9f\x92\x0e\x06:s\x02\x80NJ:\x18\xe8\xc8\x02\x00\
\x9d\x94t0\xd0\x91w\x00\xa0\x13\xe9`\x00\x98XI\
\x07\x03\x1d8\x01@g%\x1d\x0ct\xe0\x04\x00\x9dI\
\x07\x03=X\x00`\x00\xd2\xc1\x000\xb1\x92\x0e\x06\x8e\
\xc4#=\x18Hm\xd2\xc1oOrG\xefY\xb6\xf8\
\xdd$\xb7\x9d\xfc\xa2!\xb0`N\x000\x90\x93t\xf0\
\xcb3n:\xf8Y\xf1\xa7\x81\xb0\x0a\x9e\x00\xc0\x80\xaa\
\xea\xce$w\xf7\x9ec\x8b\xcf&yNk\xed\xc3\xbd\
\x07\x01v\xe7\x09\x00\x0c\xa8\xb5\xf6KI\xde\xd2{\x8e\
-\x9e\x9c\xe4\x07{\x0f\x01\x5c\x8d'\x000\xa8\x1a;\
\x1d|_\x92[Zk\x7f\xd2{\x10`7\x9e\x00\xc0\
\xa0N^\xb4{e\xc6L\x07\xdf\x9c\xe4\x9b{\x0f\x01\
\xec\xce\x02\x00\x03k\xad\xfd\xef$?\xdc{\x8e-\xbe\
\xbe\xf7\x00\xc0\xee,\x000\xb8\xd6\xda\xcf$\xf9\xe5\xde\
s\x9c\xe2y\xbd\x07\x00vg\x01\x80exu\x92\xdf\
\xeb=\xc4u\xfej\xef\x01\x80\xddY\x00`\x01\x06M\
\x07\xff\xe5\xde\x03\x00\xbb\xb3\x00\x00\xbbz\xa4\xf7\x00\xc0\
\xee,\x00\xb0\x00U\xf5EI\xfeS\x92'\xf6\x9e\xe5\
\x1a\xff\xaf\xf7\x00\xc0\xee,\x00\xb0\x0coN\xf2\xf4\xde\
C\x5c\xe7c\xbd\x07\x00vg\x01\x80\xc1U\xd5k\x92\
|g\xef9N\xf1\x8e\xde\x03\x00\xbb\xb3\x00\xc0\xc0\xaa\
\xea\xab\x92\xfc\xbb\xdesl\xf1\xf6\xde\x03\x00\xbb\xf3S\
\xc00\xa8\xc1\x7f\x0a\xf8\xd3I\xfeZk\xed\x81\xde\x83\
\x00\xbb\xf1\x04\x00\xc6\xf5\x1f2\xe6\x97\x7f\x92\xfc\xa2/\
\x7fX6O\x00`@\x83\xe7\x80\x1f\xcc&\x07\xfc\x91\
\xde\x83\x00\xbb\xf3\x04\x00\x06SU\xcfH\xf2\xb3\xbd\xe7\
8\xc3\x9b|\xf9\xc3\xf2y\x02\x00\x03\xa9\xaa'f\xf3\
r\xdd\x1d\xbdg\xd9\xe2w\x93\xdcvR*\x04\x16\xcc\
\x13\x00\x18\xcb\x1b3\xee\x97\xffg\x93|\x97/\x7f\x00\
\xd8\xa3\xaa\xfa\x96\xaaz\xa4\xc6\xf5\xda\xde\xffF\xc0\xfe\
8\x01\xc0\x00\xaa\xeaK\x92\xbc/\xc9\xd3z\xcf\xb2\xc5\
\xaf%\xf9{\xad\xb5\xea=\x08\xb0\x1f\x16\x00\xe8\xac\xaa\
\x9e\x90\xe4\xadI^\xdc{\x96-\xeeMrkk\xed\
\x13\xbd\x07\x01\xf6\xc7;\x00\xd0\xdf\x8fd\xdc/\xff?\
Kr\xa7/\x7f\x00\xd8\xa3\xaa\xba\xa3\xaa\x1e\xea{\xda\
?\xd3\x8f\xf6\xfe7\x02\x0e\xc3\x09\x00:\xa9M\xe2\xf7\
\xbd\x19\xaf\xf2\xf79oK\xf2\xc2\xd6\xda\x9f\xf7\x1e\x04\
\xd8?'\x00\xe8\xe7g2\xee\x97\xff\xc7\xb3\xf9\x93?\
_\xfe\xb0R\x16\x00\xe8\xa06\x7fRwg\xef9\xb6\
\xa8$\xafj\xad\xfdQ\xefA\x00`5\xaa\xea+\xab\
\xea3}O\xfbg\xba\xab\xf7\xbf\x11px\xde\x01\x80\
#\xaa\xb1\x13\xbfI\xf2\xdbI\xbe\xae\xb5\xf6P\xefA\
\x80\xc3r\x02\x80\xe3\x1a9\xf1{\x7f6w\x7f_\xfe\
0\x01\x0b\x00\x1cIU\xfd\x83$\xaf\xea=\xc7\x19\xbe\
\xbf\xb5\xf6\xc1\xdeC\x00\xc7\xe1\x04\x00GP\x9b\xc4\xef\
{\x92|a\xefY\xb6xKk\xed\xd5\xbd\x87\x00\x8e\
\xc7\x02\x00\x07V\x9b\xc4\xef\xdb\x92<\xbf\xf7,[|\
(\xc9\xed\xad\xb5\xfbz\x0f\x02\x1c\x8f\x13\x00\x1c\xde\x1b\
3\xee\x97\xffg\x93\xbc\xd4\x97?\x00\xecQI\xfc\x02\
\x83r\x02\x80\x03)\x89_``\x16\x008\x80\x92\xf8\
\x05\x06\xe7\x1d\x008\x0c\x89_\x00\x98II\xfc\x02\x0b\
\xe0\x04\x00{T\x12\xbf\xc0B8\x01\xc0~I\xfc\x02\
\x8b`\x01\x80=)\x89_\x00\x98KI\xfc\x02\x0b\xe3\
\x1d\x00\xb8\xa2\xaa\xba)\xc9=I\x9e\xdd{\x96-$\
~\x81\xcf\xe3\x04\x00W\xf7\xd3\x19\xf7\xcb_\xe2\x178\
\x95\x05\x00\xae\xa0$~\x81\x85r\x02\x80\x1d\x95\xc4/\
\xb0`\x16\x00\xd8AI\xfc\x02\x0b\xe7\x04\x00\xbb\x91\xf8\
\x05\x80\x99T\xd5\xb7\x96\xc4/\xb0pN\x00p\x09%\
\xf1\x0b\xac\x84\x05\x00.\xa8$~\x81\x15\xf1\x0e\x00\x5c\
\x9c\xc4/\x00\xcc\xa4$~\x81\x95q\x02\x80s\x94\xc4\
/\xb0BN\x00p>\x89_`u,\x00p\x86\x92\
\xf8\x05\x80\xb9T\xd5sJ\xe2\x17X)\xef\x00\xc0)\
j\x93\xf8}w\x92g\xf5\x9ee\x8bw'y\x81\xca\
\x1f\xb0+'\x008\xddOg\xdc/\xff\xfb\x93\xbc\xc2\
\x97?p\x15\x16\x00\xb8NI\xfc\x02\x13p\x02\x80k\
\x94\xc4/0\x09\x0b\x00\x9c(\x89_`\x22N\x00\xf0\
\x18\x89_\x00\x98II\xfc\x02\x93q\x02`z5~\
\xe2\xf7WZk\xdf\xd9{\x08`],\x00L\xad$\
~\x81Iy\x07\x80\xd9I\xfc\x02\xc0LJ\xe2\x17\x98\
\x98\x13\x00S*\x89_`rN\x00\xccJ\xe2\x17\x98\
\x9a\x05\x80\xe9\x94\xc4/\x00\xcc\xa5$~\x01\x92x\x07\
\x80\x89\x94\xc4/\xc0\xa3\x9c\x00\x98\x89\xc4/\xc0\x09\x0b\
\x00S(\x89_\x80\xc7q\x02`\xf5J\xe2\x17\xe0\xf3\
X\x00X\xb5\xda$~\x7f+\xc9\xf3z\xcf\xb2\x85\xc4\
/\xd0\x85\x13\x00k\xf7\xc6\x8c\xfb\xe5/\xf1\x0b\x00\xfb\
V\x12\xbf\x00[9\x01\xb0J%\xf1\x0bp&\x0b\x00\
\xabS\x9b\xc4\xefo$yQ\xefY\xb6\xf8\x83$\xcf\
U\xf9\x03z\xf2\x0e\x00k\xf4#\x19\xf7\xcb\xff\xcf\x92\
\xbc\xdc\x97?\x00\xecQI\xfc\x02\x5c\x88\x13\x00\xabQ\
\x12\xbf\x00\x17\xe6\x04\xc0\x9a\xfcl\xc6\xfd\xf2\x97\xf8\x05\
\x86b\x01`\x15j\xf3'u/\xeb=\xc7\x16\x12\xbf\
\x00\xb0o%\xf1\x0bpi\xde\x01`\xd1J\xe2\x17`\
'N\x00,\x9d\xc4/\xc0\x0e,\x00,VI\xfc\x02\
\xec\xcc\x09\x80E*\x89_\x80+\xb1\x00\xb08%\xf1\
\x0bpeN\x00,\x91\xc4/\x00\xcc\xa4$~\x01\xf6\
\xc2\x09\x80\xc5(\x89_\x80\xbd\xb1\x00\xb0\x08%\xf1\x0b\
\xb0W\xde\x01`)$~\x01`&%\xf1\x0b\xb0w\
N\x00\x0c\xad$~\x01\x0e\xc2\x09\x80\xd1I\xfc\x02\x1c\
\x80\x05\x80a\x95\xc4/\x00\xcc\xa5$~\x01\x0e\xca;\
\x00\x0c\xa7\xaa\x9e\x92\xe4\x9e\x8c[\xf9\x93\xf8\x05\x16\xcf\
\x09\x80\x11I\xfc\x02\x1c\x98\x05\x80\xa1\xd4&\xf1\xfb\xbd\
\xbd\xe78\x83\xc4/\xb0\x0aN\x00\x0c\xa3$~\x01\x8e\
\xc6\x02\xc0\x10J\xe2\x17\xe0\xa8\x9c\x00\x18\xc5\xbf\xc9\xb8\
_\xfe\x0fF\xe2\x17\x00\xf6\xab\xc6O\xfc\xbe\xa6\xf7\xbf\
\x11\xc0\xbe9\x01\xd0UI\xfc\x02ta\x01\xa0\x9b\x92\
\xf8\x05\xe8\xc6;\x00\xf4$\xf1\x0b\x003)\x89_\x80\
\xae\x9c\x008\xba\x92\xf8\x05\xe8\xce\x09\x80\x1e$~\x01\
:\xb3\x00pT%\xf1\x0b\x00s)\x89_\x80ax\
\x07\x80\xa3(\x89_\x80\xa18\x01p,\x12\xbf\x00\x03\
\xb1\x00pp%\xf1\x0b0\x1c'\x00\x0e\xaa$~\x01\
\x86d\x01\xe0`J\xe2\x17`XN\x00\x1c\x92\xc4/\
\x00\xcc\xa4$~\x01\x86\xe6\x04\xc0\xde\x95\xc4/\xc0\xf0\
,\x00\xecUI\xfc\x02,\x82w\x00\xd87\x89_\x00\
\x98I\x8d\x9f\xf8}}\xef\x7f#\x80Q8\x01\xb0\x17\
%\xf1\x0b\xb0(N\x00\xec\x8b\xc4/\xc0\x82X\x00\xb8\
\xb2\x92\xf8\x05\x80\xb9\x94\xc4/\xc0\x22y\x07\x80\x9d\x95\
\xc4/\xc0b9\x01p\x15\x12\xbf\x00\x0be\x01`'\
%\xf1\x0b\xb0hN\x00\x5cZI\xfc\x02,\x9e\x05\x80\
K)\x89_\x80Up\x02\xe0\xb2$~\x01`&%\
\xf1\x0b\xb0\x1aN\x00\x5cHI\xfc\x02\xac\x8a\x05\x80s\
\x95\xc4/\xc0\xeax\x07\x80\x8b\x90\xf8\x05\x80\x99\x94\xc4\
/\xc0*9\x01\xb0UI\xfc\x02\xac\x96\x13\x00g\x91\
\xf8\x05X)\x0b\x00\xa7*\x89_\x00\x98KI\xfc\x02\
\xac\x9ew\x00x\x9c\x92\xf8\x05\x98\x82\x13\x00\xd7\x93\xf8\
\x05\x98\x80\x05\x80G\x95\xc4/\xc04\x9c\x00H\x22\xf1\
\x0b0\x1b\x0b\x00\x12\xbf\x00\x13r\x02 \x91\xf8\x05\x80\
\xb9\x94\xc4/\xc0\x94\x9c\x00&V\x12\xbf\x00\xd3\xb2\x00\
L\xaa$~\x01\xa6\xe6\x1d\x80y\xbd>\xe3~\xf9K\
\xfc\x02\xc0\xbe\x95\xc4/\xc0\xf4\x9c\x00&S\x12\xbf\x00\
\xc4\x09`F\x12\xbf\x00X\x00fRU?\x10\x89_\
\x00\x98GI\xfc\x02p\x0d\xef\x00L\xa0$~\x01\xb8\
\x8e\x13\xc0\x1c$~\x01x\x1c\x0b\xc0\xca\x95\xc4/\x00\
\xa7p\x02X\xb1\x92\xf8\x05`\x0b\x0b\xc0J\x95\xc4/\
\x00g\xf8\x82\xde\x03p0\x12\xbf\xc0\xd0\xaa\xaaz\xfe\
\xe7\xb7\xd6\xa6\xfe\x1f\xc1\xde\x01X\xa1\xaa\xfa\xd6$\xaf\
\xeb=\xc7\x19^\xd7Z{_\xef!\x00f6\xf5\xf6\
\xb3F%\xf1\x0b,\x84'\x00}M\xfd\xe1\xd7\xa6$\
~\x81\x05\xb1\x00\xf4\xe5\x04\xb0.\x12\xbf\x00\x5c\x88\x05\
`%\xaa\xea\x8e$?\xd6{\x8e3\xfc\x8b\xd6\xda\xff\
\xec=\x04\x00\x1bS?\xfeX\x8b\x92\xf8\x05\x16\xc8\x09\
\xa0/O\x00\xd6A\xe2\x17\x80K\xb1\x00,\x5cI\xfc\
\x02\xb0\x83\xa9\x1f\x7f,]U='\xc9\xbb\x92\xdc\xd8\
{\x96-\xeej\xad\xfd\x93\xdeC\x00cr\x02\xe8k\
\xea\x0f\xbfd\x12\xbf\xc0\xd2Y\x00\xfar\x02X.\x89\
_\x00vf\x01X\xa0\xaazi$~\x01\xb8\x82\xa9\
\x1f\x7f,\xd1I\xe2\xf7\xbdI\x9e\xda{\x96-\xde\xdc\
Z\xfb\xbe\xdeC\x00\xe3s\x02\xe8k\xea\x0f\xbf4\x0b\
I\xfc\xde\xd6Z\xbb\xbf\xf7 \xc0\xf8,\x00}9\x01\
,\xcb\x12\x12\xbf\xbe\xfc\x01\x16\xc0\x02\xb0\x10\x12\xbf\x00\
\xec\xd3\xd4\x8f?\x96B\xe2\x17X#'\x80\xbe\xa6\xfe\
\xf0K \xf1\x0b\xac\x95\x05\xa0/'\x80\xf1I\xfc\x02\
\xb0w\x16\x80\x81I\xfc\x02p(S?\xfe\x18\x99\xc4\
/\xb0vN\x00}y\x020.\x89_\x00\x0e\xc6\x02\
0 \x89_\x00\x0em\xea\xc7\x1f#\x92\xf8\x05f\xe1\
\x04\xd0\xd7\xd4\x1f~4\x12\xbf\xc0L,\x00}9\x01\
\x8cE\xe2\x17\x80\xa3\xb0\x00\x0cB\xe2\x17\x80c\x9a\xfa\
\xf1\xc7($~\x81\x199\x01\xf45\xf5\x87\x1f\x81\xc4\
/0+\x0b@_N\x00\xfdI\xfc\x02pt\x16\x80\
\x8e$~\x01\xe8e\xea\xc7\x1f=I\xfc\x02\xb3s\x02\
\xe8k\xea\x0f\xdf\xcbB\x12\xbf\xb7\xb6\xd6>\xd9{\x10\
`\xbd,\x00}9\x01\xf4\xb1\x84\xc4\xaf/\x7f\x80\x15\
\xb3\x00\x1cYU}m$~\x01\xe8l\xea\xc7\x1f\xc7\
\xb6\x80\xc4\xefo&y\x91\xca\x1fp\x0cN\x00}y\
\x02p\x5c\xff1\xe3~\xf9\x7f<\x9b\x9f\xfa\xf5\xe5\x0f\
0\x01\x0b\xc0\x91\x9c$~_\xd2{\x8e-$~\x01\
&3\xf5\xe3\x8fc\x91\xf8\x05\xf8|N\x00}M\xfd\
\xe1\x8fA\xe2\x17\xe0t\x16\x80\xbe\x9c\x00\x0eO\xe2\x17\
\x80\xe1X\x00\x0eH\xe2\x17\x80QM\xfd\xf8\xe3\x90\xaa\
\xea\xcb\x93\xbc'\x12\xbf\x00\xa7r\x02\xe8k\xea\x0f\x7f\
(\x12\xbf\x00\xe7\xb3\x00\xf4\xe5\x04p\x18\x12\xbf\x00\x0c\
\xcd\x02\xb0g\x12\xbf\x00,\xc1\xd4\x8f?\xf6M\xe2\x17\
\xe0\xe2\x9c\x00\xfa\x9a\xfa\xc3\xef\x93\xc4/\xc0\xe5X\x00\
\xfar\x02\xd8\x1f\x89_\x00\x16\xc3\x02\xb0\x07\x12\xbf\x00\
,\xcd\xd4\x8f?\xf6A\xe2\x17`7N\x00}y\x02\
pu\x12\xbf\x00,\x8e\x05\xe0\x0a$~\x01X\xaa\xa9\
\x1f\x7f\x5c\x85\xc4/\xc0\xd58\x01\xf45\xf5\x87\xdf\x95\
\xc4/\xc0\xd5Y\x00\xfar\x02\xd8\x8d\xc4/\x00\x8bf\
\x01\xb8$\x89_\x00\xd6`\xea\xc7\x1f\x97%\xf1\x0b\xb0\
?N\x00}M\xfd\xe1/c\x01\x89\xdf\x0f&\xb9]\
\xe5\x0fX\x0a\x0b@_N\x00\x17'\xf1\x0b\xc0jX\
\x00.`!\x89\xdf\xf7\xf7\x1e\x02\x80\xe5\x98\xfa\xf1\xc7\
EH\xfc\x02\x1c\x86\x13@_S\x7f\xf8\xf3H\xfc\x02\
\x1c\x8e\x05\xa0\xaf/\xe8=\xc0\xe0FN\xfc&\xc9\x97\
&\xf9D\xe7\xff\x1f\x02`\x81\xa6\xde~\xcer\x92\xf8\
\xfd\x1fI\x9e\xd8{\x16\x00\xf6o\xf6'\x00S\x7f\xf8\
m\x16\x90\xf8\x05\xe0\x8af_\x00\xfc\x15\xc0\xe9FN\
\xfc\x02\xc0\x95Y\x00\xae3x\xe2\x17\x00\xf6b\xea\xc7\
\x1f\xd7[@\xe2\x17\x80=\x99\xfd\x040\xf5\x87\xbfV\
U\xdd\x90\xcd\xef\xfc\x8fZ\xf9\x03`\x8ff_\x00\x9c\
\x00\x1e\xf3\x86\xf8\xf2\x07`\x12So?\x9fSU\xcf\
L\xf2\x81$O\xea=\x0b\x00\xc7\xe1\x09\x00I\xf2\xc3\
\xf1\xe5\x0f\xc0D\xa6\xde~\x92\xa4\xaanN\xf2\xc7I\
n\xea=\x0b\x00\xc7\xe3\x09\x00\xdf\x12_\xfe\x00L\xc6\
\x02\x90|s\xef\x01\x00\xe0\xd8,\x00\xc9W\xf6\x1e\x00\
\x00\x8e\xcd\x02\x90<\xb3\xf7\x00\x00pl\x16\x80\xe4\xe6\
\xde\x03\x00\xc0\xb1Y\x00\xfc\x1b\x00\xcc\xe8\xb3\xbd\x07\xe8\
\xcd\x97_\xf2\xc9\xde\x03\x00pt\x9f\xee=@o\x16\
\x80\xe4\xf7{\x0f\x00\xc0\xd1}\xb4\xf7\x00\xbdY\x00\x92\
\xf7\xf6\x1e\x00\x80\xa3{\x7f\xef\x01z\xb3\x00$\xff\xb5\
\xf7\x00\x00\x1c\xdd\x7f\xeb=@oS\xff\x0cb\xf2\xe8\
O\x01\xffa\xfc5\x00\xc0,\x1eH\xf2\xb4\xd6\xda\xfd\
\xbd\x07\xe9i\xfa'\x00\xad\xb5\xfb\x92\xfcb\xef9\x00\
8\x9a\xbbg\xff\xf2O<\x01H\x92T\xd53\xb2\xc9\
\x01\xdf\xd0{\x16\x00\x0e\xea\xa1$\xcfn\xad}\xa4\xf7\
 \xbdM\xff\x04 IZk\x1fMrW\xef9\x00\
8\xb8\x9f\xf2\xe5\xbf\xe1\x09\xc0\x89\xaa\xba1\xc9\xdb\x93\
\xdc\xd6{\x16\x00\x0e\xe2\x1dI\xbe\xb1\xb56\xfd\x8f\x00\
%\x16\x80\xc7\xa9\xaa/K\xf2\xae$\x7f\xa5\xf7,\x00\
\xec\xd5\xbdI\xeeh\xad}\xac\xf7 \xa3p\x02\xb8F\
k\xed\xf7\x93|S\x12\xff\x07\x02\xb0\x1e\xf7&\xf96\
_\xfe\x8fg\x01\xb8Nk\xed\x03I\xbe>\xc9{z\
\xcf\x02\xc0\x95\xbd#\x9b\xff\xe5\xff\xbfz\x0f2\x1a\x0b\
\xc0)N^\x0a|~\x927E0\x02`\x89\x1eN\
\xf2\x13I\xfe\x8e\xff\xe5\x7f:\xef\x00\x9c\xa3\xaa\xfez\
\x92\xd7'yy\x92\xa7v\x1e\x07\x80\xb3=\x90\xe4\xee\
$o\xf2\xb6\xff\xd9,\x00\x17t\xf2W\x02\xdf\x9e\xe4\
\x1b\x92\xdc\x91\xe4\x96$_\x9c\xe4\xc6\x9es\x01L\xec\
\xa1$\x9fJ\xf2\x7f\x92\xbc/\x9b\x9f\xf7\xfdu?\xf2\
s1\xff\x1f\x8bQ\xf0\xfb)M\xd2(\x00\x00\x00\x00\
IEND\xaeB`\x82\
\x00\x00\x15\x91\
\x89\
PNG\x0d\x0a\x1a\x0a\x00\x00\x00\x0dIHDR\x00\
\x00\x00\x80\x00\x00\x00\x80\x08\x06\x00\x00\x00\xc3>a\xcb\
\x00\x00\x02\xdfzTXtRaw prof\
ile type exif\x00\x00x\
\xda\xed\x97Mr\x1c!\x0c\x85\xf7\x9c\x22G@\x12B\
p\x1ch\xa0*7\xc8\xf1\xf3\xa0q\xcf\x8f'\xa9\x8a\
\x93E\x16\xd3x\x1a\xd0\xd0\x0f\xf1>\x1a\xdb\xae\xff\xf8\
>\xdc7\x5c\x94\x85]PK1\xc7\xe8q\x85\x1c2\
\x174\x92?\xaf\xb3&\x1f\xd6\xfd.\xb4\xfa\x0fqw\
}\xc1\x08\x09j9\xbb\xb1\xef\xf1\x05q\xbd=`a\
\xc7\xebc\xdc\xd9\xb1u\xd2\x16\xda_|\x08\xca\x9c\x99\
\xd1h;\xa3-$|\xc6i\xf7]\xe6\xb3Q\xe2\xdd\
r\xf6GlI\x5c\x83\x9f\xfb\xc1`FS\x04\xe1\x11\
w!\xf1\xeb\xce\xe7L\x82,$K\x99q\xdc\xbd$\
\xf6W\x9bqg\x08~\xf2\xcf]\xd6\xbd0\xf0j=\
\xf9\xe7\x8f\x1d\x97\x9b\x1d\xa7\xd0\xc7\xb2\xe2\x93O;N\
\xfa\xda\xbf\xe5\xd2}F\xc4\xd7\xcc|\x9f\x91\xc95\xc5\
'\xff\xc6hi\x8c~\xae\xae\x84\xe8`W\xdc\x8b\xfa\
X\xcaja`\x85\x9d\xb2\x1e\x8b(\x86\x8f\xa2m\xab\
d\x94\xe4\x8b?`|\xc3R\xab\xf3\x15\x9dL\x0c7\
\x07\x05jThP_\xf5A\x07R\x0c\xdc\xd9P3\
\x1f,+\x96\xc48\xf3\xb1\xa0\x84Yh\xb09\xf0i\
\x92@\xe2\x009A\x98\xaf\x5ch\xcd\x9b\xe7|\x98,\
a\xe6F\x18\xc9\x0410~,\xee9\xf0\xd5\xf2 \
4\xc6\xdc\xe6D>]^!/\x9e\xfb\x0biLr\
\xf3\x8eQ\x00Bc{\xaa\xcb_rg\xe5\x9f\xaf\x09\
V@P\x97\xcd\x09\x0b,\xbe\x9e\x12U\xe9\xb6\xb7d\
q\x16\xaf\x0eC\x83?\xb7<Y\xdb\x02\xb0\x08s+\
\x92!\x01\x01\x1fI\x94\x22yc6\x22\xf8\x98\xc0\xa7\
 s\x96\xc0\x15\x04H\x9drC\x96\x1cD\x22\xe0\xe0\
m\xc0\xdcx\xc6h\x8de\xe53\x8c\xe3\x05 T\xa2\
\x18\xd0\xe0\x05\x02\xac\x104D\xbco\x09[\xa88\x15\
\x0d\xaa\x1a\xd54i\xd6\x12%\x86\xa81F\x8b\xf3\x9c\
*&\x16L-\x9aY\xb2l%I\x0aISL\x96\
R\xca\xa9d\xce\x82cL]\x8e\xd9r\xca9\x97\x82\
IK(\xd0*\x18_\x10\xa8\x5c\xa5\x86\xaa5V\xab\
\xa9\xe6Z\x0el\x9f#\x1cz\xc4\xc3\x8et\xe4\xa34\
n\xd2p\x04\xb8\x16\x9b\xb5\xd4r+\x9d:\xb6R\x0f\
]{\xec\xd6S\xcf\xbd\x0c\xec\xb5!#\x0c\x1dq\xd8\
H#\x8frQ\xdbT\x1f\xa9=\x93\xfb=5\xda\xd4\
x\x81\x9a\xe3\xecF\x0da\xb3\x0f\x09\x9a\xc7\x89Nf\
 \xc6\x81@\xdc&\x01lh\x9e\xcc|\xa2\x10x\x92\
\x9b\xcc|fq\x22\xca\xc8R'\x9cF\x93\x18\x08\x86\
N\xac\x83.v7r\xbf\xe4\xe6\xe0\xee\x9fr\xe3W\
\xe4\xdcD\xf7/\xc8\xb9\x89\xee\x8e\xdcgn/\xa8\xb5\
\xb2\x8e[Y\x80\xe6[\x08OqB\x0a^?\x0c*\
\x9c\xf0\x83_'_\xab\x9d\xffK\x81\xb7\xd0[\xe8-\
\xf4\x16z\x0b\xbd\x85\xdeB\xff\x95\x90\x0c\xfc\xf1\x90\xf1\
\xef\xd4OBY\x91s\xe1G\xab\x0f\x00\x00\x01\x85i\
CCPICC profile\x00\x00\
(\x91}\x91;H\xc3P\x14\x86\xff\xa6JK\xa9(\
\xd8A\xc4!Cu\xb2 \xbep\xd4*\x14\xa1B\xa8\
\x15Zu0\xb9\xe9\x0b\x9a4$-.\x8e\x82k\xc1\
\xc1\xc7b\xd5\xc1\xc5YW\x07WA\x10|\x80\xb8\xb8\
:)\xbaH\x89\xe7&\x85\x161\x1e\xb8\xdc\x8f\xff\x9e\
\xff\xe7\xdes\x01\xa1Qf\x9a\xd55\x06hz\xd5L\
%\xe2b&\xbb*\x06^\x11B\x10}\xf0aJf\
\x961'IIx\xd6\xd7=\xf5Q\xdd\xc5x\x96w\
\xdf\x9f\xd5\xa3\xe6,\x06\xf8D\xe2Yf\x98U\xe2\x0d\
\xe2\xe9\xcd\xaa\xc1y\x9f8\xc2\x8a\xb2J|N<j\
\xd2\x05\x89\x1f\xb9\xae\xb8\xfc\xc6\xb9\xe0\xb0\xc03#f\
:5O\x1c!\x16\x0b\x1d\xact0+\x9a\x1a\xf1$\
qT\xd5t\xca\x172.\xab\x9c\xb78k\xe5\x1ak\
\xdd\x93\xbf0\x9c\xd3W\x96\xb9Nk\x08\x09,b\x09\
\x12D(\xa8\xa1\x842\xaa\x88\xd1\xae\x93b!E\xe7\
q\x0f\xff\xa0\xe3\x97\xc8\xa5\x90\xab\x04F\x8e\x05T\xa0\
Av\xfc\xe0\x7f\xf0{\xb6V~b\xdcM\x0a\xc7\x81\
\xee\x17\xdb\xfe\x18\x06\x02\xbb@\xb3n\xdb\xdf\xc7\xb6\xdd\
<\x01\xfc\xcf\xc0\x95\xde\xf6W\x1a\xc0\xcc'\xe9\xf5\xb6\
\x16=\x02z\xb7\x81\x8b\xeb\xb6\xa6\xec\x01\x97;\xc0\xc0\
\x93!\x9b\xb2#\xf9i\x09\xf9<\xf0~F\xdf\x94\x05\
\xfao\x81\xd0\x9a;\xb7\xd69N\x1f\x804\xcd*y\
\x03\x1c\x1c\x02#\x05\xca^\xf7xw\xb0sn\xff\xf6\
\xb4\xe6\xf7\x03CRr\x94\xdb\xca\xefx\x00\x00\x00\x06\
bKGD\x00\xff\x00\xff\x00\xff\xa0\xbd\xa7\x93\x00\x00\
\x00\x09pHYs\x00\x00\x0b\x13\x00\x00\x0b\x13\x01\x00\
\x9a\x9c\x18\x00\x00\x00\x07tIME\x07\xe3\x0a\x08\x10\
\x02\x1d\x9e\x16^\xe9\x00\x00\x10\xa2IDATx\xda\
\xed\x9dy\xb4WU\x15\xc7?od\x10\x10A\x14\xc1\
\x09p\x0a%\xa5\x02G\x1cQ*\xcdBS\xb3\xd4\xca\
\xd2\x1c\xca25q\x956\xad\x958k\x9aY-\xb3\
(*J\xcb\x02ID\xd1H\xcd\x19d2\x07\x14Q\
&\x01\x85x\x0f\x847\xec\xfe\xd8\xfb'\xf7w~\xf7\
\xfe\xde\x8f;\xfc\xde\xfd\xbd\xdf\xfd\xaeu\xd7z\xf7\xbc\
\xf7\xce=\xf7\x9c\xef\xd9w\x9f\xbd\xf7\xd9\xa7FD\xc8\
P\xbd\xa8\xcd\xba #@\x86\x8c\x00\x192\x02d\xc8\
\x08\x90!#@\x86\x8c\x00\x19\xaa\x09\xf5\x15\xd4\xd6\x1a\
`\x7f`\x14\xf0a`\x1f`w`\x00\xb0=\xd0h\
\x7f\xb7\x05X\x07\xac\x06\x96\x02\xaf\x02\xf3\x80g\x80E\
@f\xf8\xf0vj\xca\x0dA}\x80O\x01\x9f\x06\x8e\
\x03\xfaE\xac\xef]`&\xf0\x0f`*\xb0!#@\
:\x09p(p1p*\xd0=\xa1gl\x02\xee\x05\
\xee\x04\x9e\xca\x08\x90\x0e|\x1c\xb8\xc6\x08PN<\x09\
\xfc\x10x(#@\xe7\xe0 \xe0\x16\xe0\xe8\x0e\xfe\xae\
\x05x\xd6\xaeW\xecZ\x0e4\xd9%@o\xa0\x170\
\xd0\xf4\x84}Lo\x18\xed\xd1\x13\x820\x0b\xb8\xd4t\
\x86\x8c\x00e@w\xe0\xc7\xd6\xe9u\x01\x7f\xb3\xceD\
\xf5\xbd\xc0\xe3@s\xc8g\xf5\x00\x0e\x03>\x0b\x9c^\
D\x9fh\x05n\x02\xbe\x0fl\xee\xf2\x0c\x10\x91\xce\xba\
F\x88\xc8B\x09\xc6s\x22r\x86\x88tK\xe0\xd9\x0d\
\x22r\x8a\x88\xfc\xa7\xc8\xf3\xe7\x89\xc8\xf0N\xec\x9f\xb2\
\x5c\x9d\xf5\xe03E\xa49\xa0\xe3\x9f\x15\x91\xe3\xcb\xd8\
\x96\xa3D\xe4\x89\x80\xb64\x89\xc8i\x19\x01\xe2\xbd\xae\
\x0e\xe8\xec5\x22r\x9e\x88\xd4vB\x9bjD\xe4\x1c\
\x11Y\xe9\xd3\xaev\x11\x99\x90\x11 \x9e\xeb\xa6\x80\xc1\
\x9f!\x22;\xa7\xa0C\xfa\x8b\xc8\xdf\x03\xdax}F\
\x80h\xd7\x8d>\x9d\xda&\x22W\xda\x0cLS\xc7\x5c\
\x22\x22->\xed\xfdIF\x80p\xd7\x15>\x9d\xf9\xbe\
\x88\x9c\x9a\xe2\xce91@O\xb9\xa4+\x11\xa0\x1c\xcb\
\xc0\x93\x81\xfb\xcd\x96\x9fC3p\x22\xf0\xaf\x94/\x92\
\x0e\x06f\x98\xaf!\x87v\xe0\x93V\x9e\xd9\x01:\xc0\
\x10`\xae\xd9\xf4\xf18kN2\x9b|%\xe0H\x1b\
\xec\xee\x8eO\xe1@\xe0\xedJ'@\x92\xee\xe0:\xe0\
\x0f\xce\xe0\x03\x9cSA\x83\x0f0\x1b\xf8\x9c\xe3E\xec\
\x07\xfc\xde\x91j\x19\x01\x1c\x5c\x0a\x1c\xe2\x94\xdd\x04L\
\xa9\xc0~\xfa;\xf0\x13\xa7\xec(\xe0\xc2\xec\x13\xe0\x8f\
\xc1\xc0\xcb\xc0v\x8e\xc3\xe5(3\xb5FEo\xfb\x8c\
\x1ck\xa2x\xa8G\xd2\xac\x07\xde\xb0O\xcf,`\x9a\
\xf9\x09\xe2\x90h\x0f;\xfe\x8a\xf5\xc0\xdeh\xecAf\
\x0a\xf6\x5c\xf78\x9a\xf3f\x11\xd97\x86z\xf7\x16\x91\
\xbbEd\xa3\x94\x8ef\x11\xf9\x95\x88\xec\x15\xc3\xf3\x87\
\x8a\xc8&\xa7\xfe;\xb3e`\xfe\xb5\xaf\x88\xb4:\x9d\
\xf4\xe3\x88u\xf6\x10\x91\x1b\x02\xd6\xe6\xa5b\x8b\x88L\
\x14\x91\xee\x11\xdb\xf2=\x9fz\xf7\xcc\x08\xb0\xf5\xba\xdb\
\xe9\xa0\xe56\x80a\xeb\xdb\xcb\x1c3qa\xae\xcd\xe4\
\xb0\xedi\x14\x91\xa5N\x9dwdv\x00\xc5\x8e\xb64\
\xea\xe6)\xbb\x0c\xb89B\x9c\xc0\x0c`\xa7\x80\xdf\xbf\
\x00<\x02,\x00\xd6X\xd9\x004vp,02\xe0\
\xffV\x01'D\xf0\xfb_\x0c\xdc\xe1\xb9\xdf\x08\x0c2\
\x9d\xa0\xaau\x80\xcb\x9c\x99\xb1ZDzF\x98\xf9\xab\
\x02\x9c3\x93Jt\xd5\x1e \x22\x93\x03$\xc1\xca\x08\
\x92\xa0\x9b\x88\xacp\xea\xbb0\xfb\x04\x88\xbc\xe0t\xca\
\xcd\x11\xbe\xf9~b\x7f\xa9\x88\x8c\x09Q\xdf1\x22\xb2\
\xcc\xa7\xbe9\x11\xe2\x0d&:u=^\xed\x04\x18\xe2\
\xd3\xc1\x07\x86\xac\xebz\x9f\xba\xe6\x8b\xc8\xc0\x08\xed\x1b\
,\x22\x8b|\xea\xbd6d}\xc3}$\xd3\xa0J#\
@\x9c\x86\xa0O:\xf7\x8b\x80\x17C\xd4\xb3\xb7\x19\x91\
\xbcx\x0b8\x1eX\x19\xa1}\xcb\xac\x8e\xe5N\xf9e\
\xc0\xb0\x10\xf5-2[\xc3\x076\x154\xa8\xb5j-\
\x81\xc78\xf7a\xcd\xbd\x13\xc8\xdf\xb0\x22\xc0\x17\x22\x0e\
\xbe\x97\x04g;e\x0d\xc0\x95!\xebs\xdf\xf1\xe8j\
&\x80k\xf6}$\xa4\x85\xefL\xa7l2\xf0\xef\x18\
\xdb9\x0b\xf8\xb3S\xf6y\xc7j\xb9-uyqh\
\xb5\x12`G3\xffz\xf1D\x88zNB\xa3w\xbd\
\xb86\x81\xf7v\xeb\xdc\x0euOo+\xdcw\x1c\x86\
\x86\xa4W\x1d\x01\xf6u\xeeW\x9b\xcbt[q\xac\xcf\
:\x7fQ\x02\xef=\xd7l\x07\xc5\x9e]\x0a68:\
E\x8dO_T\x05\x01\xf6t\xee_\x0eY\xcf\x811\
|FJ\xc5\xc3\x1d<\xbbT\xb8\xef:\xa4\x1a\x090\
\xd0\xb9_\x1a\xb2\x9e\xa1\xce\xfd\x82\x04\xdf}a\x07\xcf\
.\x15ov\xd0\x17UA\x80\x1d|Dc\x18\xb8\xc1\
#k\x12|w\xd7\x85\xdb7d=\xee\xbb\xf6\xabF\
\x02\xb8;x\x9b\xa8\x1el\xe8\xa0/\xaa\x82\x00\xee\xbe\
\xbe\xb0{\xea\x5cg\xca\x80\x04\xdf\xdd\xad{]\xc8z\
\xdcw\xad\xafF\x02\xb8\x9d\xd0-d=o8\xf7\xfb\
'\xf8\xee\x078\xf7\xaf\x87\xac\xc7]\xb6n\xa9F\x02\
\xac\xef@'\xd8\x96\xe5\x99\x17c\x13|w\xb7\xee\x17\
C\xd6\xb3C\x07}Q\x15\x04p\xcd\xb4\x83B\xd6\xe3\
Z\xd6F\xfa\xcc\xd480\xd2G\xba\x84]r\xee\xd2\
\x81rY\x15\x04p\x97B\xc3B\xd63\x0d\x0d\xae\xf0\
\xe2\xaa\x04\xde\xfb\xbb>J\xeb\xf4\x90u\x0d\x8bi\x09\
\x5c\xd1\x04x\xc5gM\xdd3D=M\xe8^\x02/\
\xce\xa4\xd0\xd1\x14\x05'\xa0\xb9\x87\xbc\x98L\xb8\xc4\x13\
\x8dh\x06\x12/^\xab$\x02\xc4\x19\x12\xb6\xd6Y\x03\
\x1fA8\x7f\xc0^\xa8\xf9\xb7\xc1S\xb6\x1cM\xf1\xb2\
,b\x1bwC\xd3\xc5\x0dt\x94\xb6\xfd|\x14\xd0R\
0\x1ax\xda\xf9\xfe\xf7\xadF\x09\x00\x9a\xb7\x07\x87\x00\
a\xf0\x1a\x851\x84\x83\xd0\x04N\x83#\x0e\xfeL\x0a\
-u7\x86\x1c|\xd0mc\xc5\xfa\xa0\xaa\x080\xdb\
\xb9\x1f\x17\xa1\xae\x1f\xf8h\xe5\xc3m\xf6\x86q\xda\x9c\
`\xff\xeb:j^\x00~\x14\xa1\x9dn\x00\xc8\xbf+\
\x8d\x00q\x86\x17\x8drB\xa4ZD\xa4_\xc4M\x18\
+\x03\x02:\xa7\x94\x18n6RD\xee\x0d\xa8cy\
\xc4x\xfe\xfe>\xfb\x14\x0e\xad\xe6\xb0\xf0\x1a\xfbV{\
E\xec\x05\xc0/\x22\xd4\xf9a\x13\xfd;\x07\xfc~\x01\
\xea\xd5[\xe8Y~\x0d\xb0\xa5\xe3\xd8\x22\x86\xa4\x15&\
\xa1\xe6Gh\xdb\x85h\x92I\xefRx0\xba}\xbc\
*%\x00\xb6A\xc2\x8bgb\xda\x8e5'\xc6\x8d!\
\xcf\xc7\xb4\x93\xc7\x8d\x80\xbe\xbd\x12\xa3\x82\xe3\xde\x1d<\
\xc9\xb9\x1f\x15A\x19\xcc\xe1u4\xd4j\x22\x9a(2\
,\xb6\xa0;|\x0f\x03\x96Dl\xd3q\x14n:\x99\
D%\x22\x01V=\xed\xcc\x8ci1\xd6=LD~\
i\xe9\xdbJ\xc5\x06\x11\xb9\xcb\xc2\xd6\xe3j\xc7\xc3\x09\
H\xba.\x93\x22\xe6T4\xab\xe7\x07\x1cC\xa3m\xe6\
\xc7\xf8\x8c^h\x18\xbaw{xn\xfd\xbd\xce\xa4\xc6\
\x8b\xa6\x1f\xfc\x93\xf0\xd9E\xfd0\xcaV\x14^|\x1a\
\xcd@^qH\x82\x00\xb5f\xc8\xf1.\xb9\xfe\x80\x86\
vw\x05\xdc\x07\x9c\xe2\xb9_\x08\x8c\xa0B\xcf!H\
\x22CH;p\xbdSv\x06\x15\x16+\x17\x80\xfd\x80\
\xf1N\xd9uT\xf0!\x14Ie\x08i\x04\x16\x03\xbb\
z\xca~\x0e\x5cT!\x93\xa2\xce1E\xe7p\x17\xf9\
\x1bK\x96\xda\xeco-\xc7X\xd9\xe4j\x89\xf3yI\
f\x09\xfb6\x9a\x13(\x87\xf7\xd1\xe8\xe1U)'@\
/\x9b\xe9\x87\x1b\x91s\x01\x1e}\x81\xab\xc9\x8f~\xba\
\xafL\xd6\xbf\x1a4\xf0d\x8dY/\x9f\xaf\x04\x02\xf4\
B\xdd\xc4^\x07\xd1D\x92q\xef\xc6\x89A&\xe6\xcf\
G\x83T\xb7x\x0cL\xde\xe0\x8f6S6\xcb%\xfe\
\x1b\x80w\xd0\xecdw\xc4Ui\x92\xf1kM\xd6\xd0\
k<e\x17\x19\x09\xd2\x1c5\xd3\x88&\xa4\xd8\x9f\xe0\
3\x0c\xb0\xdf\xed]\xe6\xb6\xf5'8YFj\x94@\
/~J~\x80G\x1f\xd2\x9fZ\xad\xd5\xda\xbc)\x85\
m[\x1f\xf3\x926q\x02\xac\x05~\xe5\x94}\x8b\xf4\
\x87N\xa75\x01d\x22k\xf6\xa4q\x13\xf9&\xdc\x9d\
\x81sS>\xf8i%@c\xc0\xea$\xd5\x04x\x0b\
\x0d\xb9\xf2\xe2\xf2\x0e\xbe\xafi A\x1a\xdb\xd7\x107\
9\xcb\xb5\x89\xe1:\xe0\x8b\x9e\xc6\x0fA\xf3\xefNN\
a'\xb7\xd9\xf7\x7f\x13\x851\xff\xae8nAw\x06\
\xad\xb7\xfb\xa4$G\xad-C\x17\xc7\xbd\x8c.\xe7\xa9\
a\x7f\x03>\xe3\xb9_\x80\xfa\xfb\xd3fE\xdb\x01M\
i{\x1e\x1a\xf1\x13$%7\xa3^\xc5i\xc0\x9f\xcc\
\xce\xd1\x90\xe0\xa4\xaa7R\xae$\x9el)e\x95\x00\
\xa0I\x19\xbc\x048\x00M\xca0-e\x04\xd8\x88\xfa\
2\xde\xea\xe0\x13Y\x8f\xee\x80\xeai\x9f\x8b\x97M\x22\
\xd4&(\x09$\xee\x09S\xce\xd3\xc3\x9f\x01\x1eu\xca\
\xd2h\x14\xdab\x83\x7fX\x07\x7fW\x87fF\x19m\
\xc4\x1enJZ\xbb}F\x92\xb8\xda\xe3&@\xb97\
2N$?\xc6\xff0`\x0c\xe9\x09\xa6\xac\xb1\x0e>\
\x1c\xb5\xf1{\xd1\xe2\xa3\x81\xf7\x02>\x82Z;7\x1b\
)\x16RA\x07N\xd6\x96\xf9y\x0f\xa1\xb6\xec\xb4J\
\x81\xdc\xec\x9a\xe0\x94\xaf@C\xc7[\x03H3\x18\x8d\
\x098\x9d\xf0\x99F\xaa\x82\x009)\xe0\xc5'R\xd6\
i\xa3\xd0\x90//n\x07\xfeJ\xf0\x0e\xe2F\xe0C\
&\xdd\xc6\xa1f\xe4z\x87$\xa9Dg\xece\xbf\x0f\
x\x95|;\xfa\x04\x0a\xd3\xc3u\x16\xdc\xd9\xff\x12j\
\xd2>\x10\xb5\xc5\xf7@7\x84\xba}\xd7\x0d\xf5\x22n\
\xb2\x15\xc1&\xd4]\xdc\x9aI\x80|\xf8\x05\x8c\x9cF\
\xf8\x0d\xa5q\xc2/\xe0\xe3z\xd4\xfe>\x1f=:f\
\xa6-\xc3\xda|\xfe\xbf\x8f\x11\xe5\xe3h0\xec\xae\xa6\
\x17HF\x80|L\x22?\xbdZ\x1dpE\x0a\xfa\xe3\
;\x8e\xb8\xf6Z17\xa0\xa9\xeb\xa7\xa0y\x0c\xd6\x05\
\x0cl_[\x19\x9ch\xca\xe4\xa0L\x02\xf8/\xb5n\
q\xca\xbeD\xe1^\xfbrbW\xe0,\xa7\xecf\xf2\
\xfd\x18\xadh0\xc6=&\x09\x82\xdc\xda\xbdL\x8f8\
\xd9V:\xfd3\x02\x14\xe2.\xe0=\xe7\x1bzi'\
\xb6\xe72g\x99\xe7\xe7\xc9\xcc\x95?\x8a\x1a\xb0\x9e&\
8!V\x7f\x1b\xfc\xdc\xe7\xa0oF\x80|4\x01?\
s\xca.\xe8\xa4\x8e\xea\x8f\x9a~]\xcd?\xc8\xf7\xbe\
\x1e=\x05m\x0az\xfai[\xc0\xdf\xedb+\x83\xf1\
\xa8\xe5\xb3OF\x80|\xdcF~\xc0Ho\xf48\x96\
r\xe3\x1b\xe4'\x8bn6\x02\x14Sd\x97\xd8g\xe0\
\x01\xf4\xe8\x99\x8d>6\x85:t[\xfa1&\x09F\
\xa4\x8d\x04\x9dM\x805\xc0\xddN\xd97)\xee\x85\x8b\
\x1b\xdb\x19\x01\xbc\xf8%\x1d\xe7:\x16\xd4@\xf4(\xf0\
\x1b\xd4\xb9\xd5\xe2\xb3\xf6\xaf5E\xf0,S\x0c\x87\x91\
\xa2Tr\xb5)h\xc3\x8d\xceZy\x00\xf0\x952>\
\xff|\xf2\x03W\xb7\x90\x1f\xcd\x5c\x0cmhB\x8b\xe9\
\xa8\x95s\xbe\xd9\x00\xfc\xec-{\xa0y\x0ar\x92\xa0\
.#\x80b)\x85y\x81./\xd3,i4\xe5\xcf\
\x8b\xc9l[*\x9aV{\x87\xa9\xe8\xf6\xb0\x05>\x92\
\x22\x87\x11\xa8\xb9\xf8d\xd3\x0fj2\x02(\xdc\xdd5\
{P\x1e\xcb\xe0Y\xe4\xa7\x9d\xf13R\x95\x82\x16\xb6\
\xe6*x\xd4\xa4B\xbb\xf3)\xc8\x11n\x18zt\xcd\
x\xfb\xb9&#\x80\xfa\xdf\xa7:e\x13\x12\xee\x9cZ\
3\xfcxq?\xf0\xdf\x10u\x09[\xe3\x08\x1e\x02\x1e\
,\x22Ez\x9b$8\x0b\xf5\x84\xee\x98\x11@\xe1\x9e\
\xe21\xdcDeR\x18Oa\xce\xa0\x89\x11\xeb|\x0f\
\xf5vN\xb5e\xe2\xdb\xf8g\x0c\xe9\x83\xe6\x17\xf8\x14\
\x9a\xc9dpF\x00x\xca\xd6\xd4\xae\x14H\x0an\xdd\
\xb3\x88'\xcb\xd7\xbb\xf6.\xff@\xd3\xe4-\xc3\xdfd\
\x5co\x9f\x82/\xa2\x86\xa2\xed\xab\x9d\x00~3\xf0\x10\
\x929\x89k,\xf0\xb1\x98g\xbf\x17MF\xa8\xbf\x01\
\x8f\xa1>\x05\xd7+X\x83\x9a\x8c\x0fBs*\x8c\xa7\
\x13\xfc\x06i#\xc0\x83\xc0\x9c2H\x01\xb7\xce\xe7\x09\
\x7f\xcc\x1d>k\xffv\xd4c8\x1f5\x12-'\xd8\
-\xbc\x83}\xee\xf6\xa7\x13\x8cDi#@nE\xe0\
\xc584\xec*.\xf8\x05|\xc49\xfbk\x1cI\xb0\
\x91\xe21\x01\xad\xa8\xa7q-\x9d\x90j>\x8d\x04\xb8\
\x97\xc2|\xbb\x13\x12\x9c\xfd\xaf\xa0\xd1>q\xc0\x8d\xda\
\x1d\x08\xec\x8e\x1a\xb7\x82\x0c?\xef\x98\xce0\xdb~\xae\
z\x02\xb4\x0178e\xa7\x12\xcfN\xdc\xa0\x80\x8f\xf6\
\x04\xfau?[\xe6\x8d\xb1\xd5\x86\xdf\x96\xae\xd5\xa6x\
\xceFs\x1a5e\x04P\xfc\x16\xb5\xb3\x17[\xb3\x87\
\x81\x1b\xf0\xb1\x0c\xf8]\x02\xed\xef\x87:\x80\x8e#\xf8\
\x1c\xc1\x16\x1b\xfc\x19\xa6\xf74wFG\xa7\x95\x00\x9b\
\x81[\x9d\xb2s\x22j\xc9~\x01\x1f\xb7$\xf0\xdd\xed\
m\xb3\xffx\xb6\x86\x8c\xfb\xbd\xdf\x9b\xb6Bx\x8c\xe8\
Y\xd0\xbb\x1c\x01@s\x0ay\x0frjD\xd3\xce\x84\
\x85\x1b\xf0\xf1\x1e\xd1\xd2\xd8\xfa\xa1\xa7\x0d\xfeX4,\
lg\x0a\xad\x99-6\xe0\xb3\xedZL\xb4\x04\x98]\
\x96\x00\x1b\xc8\xcf\xc5\x0b\xf05\xc2\x9dG\xe4\x17\xf0q\
G\x02\xdf\xdc\x9dl\xe6\x9fKp&\x8fft\x97\xd4\
/H\xf6`\xcc\x8a'\x00h\xc0\x887SG/\xe0\
\xeb!\xeaq\x03>6\xa2\xa1\xdeq.\xfd\x86\xd8\xcc\
?\x1a\x0d\x02\xf1S\xfa\xd6\xa2\xd6\xc1\x99h\xb8ys\
F\x80\xe2x\x07\xf8\xb5Sv\x09\xdbv\x1c\x8d_\xc0\
\xc7\xdd\xc4{*io4\x02\xb8\xd8&\x17A\x0dC\
3\x8c\x04\xa98\x5c3\xed\x04\x80\xc2\x80\x91\x1d\x81\xaf\
n\xc3\xff\xbb\x01\x1f-Vg\x5c\xe8\x81\x9e\x1b4\xc6\
\xbe\xfb;\x05\x18{\xde\xb6\xf5\xfe\xe3f\xe7\x90\x8c\x00\
\xa5a\x09\x1a|\xe9\xc5\xe5\x94\x96*\xc5/\xe0\xe3\x8f\
\xc4w\xb2W\x9d\x0d\xfeI6\xf8~\xe1\xdf\xed&\xc9\
\x1e6\xa5o\x09\xc1A\xa4\x19\x01\x020\xd1\x991\xbb\
QZ\xeea7\xe0C(45GU\xfa\x0eF\xdd\
\xba{\xe1\x1f\xcb\xd8\x8c\xc6\x18\xfc\x15x\x8e\xf0G\xd4\
V5\x01\x16\xa0\xd1\xb7\xc5\x8c:~\xef\xe6\x1a\x8f\xa6\
\xa2A\x1bq\x0d\xfehS\xfaF\x98\x82\xea7\xf8\x8b\
l\xad\xff4j\xf9\x93\x8c\x00\xe1\xe0\x06\x8c|\x88\xfc\
\x8c#.\xfc\x02>\xae\x8d\xa9-\xddm\xd0OB}\
\xf9A\x9f\xa3\xc5\xa6\xf1O\xa3\xe3(\xe3\x8c\x00\x1d\xe0\
I\x0a\x13I\x14s\x12\xb9\xbf\xfb\x97)aQ\xd1\x80\
\xc6,\x8eA\x8f\x8d\xdb-@\xe3_k\x22\x7f\x16j\
\xeam\xcb\x08\x10\x8f.\xe0\xc5h\xfc\x8f\x91K2\xe0\
c\x10z^\xc0\xb8\x80\xc1\x075/O\xb7\x99\xbf0\
\xcd\x1dZi\x04\x98N\xe1y\x82W\x950\xfb\xe7\xa0\
\xc1&QP\x83\x06l\x8c\xb6\xc1? @\xe9{\xdf\
\xbe\xfb\x0fz\xbe\xfb\x19\x01b\xc4u>\xb3\xfd\xa3\x9e\
{\xbf\x80\x8f\xebb\x1a\xfc1\xe8\xc6\x8e}\xc8\xb7,\
z\x07\xff%SX\xe7\xa4Q\xe9\xeb\x0a\x04\xf83\x85\
\xa9Z\xae*2\xfb_#\xff\x0c\xa3\xb0\xeb\xfd\x5c<\
\xff\x91h\x80\x87\xdf\x0ad%j\xe5\x9bn\xb6\x86\x96\
\xb4wf%\x12\xc0/`$\xa7\xf1\xfb\x05|\xdc\x18\
Q\x01\xcb)}\x07\xa3\xc7\xd7\xf9\xed\xed\x13\xd3\xf2\xe7\
\x99\xb2:\x97\x14\xd8\xf9K\x12me\xcc\x14\x1a'\xba\
\xa1\x165\xef)\xa5\xbf\xb6Y\xf9eO\xd9\x0a\xd4I\
\x13%m\xdb@\x13\xfb\xa7\xd8\xec\xf7\x0b\xdfn1m\
\xff~tc\xc8\xeb\x95\xd2\x91\x95(\x01\xb0\x01\xbd\xcd\
);\x9b\xc2\x80\x8f[#\x0e~\xbdI\x95O\x98\xae\
\x11\x14\xbb\xbf\x02u\xf2<PI\x83_\xc9\x12\x00S\
\xca\x96\x16\x19\x94uh@\xe6\x86\x08\xcf8\x0a\xf8\xac\
i\xfdC\xd9\x1a\xd8\xe9M\x0c\xbd\xd8f\xfe_Po\
\xdf\xc6J\xea\xc4J\x95\x00\x00\xffC\xa3\x86\x82pg\
\x84\xc1\xafG}\x08\xc7\xd9\xcc\xdf\x83\xfc\xa8\xde\x5cF\
\xd1\xd5\xa8q\xea/\xa6\xfdo\xac\xb4N\xacd\x09\x00\
\x1ar\xb5\x84\xc2\x13H6\xa1'\x94\x85\x09\xb3n\xb0\
\xc1?\x02\xcdSp\x84\x8f\xd2\x97\xf3\xf0=\x85f\x0a\
\x9fR\xa9\x1dXOec\x15\x9a\xb1\xcb=\x87\xe8\x1e\
\xc2\xc7\xd8\xf7B\xed\xfc\xa7Q\x98\xf1\xd3K\x80\x15\xa8\
\x93j9\xea\x06n3\x89Z\x9b\xd0\xda\xbf\x16\x8d+\
\xc8%\xa1\xcc$\x80a\x08\x9ay4'\xa2[\xd1=\
\x04KB\xd6\xb7\x0b\xba\x0f\xe1\x1a[\xef\xfbA\xd0D\
Q+\x8chMVV\xeb\xf9<\xc4\x85\x5c\xbd\xdb\xa3\
\x91\xc4\xf7\xd9\x95I\x00\xc3\x1bf\x1c\xca%\x94\x98B\
\xb4\xe3\xe1\xeb\xd1\x10\xaf\xedJPB{\xda\xa7\xc6/\
\x19D\xdc\x04\xe8\x86\xfa\x1e\xe2<\x84\xbbK\x10\x00\xd4\
\xd1s\xa6uVT\xa7O\xee\xd0\xa8\x8ev\x0b\xd5\xa2\
\x11G\xe5DO#BF\x00\x07\xf3P\xf3\xab\x10=\
\xd4\xba\xbd\x84\xc1\xef\xac\xb4.\xcdq\xaf4\xba\x0a\x01\
 \xbe`\x0f\xa8\xe0\xd3\xc0\xab\x99\x00\x8f\xc7TO\x1d\
\xea\xe6mH\xe1;\x96\xa2\x9bT-\x01\xe2B\xbb\x89\
\xda\xb5\xa6y\xbf\x9f\x826\xd5\x98\xbe\xb1\x86\x98\xf7\x13\
d\x04(D\x13\x1a\xd01\x1350mJ\xc1'\xa1\
\xd6\xec\x13\xcb\x88y;YW\xb0\x03$\xd1\xd9\x0dl\
\xb5.J\x8a\xda\xd5\x86\x86\x9bm\xce\x08\x90!6V\
e\xc8\x08\x90!#@\x86\xaa\xc4\xff\x01\xab\xb1\xec\xab\
\xff\x09Z`\x00\x00\x00\x00IEND\xaeB`\x82\
\
\x00\x00p\xb1\
\x89\
PNG\x0d\x0a\x1a\x0a\x00\x00\x00\x0dIHDR\x00\
\x00\x02\x00\x00\x00\x02\x00\x08\x06\x00\x00\x00\xf4x\xd4\xfa\
\x00\x00\x00\x09pHYs\x00\x00\x0e\xc3\x00\x00\x0e\xc3\
\x01\xc7o\xa8d\x00\x00\x00\x19tEXtSof\
tware\x00www.inksca\
pe.org\x9b\xee<\x1a\x00\x00 \x00ID\
ATx\x9c\xec\x9dg\xb8&E\xb5\xb6\x9fE\xce9\
#QP$JR\x10\x03QEA$(\x8a\x98\x8f\
\x08f\xe5\x18\xd1\xcf\x80\x01\x153\x1c\x11=&T@\
TT\x10DP\x91, \x08H0\x00C\xce9\x0c\
L\xba\xbf\x1f\xd5\xfb\xb0\x19f\xcf\xec\xbd\xdf\xa7\xbb\xba\
\xfb\xad\xfb\xba\xdek@\x87\xa7kU\xa7\xd5U+\x84\
\x0a\x85\xc2\xd0\x03,$ieI\xcbKZ\xa1\xfa-\
?\xdbo\xe4\x7f\x0bI\x0bIZ\xbc\xfa\xcf\x17\xaf\xfe\
]\x92\x96\xad\xfe\x9c&\xe9\x91\xea\x9f\x1f\xa9\xfe]\x92\
\xee\xab\xfe|\x5c\xd2=\xd5\xef\xee\xea\xcf\xbbF\xfdo\
\xf7H\xba;\x22\xee4\x9aY(\x14F\x11\xb9\x07P\
(\x14\x9a\x01XV\xd2\xbac\xfc\xd6\x924\x7f\xbe\xd1\
\x8d\xc94I7K\xban\xb6\xdfm\x92n\x95t}\
D\x90ox\x85Bw)\x0e@\xa1\xd03\x805%\
m*i\x13I\x9bU\x7f\xae/i\xc1\x9c\xe3\xaa\x89\
\x07$])\xe9\x0aI\x97U\x7f^\x11\x11\x0fd\x1d\
U\xa1\xd0\x01\x8a\x03P(t\x14`>I\x1bK\xda\
FO\xbc\xf07\x95\xb4L\xceq\xb5\x84)\x92.W\
r\x08.\x95t~D\xdc\x9auD\x85B\xcb(\x0e\
@\xa1\xd0\x11\x80\xc5%m.i;I\xcf\x97\xf4<\
I\xcbe\x1dT\xb7\xb8M\xd29\x92\xce\xad\xfe\xbc4\
\x22f\xe5\x1dR\xa1\x90\x8f\xe2\x00\x14\x0a-\x05XF\
\xd2\xde\x92\xf6\x95\xb4\x95\xd2\x97}\xb9g}< \xe9\
\xbc\xea\xf7'I\x7f\x8d\x88\x99y\x87T(4Gy\
\x98\x14\x0a-\x02\xd8\x5c\xd2;%\xed\x22i\x0d\x95{\
\xb4I\x1e\x96t\xa6\xa4\x93$\x9d\x12\x117\xe7\x1dN\
\xa1P/\xe5\xe1R(d\x04XB\xd2\x1e\x92\xde\xa4\
\xb4\xa4\xbfX\xd6\x01\x15Fs\x95\x923p\x86\xa4\xb3\
\x22b\xda<\xfe~\xa1\xd0)\x8a\x03P#\xc0\xa6J\
Q\xd8+)\xe55\xff[\xd2\x05e\x99q\xb8\x01\x96\
\x97\xf4\x0eIoTJ\xc1+\xf7a\xfb\xb9O\xd2\x89\
\x92~.\xe9\x8f\x111#\xf3x\x0a\x85\x81)\x0f\x1e\
3\xc0\xfc\x92\xde \xe9c\x92\xd6\x9b\xc3_\xb9K\xd2\
\xd7%}#\x22\x1e\x99\xc3\xff_\xe8!\xd5~\xfe[\
\xaa\xdf\x86*\xf7^\x97\xb9O\xd2\xc9\x92N\x90\xf4\xfb\
\x88\x98\x9ey<\x85\xc2\xa4(\x0f!#\xc0\x92\x92~\
&i\xb7q\xfc\xf5\x7fKzED\x5cS\xef\xa8\x0a\
\xb9\x00\x96R\xfa\xca?H\xd2\x06*\xf7[\x1f\xb9C\
\xd2/%\x1d/\xe9\xecR\x94\xa8\xd0%\xca\x03\xc9\x04\
\xb0\xa8R\x00\xd1s&\xf0\x9f\xdd%i\xa7\x88\xb8\xa2\
\x96A\x15\xb2\x00l+\xe9\x93\x92v\x92\xb4@\xe6\xe1\
\x14\x9a\xe3fI?\x95\xf4?\x11qc\xee\xc1\x14\x0a\
\xf3\xa28\x00&\x80#\x95\xf6u'Jq\x02z\x00\
\xb0\xb4\xa4\x0fJz\xbbR\xcd\xfc\xc2\xf02S\xd2\x9f\
%\x1d-\xe9\xc4\x12/Ph+\xc5\x010\x00\xac\xaf\
\x141<\xd9\xaf\xbd\xe2\x04t\x94\xeak\xff3\x92v\
P;k\xe9\x17\xf22C\xd2?%} \x22\xfe\x90\
{0\x85\xc2h\xe6\xcb=\x80\x9e\xb0\xbf\x06[\xea]\
Q\xd2\x1f\xab\xac\x81B\xcb\x01\x16\x06>\x0c\xdc\xa5T\
Dfg\x95\x97\x7fa\xce, i#I\xa7\x01\xb7\
\x01\xef\x05\xca\x87W\xa1\x15\x94\x0b\xd1\x00p\xaeR\x0e\
\xf7\xa0\x94\x95\x80\x16S\x05\xf5}Zi\x99\x7f\xd1\xcc\
\xc3)t\x97\xa9\x92\x8e\x91\xf4\xbe\x88\x98\x9a{0\x85\
\xe1\xa58\x00\x06\x80\x1b\x95\xaa\xb69\xb8K\xd2\xce\x11\
q\xb9I\xaf0 \xc0\xd3%}S\xd2KT\xbe\xf4\
\x0b>f(\xa5\x13\x1e\x18\x11w\xe4\x1eLa\xf8(\
\x0e\x80\x01\xe0fI\xab\x1b%\xcbJ@\x0b\xa8\xf6\xf7\
\xbf%i\xcb\xdcci\x90\xfb\x94R\xdb\xee\xa9~w\
W\x7f\xde5\xea\x7f{D\xd2\xe3\x92\x1e\xad\xfe\x9b\x87\
%M\x1f\xf5\xdfK\xa9\xf5\xf0\x12\xd5?/.i\xa1\
\xea\x9fG\xfa\x19,?\xc6o\x85\xea\xb7\x9a\xa4\x85\xdd\
\xc6\xb5\x14\x94\x1a\x14\xbd\xad\xa4\x05\x17\x9a\xa48\x00\x06\
\x80\x0b%mm\x96-N@&\x80\xad\x94\x22\xb87\
\xcf=\x96\x1axD\xd2uJ\xedr\xaf\xaf~SF\
\xfe=\x22\x1e\xc85\xb0\xd1T\xfb\xe4\xabJZ\xa7\xfa\
\xad=\xdb\x9fk\xaa\x7f\xab1H\xbaH\xd2\xeb#\xe2\
_\xb9\x07S\xe8?\xc5\x010\x00|I)\x05\xccM\
\xd9\x0eh\x10\xe0\xd9J/~\xb73\x97\x8b\xdb$\xfd\
M\xd2\x95JY*\x7f\x93tu\x1fZ\xe0\x02\x0bJ\
z\x86\xd2\xea\xcc\x86J\x81v[IZ%\xe7\xb8L\
 \xe9BI\xfbE\xc4u\xb9\x07S\xe8/\xc5\x010\
P\xbd8.Q=\xf3YV\x02j\x06\xd8@\xd2\xf7\
%m\x9b{,\x03\xf2\x88\xa4\x8f(\xbd<\xae\x1c\xc6\
R\xd3\xc0\xaa\x926Q*\xc8\xf5<\xa5s\xbaL\xd6\
AM\x1e\x94\x8a\x8b\xbd.\x22n\xcb<\x96B\x0f)\
\x0e\x80\x09\xe08\xa5\xbe\xeduP\x9c\x80\x1a\x00\x9e&\
\xe9\xbbJ\xc1}}\xb9\x17\x0e\x8c\x88\xef\xe4\x1eD[\
\x00\xe6SZ\x1d\xd8N\xc9!x\xbe\xd2\x16B\x97\x98\
%\xe9wJ\x8e\xc0C\xb9\x07S\xe8\x0f}y\xe8e\
\x07XN\xd2\x05\x92\xd6\xaf\xe9\x10e;\xc0\x04\xb0\x98\
\xa4#\x94\xea\xf4\xf7\xad\x16\xc6\x8d\x92\xd6/\xadk\xc7\
\xa6Z%\xd8E\xd2\xae\xd5\x9f\xcb\xe7\x1d\xd1\xb8\x99.\
\xe9k\x92>Rz\x0e\x14\x1c\x14\x07\xc0\x08\xb0\x9e\xd2\
\x92\x9d3#`4e%`@\x80\xb7(\xa5\xf4-\
\x9e{,5rPD\x1c\x95{\x10]\xa0Z!\xd8\
\x5c\xa9\x98\xd3\xeeJ[\x06mw\x0a\x1f\x94\xf4\x9e\x88\
\xf8Q\xee\x81\x14\xbaMq\x00\xcc\x00k+\xd5\x01_\
\xbb\xa6C\x94\x95\x80I\x00\xbc@\xa9Q\x8b\xab^C\
\x9b\x99\xa2\xb4\x0aPj\xd0O\x10`%I/\x95\xf4\
*I/\xd6\x13\xe9\x8bm\xe4\x1aI{\x96\xd4\xc1B\
\xa1E\x00k\x03\xd7S\x1fw\x96\xb2\xc1\xe3\x03X\x15\
8\xa3\xc6s\xe1\xe0>\xe0'\xc0\x1f\x8c\x9au\xc5\xa3\
\x0c\x0d\xc02\xc0\x1b\x80\xab\x8d\xe7\xc5\xcd,\xe0\xd7\xa4\
n\xa4\x85B\xa1\x0dP\xbf\x13\xf00)_\xbd0\x07\
\x80\x00>\x01L\xaf\xf1\x1c\x0c\xc2\x03\xc0\xcf\x80\xcdF\
\x8dy\x0b\xd2\x03\xdd\xc1\x859\xe7\xbf\x0f\x00\x0b\x00G\
\x9b\xceG\xddL\x05\x0e\xc8=g\x85B\xa1\x82\xfa\x9d\
\x80\xe9\xc0\xee\xb9\xedl\x1b\xc0\xb3\x80\xebj\x9c\xf7\xc9\
2\x138\x17\xd8\x851\x1a\xc2\x00\xbf5\x1e\xefEM\
\xcf}_\x00\x16\x01N2\x9e\x8b\xa6\xb8\x8a\x94\xddR\
(\x14rC\xfdN\xc0L`\xd7\xdcv\xb6\x01\xd2\x17\
\xdbw\xf0}E\xbb\xb8\x03\xf88\xb0\xc48l\xd8\xda\
x\xdc\xdf61\xef}\x03X\x1c8\xddx\x1e\x9af\
\x06ph\xeey,\x14\x0ajl%\xe0\xd9\xb9\xed\xcc\
\x09\xf0\x22\xe0\xee\x1a\xe7x\xa2\xcc\x04\xce\x01\xb6\x9b\x84\
-\xbf3\x8ea\x83:\xe6\xbb\xaf\x00K\x01g\x99\xe6\
?77\x00\x1b\xe5\x9e\xd3Ba\xe8\xa1~'\xe0A\
\x8600\x90\xb4T\xfb\xf3\x1a\xe7u\xa2L\x05\x8e\x22\
\xe5\x9aO\xd6\xa6m\x8c\xe39\xda9\xdf}\x06X\x8c\
\xfe\xbc\xfcG\x98\x05|+\xf7\xdc\x16\x0aC\x0f%;\
\xc0\x0ai\xb9\xbc-_\xfdw\x02\xef\x07,\x1d\xec\x80\
\xd3L\xe3\x9aJJm+\xcc\x05`!\xe0\xf7\xa69\
o#7\x90R\x94\x0b\x85\xff\xa3\xed\x05/zED\
L\x91\xb4\x83R\x9ev\x1d\xac(\xe9\x0cz\xee\x04\x90\
\x22\xfc?/\xe9\xaf\xca_\xc5\xedjI\xbbF\xc4J\
\x11\xf1\xb5\x88x\xdc\xa4{\x98Ig\x11I\x07\x99\xb4\
z\x090\xbf\xa4c\x95JB\xf7\x955%\xfd\x07\xa8\
\xa3iY\xa1P\x18/\x94\x95\x80I\x03<\x0d\xf8W\
\x8ds7^\xfe\x0e<\xb7f[/1\x8d\xf5\x16`\
\x81:\xc7\xdae\x80o\x99\xe6yn|\x0d\xd8\x04\xb8\
\xb8\x81c\xcd\x8b\x0b\x81%s\xcf{\xa10\xb4\x00\xeb\
\x90r\xf9\xeb\xa2wN\x00\xf0z\xe0\xf1\x1a\xe7l<\
\x5c\x07\xec\xdc\x90\xbd\xaf3\x8e{\xcf&\xc6\xdc5\x80\
w\x1b\xe7xN<F*?=\xfa\x98\x1b\x00\xe7\xd7\
|\xdcy\xf1(\xf0\xb2\x5c\xf3^(\x0c5\xc0\xe7\x1a\
\xb8\xc9{\xe1\x04\x90\x02\xfdNm`\xbe\xe6\xc654\
\x9cW\x0f,\x08\xdcd\x1a\xff\x1f\x9a\x1c{\x17\x00v\
%\xa5\xcc\xd5\xc5-\xcce\x95\x08\xd8\x0a\xb8\xa2\xc6\xe3\
\xcf\x8bY\xc0\xff49\xe7\x85\xc2\xd0\x03\xecMs\xb9\
\xea\x9dv\x02\x80\xa7\x03\xb774Ws\xe2?4\xf4\
\xc5?\x86\xfd\x1f4\xd91\x8b\xd4\xac\xaa \x09X\x17\
\xb8\xdf4\xb7s\xe2R`\x5cM\xc1\x80\xe7\x91\xae\xb3\
\x5c\x5c\x05,S\xf7\x9c\x17\x0aC\x0f\xb0\x16pO\xc3\
7x'\x9d\x00`\x1f`Z\xc3s5\xc2\x03\xc0\xfe\
-\x98\x83eH)\x9e\x0e>\x9f\xdb\x9e6@\x8a\xf8\
\xbf\xd04\xa7s\xe24&\xb1\xc7N\xda\xf2\xa9\xd3)\
\x99\x1b\x8fR*G\x16\x0a\xf5\x01,\x0c\x5c\x94\xe9\x06\
\xef\x8c\x13@\x8a\xf2\xffn\xa6y\x9a\x01|\x1dS:\
\x9f\x83j<\x0en\x22E\xbc\x0f5\xa4\x80\xbc\xba\xf8\
\x01\xb0\xe0\x80\xe3\xfb<y\x1c\xdfY\xc0G\x5c\xf3\x5c\
(\x14F\x01|#\xc3M=\x9a\xd6;\x01\xc0\x92\xa4\
\x08\xfb\x1c\xfc\x05X-\xf7\x1c\xcc\x0e)h\xcc\xb5e\
\xf4\xe2\xdc\xf6\xe4\x84\xb4\xef_\xd7\xf6\xdba\x8c\xd1\xe3\
a\x12\xe3\x5c\x86\xd4\x8b GY\xeb3\x80\x92\x22^\
(\xb8\x00v\xcft3\xcfNk\x9d\x00`3\xf2,\
\x81\xde\x0cl\x9f\xdb\xfe\xb9\x01\x9ci\xb2\xf5'\xb9m\
\xc9\x05\xa9\xd2_]M\xa2\x5cu\x1bf\x1f\xf3\x96\xc0\
\x94\x9a\xc6<7n\x06V\xae\xc3\xa6Ba\xa8\x00\xd6\
\xa4\xf9}\xff\xb9\xd1:'\x00x\x0d\xf5Fd\xcf\x89\
\xc7\x81\x0f\xd3\x81\xaf\x1d\xe0\xb5&\x9b\x1feHs\xc0\
\xa9g\xe9\x7f\x16pp\x03c\xff$\xcd\xb7\xb6\x9e\x0a\
l[\xb7m\x85Bo!\xa5r\x9d\xd7\xf0\x8d;\x1e\
Z\xe3\x04\x00\x9f\xce`\xff\x85\xc0\x8a\xb9m\x1f/\xa4\
\xf8\x91\xbbL\xb6\xef\x97\xdb\x9e\xa6!\xa5\xdc\xd5\xe1`\
\xd6\xfe\xf2\x1fe\xc3\xca4_Hh&\xf0\xe6\xa6l\
,\x14z\x05\xbe\x00\xae:\xc8\xea\x04\x90\x82\xfd\x8em\
\xd8\xe6\xa9\xc0\x9br\xd9<\x08\xc0\x97Mspbn\
[\x9a\x068\xdb4w\xa3\xf9L&[\xde@Z\xc9\
i\x92\xaf\xe5\xb0\xb5P\xe8,\xc0\xcbh\xc7\xbe\xff\xdc\
\xc8\xe2\x04\x90'#\xe2\xcf@\xee\xde\x01\x93\x06x\x06\
\x9e\xebi*C\xb4\x0d\x00\xbc\xd80g\xb3\x93\xb5\xc3\
\x1e\xb0\x04)h\xb5I\xfe@))](\xcc\x1bR\
\x14\xaf\xab\x8a[\xdd\xdc\x01\xac\xd5\xe0\xdc,O\xb3s\
3\x95\x16\xe4\xf4;\xc0\xf7\xd0\x7fmn[\x9a\x02\xb8\
\xc04g#\xfc\x96\x96\xc4\x8d\xd0|y\xeck\x81e\
s\xdb]\xf0\xd0\x8a\x8b\xb8\xa7\x1c!\xe9if\xcd\x87\
\xccz#\xac$\xe9D\x1a\xc8\x11\x07\x9e!\xe9z\xf9\
\xe7f,\xce\x97\xb4zD\xf4%\xfa\xfdX\x93\xceP\
\xf4\x06 \xd5\xbbw6m\xbaL\xd2~\x111\xcb\xa8\
9i\x22\xe2\x18\xa5{\xe9\xca\x86\x0e\xb9\xae\xa4\xeb\x81\
\x0d\x1b:^\xa1\xd0-\x80=j\xf0\xbc\xcf\x04\x9eI\
J\xcf\xa9\x8b\xb7\xcc\xdb\xba\x81\xe6es\xd2\xd7x\x13\
\xcc\x00\xdeU\xa7=9\x00V\xc0S$\xe6>\x86`\
9\x17\xf8\x9da\xaeF\xb8\x17X;\xb7Mc\x01\x1c\
m\xb4u^L\xa34\x13*\x14\x9e\x0c\xe9\x01\xed\xae\
]\x7f\x07U\x81\x1a\xeam%\xfc\xd7\x1a\xe7e\x1b\x9a\
[\xaa\xbc\x1d\xd8\xa0.[r\x03\x9cb\x9a\xa7\x17\xe6\
\xb6\xa5N\x80\xd5\xf1F\xfe\xbf&\xb7Mc\x01l\x07\
\xdcm\xb4u<\xcc\x02>\x9e\xdb\xf6\xc2\xe4)[\x00\
~\xbe-\xc9Y@c\x96\xa4\xfd#\xe2VI\x8a\x88\
)\x92v\x91t\x8b\xf1\x18#l\x0d\xac\xe0\x16%}\
)\x9c#i!\xb7\xf6\x1c\xf8\xb5\xa4\xb5\x22\xe2\x9a\x06\
\x8e\x95\x8b\xe3L:}\xff\x82{\x83$\xd7\xb6\xd6w\
#\xc25\xefVH\xf1-\x7f\x92\xd4t\x80kHz\
\x1f\xd0\xd4v^\xa1\xd0^\xf0\xf6o\x1f\xe1\xd3c\x1c\
\xab\xae\x95\x80-\xcds\xb27)\x97\xb8nf\x00\x07\
:\xc7\xdeV\x80\xa5\xf0\xa4\x81]\x96\xdb\x96:\x01\xfe\
i\x98#\x80[ii\xb7<\xe0c\xe4\xcf4\xba\x10\
X.\xf7\x5c\x14\x0a\xd9\x00V\xc3_\xed\xefL\xe6\x12\
\x98\x07\xac\x87?&\xe0\xf9\xc69y\x0d\xcd\xbc\xfc\xef\
\x016r\x8d\xbb\x0b\x00\xbf4\xcc\xdb,:\x9c\x169\
7H\x0e\xb2\x8bV.\xfd\x03\x87\x1am\x1c\x94K\xe8\
Pa\xadB\xa2l\x01\xf88J\x92\xd3\x0b\xbeS)\
\xdax\xe6X\x7f!\x22\xfe#i{y\xb7\x03ns\
\x88\x90\x02\x0a\x7f\xa6\xfa\xaf\xb1s$\xad\x11\x11ME\
A\xb7\x85S\x0d\x1a!i;\x83N\x1bq\xc57\x5c\
*\xe9x\x93\x96\x0d\xe0PIm\xda\x7f\xdf\x5c\xd2\x99\
\x94\xfe\x01\x85a\x03x\xa5\xd9\x9b\x9e\xc9\x04\xba\xb6\xe1\
\xdb\x0e\xb8\x15C73Rnr\x13\xcb\x92C\xdb\xdf\
\x1ex\x9ai\x0e\xbf\x94\xdb\x96:\xc0\x17\x11\xbfGn\
[f\x87\xd4u\xb0\xad\x5cNOW\x95\x0a\x85\xa7\x00\
,\x8e\xbf[\xd7\x97'1\x0e\xc7v\xc07\x0d\xf3\xb1\
\x0f\xf5\xbf\xfc\xa7\x03{\x0d:\xd6\xae\x03\xfc\xc30\x97\
\xe7\xe5\xb6\xa3\x0e\x80\xab\x0ds3\x85\x06jcL\x04\
\xe0`\x83]us!\xb0T\xee\xb9*\x14j\x07\xbf\
7~\x15\xb0\xe8$\xc72\x88\x13\xf00\xb0\xea\x80s\
\xb1\x0b\xf5\xef\xf9?\x0cl1\xc88\xfb\x02p\xb8a\
>\x1f\x07\x9a\xc8\xceh\x0c`!<\xe9\x7fYj\xfd\
\x8f\x05)\xc88w\xc0\xdfx9\x17X\x22\xf7\x9c\x15\
\x0a\xb5A\xaa\xcd\xfe\x98\xf1\xa6\x99\x0el=\xe0\x98&\
\xbb\x1d0P\x11 \xe0\x85\xd4\xdf\xce\xf7V\xca\x1e\xe3\
\xffAr\xb8\x1cl\x92\xdb\x16'$G\xd8\xc16\xb9\
m\x19\x81t\x7f9\x0a@5\xc9\xe9\xc0\x22\xb9\xe7\xae\
06%\x08p0\xbe-ia\xa3\xde\x17\x22\xe2\xa2\
A\x04\xaa:\x01;I\xbaj\x9c\xff\xc9LI\xef\x8f\
\x88\xefO\xf6\x98\xa4/\xf23\xe4\xcb\xb9\x9e\x13\x17K\
Z7\x22\xee\xa8\xf1\x18]\xe3lI\xd3\x0c:\x1b\x1b\
4\xda\xc4J\x06\x8di\x92\xfef\xd0\x19\x18R\x9e\xfd\
\xcf%-\x98{,\x13dgI\xc7\x01]\x1b\xf7\xd0\
P\x1c\x80I\x02\xbc^\xd2\x8eF\xc9\xcb$}\xd6!\
\x14\x11\xd7I\xdaV\xd275\xf7\x17\xc4\xa5\x92v\x8a\
\x88\xafO\xf6X\xa4\x8a{\xe7\xab\xde\x87\xd3O$=\
'\x22\x1e\xab\xf1\x18\x9d\xa3\x9a\x0fG\xf6C\xdf\x1c\x00\
\xc7\xfe\xf3\x94\x88\x98n\xd0\x19\x88\xea\x0b\xfa\x97\xf2\x16\
\x17\x9b\x9d\xcbk\xd4\xdeC\xd2\x0fiI\xf3\xa4Ba\
`H\x85Xn5.\x95M\xc3\x5c\x80g\xd4XW\
\x01\xde\x06\xfc/p2p,\xf0yR\xe9\xd0\x81\x22\
\xfeIe\x8f\x1f4\xce\xc3\x9c\xf8\x84k.\xfaHu\
^\x07\xe57\xb9\xedp\x02\xecn\x98\x93\xb6|\xfd;\
\xce\xefX<@U\xe3\x00x\x0f\xf5\xc6\x17\x1c\x9e{\
.\x0b\x05\x0b\xc0\x11\xe6\x9b\xa3M\xf9\xbc\xe3\x02X\x90\
z\x1b\x13\xcd\x02\xde\x97\xdb\xce\xb6\x03\xbc\xcb0\xd7\xbd\
\xaa\x08\x08\xbc\xd80'7\xb5\xc0\x8ew\x1a\xec\x18\x8b\
+\x81\xf5f;\xde\xfe\xa48\xa4\xba\xe8]s\xae\xc2\
\x90\x01l\x887\xd8\xed\x22:\xd6\x95\x0d\x08\xe0R\xe3\
\x1c\xcc\xce,\xe0\x80\xdcvv\x01\xd2J\xce\xa0\xdc\x99\
\xdb\x0e'\xc0\xb6\x869\x99A\xc6\xec\x08\xe0\xe5\xd4\x17\
\xf4\xf7\x17`\xd91\x8e\xbbo\x8d\xc7\x9dA\x0b\xeb*\
\x14\x0a\xe3\x86\xb4\x8c\xeeb&\xf0\x9c\xdc6M\x14\xe0\
\xd7\xc69\x98\x9dY\xc0~\xb9m\xec\x0a\xc0\x12\x0c\xbe\
t;\x8b\x1e\x05j\x01k\x0cz\x11V\x8c\xbb\x18\x97\
y\xfc/\xc0\xd3\xebaN\x1c\x0f\xcc5p\x99\xe4|\
\xd4\xd5\xb6\xfb\x11:\xf8\xcc+\x14\x04\xbc\xc8|3\x0c\
\x5cx\xa7i\x80\xcf\x98\xe7`43\x81W\xe6\xb6\xb1\
k\xe0\xe9A\xb1Fn;\x5c\x00\x0b\xe0I\xcf\xfd-\
\x0d\x17\x02\x22=c\xee7\x8c}N|\x83q\x06\xe3\
\x01\xdb\x03\x0f\xd54\x8e[\x815\xeb\x9e\xcbB\xc1\x06\
i\xd9\xfb\x22\xe3Mp;-\xed06\x16\xa4=\xc2\
\xba\x98\x01\xec\x92\xdb\xc6.\x82\xa7\x22\xe0f\xb9\xedp\
\x02\x5cl\x98\x13\x80\x13\x81\xc5\x1b\x1a\xf3\xab\xf0\xd6\x15\
\x19\xcd\x11L0\xe8\x97\xb4\x12Q\x97\x13p9\xa5Z\
`\xa1+\x00\xaf5\xdf\x00\xfb\xe7\xb6i\x22\x00[R\
_\xa1\x9f\xe9\xc0\xf6\xb9m\xec*\xc0\xf9\x86s\xd0\xab\
\xea\x8a\xc0Q\x869\x19\xe1Jj\xec6\x09,\x0c|\
\x85\xfa\xa2\xf0\xbf\xc7$3~\x80\x1d\xa8o;\xe2T\
Jz`\xa1\xed\x90J\x8b\xfe\xc7x\xe1\x9f\x85\xa1\xe9\
NS\x00KS\xdf\x97\xc0L`\xe7\xdc6v\x99\xea\
z\x1a\x94\xadr\xdb\xe1\x84\xd4\x93\xc2\xc9#\xc0G1\
W\xb6#U\xf8\xfb\xbby\xac\xa39\x81\x01_\xb2\xa4\
\xac\x8a\xbaV&\x0eu\xcde\xa1P\x0b\xc0\x07\x8c\x17\
\xfct`\xd3\xdc6M\x04\xe0\x1a\xa3\xfd\xa3\x99Ei\
\xea30\xc0_\x0d\xe7\xa2W\x81Y\xc02\xd4\x93\xd2\
v-i\xa9~\xa0\xcc\x1d\xe0\xd9\xc0oj\x18\xdfh\
.\x05\x163\xcd\xe7\x9e\xd43\x9f\xb3\x80\xbd\x1dc,\
\x14\xec\x90\x1e$w\x1b/\xf8\xc3r\xdb4\x11\x80\x1f\
\x1bm\x1f\xcd,\x06\xec?PH\xe0i\x05]K!\
\xaa\x9c\x00'\x19\xe6e,n\x06>\xcd\x04\x82'\x81\
\xe5Hq4g\xd78\xae\x11\xee\xc0\x1chGj\xf3\
]G\xb3\xaf\x07\x81g9\xc7Z\x18\x1f\x9dY\x86\xce\
\x05\xe9\x85\xfda\x93\xdc\xcd\x926\x88\x88GLz\xb5\
\x02\xbcN\xa9\x0co\x1d|(\x22&\xdc\xf6\xb8\xf0d\
\x80\xa5%\xdd\xa3\xc1\xfb0\xac\x1e\x11\xb7\x1a\x86\xd4\x1a\
\x80}$\x9dP\xf7a\x94\xca1\x9fS\xfd9E\xd2\
\xc3\x92f(\x95$^U\xa9\xd4\xf2VJ\xe5\xb9\x9b\
\xc8*\x98.i\xe7\x888\xcb-Lr\xda\xbf'\xff\
\xbb\xe3\x1aI\xcf\x8d\x88\x07\xcd\xba\x85\xc2\xe4\x00\x96\xc7\
\xbb\xf7\xfd\xa6\xdc6\x8d\x17`\x03\xea\xab\x0a\xf6\x85\xdc\
\xf6\xf5\x05`7\xc3\xf9\x98N\xcb\xfa\xde; \xc5\xee\
\xdcd\x98\x9f\xaeqP\xcd\xf3\xfa\xb1\x9a\xc6}\x5c\x9d\
\xe3.\x14&\x04\xa9f\xbe\x8b\xcb\xe9\xc8C\x96T\xe6\
\xd7\xb9\xed1\x9a\x1f\xe5\xb6\xafO\x00\xbf4\x9c\x93\xec\
eo\xeb\x02o\xfcN\x178\xba\xa1y\xfd\x9f\x9a\xc6\
\xff\x81&\xc6_(\xcc\x15R\xe4\xfb}\xc6\x0b\xfb\xa5\
\xb9m\x1a/\xc0\x9f\x8cv\x8f\xe6\x8c\xdc\xb6\xf5\x09\xe0\
\x99xR3\xcf\xccmK]\x90*%\xdeh\x98\xa3\
.\xf0\x17\x1a*_L\xfaH8\xad\x06\x1b\xa6\x03\xcf\
m\xc2\x86Bi\x07<7\xde/\xc9U\xa8\xe7\xcc\x88\
\xf8\xbdI\xabV\x80\xb7K\xda\xa1\x06\xe9k$\x95B\
?^>&\xcf\x9e\xf2\xd9\x06\x8dV\x12\x11\x0fKz\
\x9b\xd2^}\x9f\xb9X\xd2\xee\x111\xb7\xf6\xdf6\xaa\
V\xc9\xfb(\xb51w\xb2\x80\xa4\x9fQ\x8a\x04\x15r\
Aj\xf7{\xaf\xc9\xa3\x9dEG\x22\xac\x815\xa9g\
\xdf\xff>`\xc9\xdc\xf6\xf5\x09`=\xe3\xb9\xea}\x1d\
\x06R\x0e\x7f_\xf9\x07\xb0|\xa6y]\x8dzVX\
\xbe\x9f\xc3\x9eB\xc1\x1d\xe4rLn{\xc6\x0b\x9et\
\xb2\xd9\x99\x06<#\xb7m}\x03_C\xa6i4T\
\xea67\xc0\xa1\xa69k\x13\xff\x02V\xcd<\xaf\x1b\
SO\xff\x82\xd7\xe4\xb4\xab0\x84\x00\x8b\x03w\x9a.\
\xe0\xc7\x81us\xdb4\x1e\x80\xa3M6\x8ff\x16\xb0\
[n\xdb\xfa\x06\xf0\x12\xe39:9\xb7=M\x02|\
\x82\xfaJ\xee6\xcd\xf9\xc0\x8a\xb9\xe7T\x92\x80W\xe2\
\x9f\xd7{\xe9Q\x93\xaaB\x07\x00\x0e6^\xc0_\xcd\
m\xcfx \xf5O\xaf\xe3\xa1\xf8\xb9\xdc\xb6\xf5\x0d\x92\
\x83z\xad\xf1\x1c\x0d]%FR%\xbf\xba\xda\xdd6\
\xc5\xaf0U\xf9s\x01|\xae\x06;\xcf\xa2#\xd9S\
\x85\x8eCj\xcaq\x9b\xe9\xc2}\x14X%\xb7M\xf3\
\x82\x14\xcd\xeb\xccv\x18\xa1D\xfc\xd7\x00\xf0m\xe39\
\xba\x9d\x86\xa2\xc6\xdb\x06\xa9\xd3\xdd\xcd\xc6\xb9l\x8a\x99\
\xc0a\xb4\xb0\x89\x0e0\x1fpJ\x0d6\x7f$\xb7m\
\x85!\x00x\xb3\xf1\xa2\xfdFn{\xc6\x03\xa9\xe7\xb9\
\x9b\x9b\x19\xb0Vz\xe1\xa9\x00{\xe0]\xa99$\xb7\
M9!\x95\xf9>\xce8\x9fus\x1b\xb0k\xeey\
\x9b\x1b\xa4\xe2i\xd7\x9b\xed~\x1c\xd8$\xb7m\x85\x9e\
\x83\xaf\x87\xf84`\xad\xdc\xf6\xcc\x0b`'\x93\xbd\xa3\
y\x8c\xccAI}\x04X\x1fx\xc0x\x9e\x1e\x06\x96\
\xcbmW\x1b\x00\xdeN=\xab`N\x8e\x03\x96\xcd=\
W\xe3\x01\xd8\x8c\xd4=\xd1\xc9_)[\x01\x85\xba \
\xb5\xe5tqTn{\xe6\x050?\xf5<\xf4J\xd0\
\x9f\x19R\x13\x99\xab\xcc\xe7\xe9\xf0\xdcv\xb5\x09`%\
\xe0{\xd4\xd3\xecf\x10\xfe\x01t\xae~\x06\xa9\xe9\x91\
\x9b\xf7\xe6\xb6\xab\xd0S\xf0\x94T\x85\xf4\xf5\xbfNn\
{\xe6\x05\xf0S\x93\xbd\xa3\xf9nn\xbb\xfa\x06\xb0\x08\
)\x10\xca\xc9}d\xca\x1bo;\xc0V\xc0\x19\xe6\xf9\
\x9e\x0c7\x00\x07\xd2\xe1\xad4\x92C\xe5\xe4!:\xb0\
\xb2Z\xe8\x18\xc0Z\xf8\x8a\xaa\xfc \xb7=\xf3\x02\xd8\
\x1c\x7f\xd4\xff\x14Z\x18\x98\xd4eH\xcdl~e>\
O\x00\xae\xee\x96\xbd\x05\xd8\x92\xb4\xec^WC\xac\xb1\
\xb8\x068\x80\x1e\x04g\x922V\xae1\xcf\xcf\xa9\xb9\
\xed*\xf4\x0c\xe0\xcb\xa6\x8bs\x06\xf0\xcc\xdc\xf6\xcc\x0b\
\xfc\xd1\xcf\xd3)\x9e\xb9\x15`Q\xe0w\xe6\xf3\x04)\
\x85p\xd1\xdc\xf6u\x05`\x1d\xe0S\xc0\x955\x9c\x8b\
\x11\x1e!9\x1b;\x02\xbdj\xd1Nr\xa4\x1e7\xcf\
\xd7\xebr\xdbU\xe8\x09\xc0b\xf8\xca\xfe\xfe,\xb7=\
\xf3\x02\x9f\xb33\x9a\x03s\xdb\xd5'H\x8d\xa8\xeaj\
\xc8\xf4\xe2\xdc\xf6u\x15`#\x923p\x1e)\xcdw\
\x10\xa6\x00?\x22\xd5$hU>\xbf\x1b\xfc\xed\x83\xef\
\x06V\xcamW\x1f\xe8\x95\xb79\x19H/\xafo\x9b\
\xe4\xb6\x8e\x88\x8bMZvH\xd1\xf97\xc9\xd3@f\
\x843\x22\xa2sAJm\x05\xd8P\xd2\x89\x92\xea(\
\x9f\xfc\xd3\x88\xd8\xbf\x06\xdd\xa1\x83\xb47\xbf\x91\xa4\xad\
$m.iMI\xabIZV\xd2B\x92\x16\x91\xf4\
\xa0\xa4\xc7%\xdd&\xe9\x16I\xff\x96t\x85\xa4K#\
\xe2\x86\x0c\xc3\xce\x02ik\xf0O\x92^d\x94\xfdQ\
D\xbc\xc9\xa8W\x186\x80\xc0\xb7\xb4\xd7\xfa\x8ej\xa4\
\xd2\xa1N\xee\x07\x16\xcemW_\x00\xf6\x06\x1e4\x9f\
\xa3\x11n\xa7|5\x152\x01<\x0d\xb8\xc7x=\xcf\
\xa2\xb4\x0d.\x0c\x02\xb0\x9d\xf1\x82\xdc'\xb7=s\x03\
\x7f\xce\x7f\xb9\x01M\x00+\x00\xc7\x98\xcf\xcfhfR\
\x96\xfe\x0b\x99\x01^c\xbe\xae\xcf\xa7g1\x13\x85\x06\
\xc1\x97\xa6r3\xb0`n{\xe6\x06\xe9\x0b\xd0\xc9O\
r\xdb\xd4uH+P\xaf\x03\xee2\x9f\x9b\xd9\xf9b\
n[\x0b\x05I\x02N4_\xdbeK\xab0qH\
Q\xd6\xae\x16\x96\xadN\xab\x02\x0e1\xd99\xc2\x03t\
8?97\xa4\x17\xffn\xc0E\xe6\xf32'\xce\xa5\
\xe5\xceiax\x00V\xc5[\x80\xecf\x86\xa4\x9du\
\xc1\x08\xf0\x06\xd3\x05\xf8(-.\xaaB*$\xf3\x98\
\xc9\xd6\x11^\x96\xdb\xae.Bj\xbc\xb4'\xcd\xbc\xf8\
!E\x9a\xaf\x9c\xdb\xeeBa4\xc0A\xe6\xeb\xfc3\
\xb9m*t\x0c\xe0\xcf\xa6\x8b\xef\xe8\xdc\xb6\xcc\x0d\xe0\
x\x93\x9d#\xfc!\xb7M]\x83\x94>v\x18\xfem\
\x98\xb9\xf1\x10\xb0in\xdb\x0b\x85\xd9!u\x0dtV\
\xb7\x9c\x0a\xac\x9d\xdb\xae.2\x94\x01\x14\xd5\xc5r\xad\
$G\xe5\xba\xcd\x22\xe2r\x83\x8e\x1d`MI\xd7\xcb\
c\xa7$=&i\xc5\x88x\xd8\xa4\xd7K\x80\xf5%\
m'\xe9\x85J\xa9O\xeb6<\x84\xe9\x92\xf6\x8a\x88\
\x93\x1b>n\xa10.\x80\x0d$]\xaa\x94.\xe9\xe0\
\xe7\x11\xb1\xafIkh\x18\xd6}\xdc7\xc9\xf3R<\
\xab\xad/\xff\x8ac\xe5{\xf9K\xd2\xbb\xfa\xf0\xf2'\
U\xc2[Z\xd2\x12\xd5\x9fKJZ\x5c\xd2\xec\x05Y\
\xee\x97D\xf5\xcf\xd3%\x8d\xb6}1IKIZ]\
\xd2\x1aJy\xe0kHz\x96\xa4U\xea\x1a\xfb8\x98\
)\xe9\xf5\xe5\xe5_h3\x11q\x0d\xf09I\x87\x9a\
$_\x0d|%\x22.4\xe9\x0d\x05C\xb7\x02@J\
\x1b\xf9\x8f<_eo\x8a\x88\x1f\x19t\xec\x00\x9bI\
\xfa\xbbQ\xf2\xb2\x88x\xb6Q\xafV\x80\xa7)\x15h\
YW\xd2\xda\x92\xd6RzI\xaf)i\xc5|#\xab\
\x95Y\x92\xde\x1c\x11?\xce=\x90Ba^\x90\x82S\
/\x97\xb4\x81I\xf2\x94\x88x\xb9Ik(\x18F\x07\
`GI\x7f4H=,i\xd5\xb6~\x11\x03\x97I\
r\xed\x01\xcf\x92\xb4vD\xdcd\xd2\xb3\x02\xac&i\
\x1bI[T\xbf-%\x0d[\xd1\x9b\x99\x92\x0e\x88\x88\
\xef\xe7\x1eH\xa10^H\xad\x8e\x9dqE/\x8c\x88\
\xd6\x17ek\x0b\xc3\xb8\x05\xe0\xca\x1b=\xa1\xc5/\xff\
m\xe4{\xf9K\xd21mz\xf9\x03KJ\xdaE\xd2\
\xae\x92\xb6\x97\xb4^\xd6\x01\xe5\xe7QI\xfbE\xc4o\
r\x0f\xa4P\x98\x08\x11q:\xa9\xc3\xdf\xae&\xc9\xff\
\xa7\xf4l(\x8c\x83\xa1Z\x01\xa8\x96\x9cn\x97\xb4\x9c\
A\xae\xb5\x9e&p\x95\xd2^\xb4\x83\xa9\x92\x96\x89\x88\
i&\xbdIA\xca\xf5\xddS\xc9\x81\xdbA\xa9\xdez\
A\xbaG\xd2\xee\x11q~\xee\x81\x14\x0a\x93\xa1\x0a\x08\
\xbc\x5c\x92\xab^\xc5\x0e\x11q\xa6I\xab\xd7\x0c[\xff\
\xf6\x9d\xe4y\xf9_/\xe9\x1c\x83\x8e\x1d`;\xf9^\
\xfe\x92\xf4\x89\x9c/\x7fR\x0a\xdd\x0f\x94\x1c\xb7c$\
\xbdD\xe5\xe5?\xc2\xd5\x92\xb6+/\xffB\x97\x89\x88\
k$\x1di\x94\xfc\xacQ\xab\xd0\x17\xf0\x95\xfe\xfdx\
n[\xc6\x02\xf8\x97\xc9F\x80\xdb2\xda\xb1)\xf0c\
`\x86\xd1\x9e>q\x0c\xb0D\xae\xf3S(8\x01\x96\
\xc1[\x12\xbb\xf4\xbe(<\x01\xb0\x00p\xa7\xe1\xc2\x9a\
I\xca\xafo\x1d\xc0\xf6\x06\xfbF\xd3\xf8M\x04\xac\x06\
\x1ck\xb6\xa3O<\x0a\xbc\xb5\xe9\xf3R(\xd4\x0d\xde\
\x0a\x81\x17\xe4\xb6\xa7\xd0\x22\x80]L\x17\xd6\xe9\xb9m\
\x19\x0b\xe0\x0a\x93\x8d\x00\xce\x14\xc2\xf1\x8e\xff\xd5\xf8\xfa\
3\xf4\x91\xb3\x01\xe7\xf6N\xa1\xd0\x1a\x80\xf9\x81k\x8c\
\xf7\xcb\x8br\xdb\xd4v\x86)\x06`o\x93\xceOM\
:VH\x814\x1b\xbb\xe4$\xedg\xd2\x9a\xf7\xc1R\
i\xd0\xafH:^\xa90O\xe1\xc9\xdc/\xe9\xedJ\
\x81\xa7W\xe7\x1eL\xa1P\x07\x111S\xbe\xc2@\x92\
t\xb0Q\xab\x97\x0cE\x16\x000\xbf\xa4[5xn\
\xf8tI\xabD\xc4\xbd\x83\x8f\xca\x0bp\xa6R\xd9Y\
\x07\x7f\x8e\x88\x1dMZs\x05\x98O\xd2\x8f\xe4K\xcf\
\xec\x13\xb3$\xfdL\xd2\x07#\xe2\xf6\xdc\x83)\x14\xea\
\xa6z\x1e\xfc]\xd2&\x0e9I\x1bG\xc4U\x06\xad\
^2,+\x00/\x92\xa70\xcc\x1f[\xfa\xf2_Q\
\xd2\x0b\x5cr\x92^o\xd2\x1a\x0f_Ty\xf9\xcf\x0e\
\x92~\xa9\xd4g\xe2\xf5\xe5\xe5_\x18\x16\x22b\x96|\
\xab\x00!\xe9}&\xad^2,\x0e\xc0^&\x9d_\
\x9at\xdc\x1c)\xdf\xb9\xfccD\xdcb\xd2\x9a+\xc0\
n\x92\xfe\xbb\x89cu\x84Y\x92~+i\x8b\x88\xd8\
'\x22\xfe\x91{@\x85B\x06~!_\x19\xf37\x00\
9{s\xb4\x9aa\xd9\x02\xb8V\x83\xd7\xfe\x9f\xa9T\
\xfa\xf7.\xc3\x90lT\xdb\x1b\x8f\xca\x93\x1b\x8f\xa45\
\x9ap\x00\x80\xc5$\xfd[\xd2ju\x1f\xab\x03\xdc!\
\xe9\x07\x92\xbe\x1b\x11\xd7\xe5\x1eL\xa1\x90\x1b\xe0\x15\x92\
\x5c\x95-\x0f\x8d\x88\xffg\xd2\xea\x15\xbd_\x01\xa8\x82\
\xe3\x1c\x8d\x7f\xfe\xdc\xb6\x97\x7f\xc5\xa7\xe4+\x8c\xf3\xe7\
\xa6\xbe\xfe%\xfd\x97\x86\xfb\xe5\xff\xb8\xa4\xdfKz\xb5\
\xa45#\xe2\xa3\xe5\xe5_(\xfc\x1f'Iru\xf6\
{G\xf5\xc1Q\x98\x8d\xde;\x00J\x95\xe3\x1c\xb4u\
\xf9\xff\x1d&\x1d$5\x99_~`\x83\xc7j\x0b\xb7\
I\xfa\x9e\xd2\x96\xd4\x0a\x11\xb1kD\x9c\x90\xbb\xccr\
\xa1\xd06\x22\x02I\x9f7\xc9-/\xe9\x0d&\xad^\
\xd1\xfb-\x00\xe0\x14\x0d\xdehb\x96\xa4\xa7ED\xb6\
\xcaxs\x02x\xa9\xa4SMr\x17F\xc4sMZ\
s\x05XGR\xdf\xbfv\x1fQ\xaao~i\xf5\xbb\
H\xd2\xe5\xd5\x83\xadP(\xcc\x03R\xeb\xf6+\xe5)\
m~yDlf\xd0\xe9\x15\xbd\xee\x06\x08,\x22O\
j\xdcYm{\xf9W|\xc1\xa8u\x90Qk^l\
\xd3\xe0\xb1\xc6b\xa6\xa4{%=$\xe9\x01\xa5\x17\xf6\
#\x92fHZ\xb8\xfa;\x0bK\x9a\xdb\xd2\xe1cJ\
\xfb\xf7\xb7J\xba\xb3\xfa\xf3\x0eI\xd7J\xfaW\x95\xd7\
\x5c(\x14&AD\x00|S\xd2\xb7\x0dr\x9b\x02[\
E\xc4\xc5\x06\xad\xde\xd0k\x07@\xd2\x0b5\xf7\x07\xf8\
x9\xd9\xa0a\x05XF\x92\xcb\xa3\xbd&\x22.1\
i\x8d\x875\x1a<\xd6\x8d\x92.\x91t\x99\xd2\xaa\xc3\
\x8d\x92n\x90tsDLop\x1c\x85Ba\xe2\xfc\
P)\xceie\x83\xd6\xdb$\x15\x07`\x14}w\x00\
\x5c\xfb\xff\xa7\x99t\x9c|^\xbe-\x9c\xa6se\x1d\
\x1d\x19\xe7\xc4L\xa5\x1b\xfc4I\xe7I\xba\xa4\xa5\x81\
\x9b\x85Ba\x1cD\xc4c\xc0Q\x92>i\x90\xdb\x0f\
\xf8\xef\x88x\xc8\xa0Uh;\xc0\x95\x86z\xd27W\
{Q\xad\x02\xb8\xcf`\x1bd\xe8\xf8\x07\x1cj\x1a\xfb\
\x08w\x00\xaf\x03\x96o\xda\x96B\xa1P/\xc0\xf2\xc0\
\xc3\xa6gEi\xa45\x8a\xdef\x01\x00O\x93\xb4\xa1\
A\xea\xb4\xb6\x05n\x01\xbbHZ\xc6$\xf7E\x93\xce\
Dp\x7f\x95\xaf$\xe9\x10I\xdb\x9au\x0b\x85Bf\
\x22\xe2\x1eI\xc7\x98\xe4\xdef\xd2)\xb4\x19\xe0\xad&\
\x8f\xf1\xd5\xb9m\x99\x1d\xe0\x02\x93mS\xc9\xb0\xba\x01\
\xecl\x1a\xff\x9c8\x03xv\xd36\x15\x0a\x85\xfa\x00\
64>#6\xcdmO[\xe8\xed\x0a\x80R\x00\xe0\
\xa0\xcc\x94\xf4G\x83\x8e\x0dRf\xc3\xd6&\xb9\x133\
\xadn\x5c ijM\xda;I\xfa\x1b\xf0S\xc0\xd1\
P\xa4P\xc8\x0e\xb0\x1c\xb05\xc9y\x1e\xf9\xbd\x10\xd8\
\x00X\x22\xf7\xf8\xea\xa6j\xe8s\x8eI\xael\x03\xf4\
\x1d\xe0Z\x83\xa7x~n;f\x078\xc4`\x17\xc0\
,`\xf5\x8cv\xfc\xcad\xc7\xbcl\xfc5\xd0\x86\xb4\
\xc3Ba\x5c\x00K\x00/\x03\xbe\x02\x5c\xc8\xf8\xe2}\
\xee\x07\xfe\x0c|\x01x%\xb0ln;\xdc\x00o4\
=\x17\xee\x04\xfa\x1e\x00?\xbc\x00\xab\x98.\x94O\xe5\
\xb6ev\x80\x7f\x9bl\xbb&\xb3\x1d\xdb\x99\xec\x18/\
\xe7\x01\xaf\xa6\xdc\xf8\x85\x16\x02\x04\xe9\xab\xfe\x17\xc0\xe3\
\x86\xeb}\x1ap\x0a\xf0f\xa0\xae\xac\x9bF\x01\x16\x05\
\xee5\xcc\x0d@#\xed\xce\x0b\x19\x00^e\xbaHZ\
\x15T\x06,E\xfa\xaau\xf0\xe6\x16\xd8s\x8a\xc9\x96\
\x89p\x03\xf0!R\x0b\xe5B!+\xc0\x82\xc0\x01\xc0\
\xbfj\xbc\xe6\x1f\x05\x8e\x02\x9e\x91\xdb\xdeA\x01\x8e0\
\xcd\xc9wr\xdbR\xa8\x09\xe0k\x86\x0b\xe4AZ\xf6\
\xb5\x08\x1cf\xb0\x0b2\x05\xff\xcd\xc1\x9e5\xf0\xa53\
N\x94\xc7\x80c\x81\xed\xdb0\x17\x85\xe1\x03\xd8\x0b\xf8\
O\x83\xd7\xfcL\xe0D\xe0y\xb9m\x9f,\xc0\xa6\xa6\
\xb9\xb8\x0bX0\xb7=\x85\x1a\x00.2\x5c \x7f\xc8\
m\xc7\xec\x90\xbe^\x1d\xb4\xa6\xb1\x11\xb0\x0f\xe9\xc1\x94\
\x93k\x80\x83\x01G\xb5\xb1Ba\xae\x90\x1c\xdf\x93\xf2\
^\xf2\x9c\x03\xecI\x07_\x82\xa4\xb8\x08\x07\xaeBq\
\x85\xb6\x00,\x0eL7\x5c\x1c\x8e\xcaS6H\xc50\
\x5c\xb4j)\x10x\x87\xd1\xb6A\x98\x01\x9c\x0e\xbc\x81\
\xd2>\xb4P\x03\xc0+\x80\xbb\xb3^\xe5O\xe6^\xe0\
\xc7\xa4\xf8\x83N\xac\x84\x91\xb6L\x1c|?\xb7-\x05\
3\xc0N\xa6\x8bc\xe7\xdc\xb6\x8c\x06\xf8\x92\xc9\xae\xdb\
s\xdb2'\x80\x8f\xe2\x8bopp/\xf0m`[\
:\xf2`,\xb4\x17R\x90\xdfa\xb4\xeb\x1a\x9f\x9d\xeb\
\x81\xa3\x81}iq\x8c\x0c\xb0,\x9e@\xc9\xfbI\x05\
\xe3\x0a}\x01\xf8\xa4\xe1\xc2\x98\x01,\x99\xdb\x96\xd1\x90\
nN\x07G\xe4\xb6e,H_\xde\x8e\x1b\xdb\xcd\xf5\
\xa4\x87w)0T\x980\xc0\xc2\xa4\xba\x14]b\x16\
\xf0w\xe0\xab\xc0\xfe\xc0f\xc0B\xb9\xe7r\x04\xe0T\
\x93\x9dg\xe4\xb6%'\xbd\xfb\xb2\x01~\xaf\xc1\x9b\x00\
]\x12\x11[:\xc6\xe3\x00XT\xa9U\xad\xe3|\xad\
\x12\x11w\x18tj\x01\xd8^\xd2O%\xad\x96y(\
cq\x8d\xa4\xe3%\x1d\x1f\x11W\xe7\x1eL\xa1\xddT\
/\xcd_Izy\xee\xb1\x18\x98\xaet\xfd\xffC\xd2\
\xe5\x92\xaeV\xea\xaeycU\xae\xb71\x80\x03$9\
\x22\xf9\x1f\x89\x88\xde\x17R\x1a\x8b>:\x00w(\xd5\
\x86\x1f\x84oF\xc4{\x1d\xe3q\x00|@\xd2W\x0c\
R7E\xc4\x9a\x06\x9dZ!-?\xfeP\xd2\xcb2\
\x0fe^\x5c&\xe9\x97\x92~\x15\x11W\xe6\x1eL\xa1\
]\x00\xf3K:N\xd2>\xb9\xc7\xd2\x00\x8fJ\xbaE\
\xd2\xdd\xb3\xfd\xa6V\xff\xdf\x83\x92\x1e\x974V'\xbe\
\xc5%-\xa4\xd4\xa1v\xc9\xea\x9f\x97\x96\xb4\x94R\xdf\
\x93e\xaa\x7f_N\xd2\xaa\xd5\xdfw\xb1QUip\
\xe8\xe8\x95\x03@\xaalw\xb3Aj\xdf\x88\xf8\xb9A\
\xc7\x02\xf07I[\x18\xa4\x0e\x8f\x88\x0f\x1atj\x87\
\xb4\xef~\xa0\xa4/(\xdd\xf8m\xe7_J_z\xbf\
\x92t\xa3\x8a\x0d\xc0\x00\x00 \x00IDATq\xdb\
\x1aH\x15\x9a\x07\xf8\xa6\xa4w\xe7\x1eGa\x9e|!\
\x22>\x96{\x109\xe8\x9b\x03\xf0rI'\x1b\xa4\xd6\
\x88\x08\x87#a\x01x\x5c\xc9#\x1e\x94\x95\x22\xc2\xdd\
\x89\xafV\x80U%}M\xd2\xbe\xb9\xc72\x01n\x94\
tb\xf5;'\x22ff\x1eO\xa1a\x807H\xfa\
Q\xeeq\x14\xc6\xc5U\x11\xb1Q\xeeA\xe4\xa0o\xcd\
\x8063h\xdc\xd4\xb2\x97\xff\xb6\xf2\xbc\xfco\xee\xda\
\xcb_\x92\x22\xe2\xb6\x88x\x8d\xa4\x17K\xfa{\xee\xf1\
\x8c\x935%\xbdW\xd2\x99\x92\xee\x22EV\xbf\x88\x92\
M0\x14\x90\x9aP\x1d\x95{\x1c\x85q\xf3\x0cZV\
\xf4\xad)\xfa\xe6\x008\xa2\xb4/1h8y\xa7I\
\xe77&\x9d,D\xc4\xe9J\xdb \xaf\x96tm\xe6\
\xe1L\x84e\x95z\x90\x9f)\xe9_\xc0{)5\x06\
zK\xf5\x22\xf9\xbe\xa4Es\x8f\xa50n\x16\x90\xb4\
C\xeeA\xe4\xa08\x00O\xe52\x83\x86\x13\xd7\x85\xf9\
bR\xae\xfdZ&\xbd\xc6\x89\x08\x22\xe2\x04I\x1bI\
z\x8f\xa4\x9b2\x0fi\xa2\xac'\xe9\xeb\x92n\x00>\
\x0e8\x03\x99\x0a\xed\xe0`I[\xe5\x1eDa\xc2\xbc\
)\xf7\x00r\xd0\x9b%IRO\xec\x074\xb8S\xb3\
wD\xfc\xca0\xa4\x81\x01\x16Q\x8a\xa0u\x9e\xa7Y\
J}\xb5\x7f+\xe9\x0cI\x97w5`\xadJ\xb1z\
\xbd\xa4\x8f(\xbd\x5c\xbb\xc6\xad\x92\xfe\x9f\xa4\x1f\x968\
\x81\xeeC**\xf3/\x95\xaf\xff.rKD\x0c]\
Q\xa0>9\x00\xdb)\xbd\xd8\x06\xe5\xe9\x11q\x9dA\
g`\x80\x83$\xfdO\xcd\x87\xb9Ciy\xfa\xd2\xea\
wY\x9b\xeb\x04\xcc\x89*\xdd\xea\xd5\x92\xde/i\xeb\
\xcc\xc3\x99\x0cWH:\xb8\xda\xe6(t\x14\xe0h\xa5\
\xed\x9e\xba\x98\xa9t\xbf\xde\xaa\xf4\xec^Q\xd2\xd3\xd4\
\xbf\x95\xdc\x1c i\x91\x88\x98\x96{ M\xd2'\x07\
\xe0\x9d\x92\x06\xadr\xf7\xa0\xa4e\xda\xf2E\x0c\x9c.\
)GI\xe2\x87%\xddP\xfd\x1eQ\xca\xdd}\x5ci\
~\x16\x96\xb4\x98\xa4E$=&\xe9~I\xd3\xaa\xff\
\xe6.I\xd7W\xbf\x9b#bF\xd3\x03'u:{\
\xaf\xa4\xbd\x94\xf6\xf6\xba\xc4\x8f$} \x22\xee\xcd=\
\x90\xc2\xc4 \xf5\xd7\xb8R\xfek\x0eI\xa7(\x15\xc7\
:)\x22\x1e\x9e\xed\xb8KIz\x8e\xa4W*\xd5\x1b\
(\x0d\xad&OkV\x7f\x9b\xa2O\x0e\xc0w$\x1d\
0\xa0\xcc9\x11\xf1\x02\xc7x\x1c\x00\xf7(\x15\xbe\xe8\
\x223\x94\xd2\xe1.\x92t~\xf5\xbb4\x22\xa67q\
p`\x0dI\xef\x90\xf4fu\xeb\xa1x\xbb\xa47F\
D\xeb\xbaQ\x16\xc6\x06\xf8\xa1\xa47\x9ae/\x91\xf4\
\xde\x88\x18\xd7\xca&\xb0\xb0\xa47(\xc5!<\xd3<\
\x96a\xe0\xe7\x11\xd1\xa5t\xe3\x81\xe9\x93\x03p\x96\xa4\
A_\xde\xdf\x8a\x88\xf78\xc63(UL\xc3XU\
\xb3\xba\xcaT\xa5\xed\x86\x13$\xfd:\x22\xee\xab\xfb\x80\
U\x9c\xc0+\x94\x96fwV7\x96KgI:\x5c\
\xd2\xc7\x9br\x98\x0a\x93\xa7\xaa\x5cy\xa3\xd2\xaa\x98\x8b\
oKz\xdfd\x96\xa4\x81\xf9$\xed!\xe9\xc3\x92\x9e\
k\x1cS\xdf\xe9D\xa5T']x\x18\x8e\x97\xf5\x0d\
\x1am\xca\x00xm\xee\x01\xd4\xc0\xa2\x92vUJ\x93\
\xba\x1d\xf8\x1d\xf0Zj\xecI\x1e\x11\xd3\x22\xe2\x17\x11\
\xf1\x12\xa5@\xc1\xcf)\x95,m3\xf3I\xfa\x90\xa4\
?\x00+\xe4\x1eLa\x9e\xbcM\xde\x97\xff\x87\x22\xe2\
\x1d\x93\xdd\x8f\x8e\x88Y\x11qbDl#\xe9E\x92\
\x8eQ\xda\xca+\xcc\x9d\xd5\xaax\xa2\xa1\xa1\x17+\x00\
\xd5\xd7\xf2\x83\x1a\xdc\x9e\xad#\xe2b\xc3\x90\x06\x068\
U\xd2Ks\x8f\xa3!n\x92\xf4\x0dI\xdf\x8d\x88\x07\
\xeb>Xu\x93\xef\xa4\x94A\xb0\xa7\xbcu\xc5\xdd\x5c\
'i\x8f\x88\xf8G\xee\x81\x14\x9eJ\xf5\xb5}\xbdR\
\xf1'\x07\x9f\x8f\x88CLZ\xff\x07\xa9\xbb\xe9\xdeJ\
\xdb\x14/T\xbf>\xfe\x9cl\x1b\x11\x17\xe4\x1eDS\
\xf4\xc5\x01\xd8\x5c\x9e\x02>KED+\x96\xdd\x81+\
$m\x9c{\x1c\x0d\xf3\xa0\xa4oJ:,\x22\x1a\xf9\
b\xa9\x9c\xc7\xbd\x94\xf6NwP;\x1f\x8c\xf7K\xda\
-\x22\xce\xcd=\x90\xc2\x931f\x1fI\xd2\xe9\x92^\
Rw\x10r\xd53eW\xa5\xae\xa9;+5\xda)\
$\xbe\x1a\x11\x07\xe7\x1eDS\xf4\xc5\x01x\xb5R\x8b\
\xd6A\xb8-\x22Z\xd3\x82\x16\xf8\xa7\xa4g\xe4\x1eG\
&nVZ\x02?\xae\xc9\x8c\x8c*\x8f\xfbUJ\xd1\
\xd4\xdb\xa8]\xce\xc0\xa3JQ\xca\xbf\xcf=\x90\xc2\x13\
\x00_UJ?\x1d\x94\xfb$m\x12\x11\x8dnOU\
\x95\x0b\xb7QZm\xdcQ\xa9\x98\xda0\xd71hU\
+\xf8\xba\xe9\x8b\x03p\x88\xa4\xcf\x0e(svD\xbc\
\xd01\x9eA\xa9\xf6}\xefTO\xce\xcf\x00\x9c-\xe9\
m\x11\xf1\xcf\xa6\x0f\x5c}%\xed\xad\xe4\x0cl\xa7v\
8\x03\xd3$\xed\x19\x11\xa7\xe4\x1eH\xe1\xff:VN\
\x91g\xf9\xff\xbf#\xc2\xd1\xf2{ *\x87`C\xa5\
j\x86[V\x7fn*o\x8cC\x9by8\x22\x96\xcc\
=\x88\xa6\xe8\xc5\x0b\xc6\x94\x82\xf3\xfd\x88x\xaba8\
\x03\x03\xbcL\xd2\xefr\x8f\xa3%<,\xe9\x9d\x11\xf1\
\xe3\x5c\x03\xa8:\x12\xee\xa5\xe4\x0c\xbc@R\xce@\xa1\
\xa9\x92v\x8d\x88\xbfd\x1cCA\x12\xb0\x99<\x0d\xaa\
n\x94\xf4\xcc\x88x\xcc\xa0e\xa7\x0a\xd2}\xa6\xd2\x8a\
\xe4z\xd5\xef\xe9\x92VUr~r\xc5\xd0\xccP\xaa\
=r\x97\xa4\xdb\x94\xb6LW7\xe8.9{\xbd\x85\
\xbe\xd2\xb5B)c\xe1\xc8\x00\xf8\x8fA\xc3\x85\xa3\xab\
a_XB\xd2\x8f\x80\x9d%\xbd#\xc7\x8d\x19\x11\xb7\
I:R\xd2\x91\xc0Jz\xc2\x19\xd8^\xcd;\x03\x8b\
J\xfa-\xb0cD\xfc\xad\xe1c\x17\x9e\x8ck\xc5\xf0\
\xc8\xb6\xbe\xfc%\xa9JE\xfdG\xf5{\x0a\xc0\xd2J\
\x15\x09\x97\x9b\xed\xb7\xbc\xd2;fi=Q@l\x84\
E\xf5\xc4\xaa\xc2L\xa5\xf8\x1f)\xa5>\xcfP*<\
\xf6\xa8\xd2\xd6\xc8\x03\xb3\xfd\xee\x93t\xd7\xec\xddM\x81\
\x83\x95\xd2g\x07e\x17\xa5V\xde\x85.\x00\xdc\xc9\xe0\
\xec\x93\xdb\x8e\x11\x80\x9f\x19\xec\xe9#\xff \x15\xf8i\
\x05\xc0\x0a\xc0\xdb\x80\xd3\x80i\x0d\xcf\xc5\xcd\xa4\x95\x89\
B&\x80\x13\x0c\xe7q*%\xd5\xd3\x02\xb0\x9a\xe1|\
\x00\x1c\x99\xdb\x96\xa6h\xc3\xbe\xe6@\x90Ja\xaeh\
\x90\xfa\xb7A\xc3\xc5&\xb9\x07\xd0R6\x92t.\xb0\
a\xee\x81HRD\xdc\x1d\x11\xdf\xadj\x0c\xac\xa2'\
\xda\xfe\xcej\xe0\xf0\xabK\xfa\x15\xa9aT\xa1aH\
\xfb\xff\xcf7H\x9d\x16\x11w\x1bt\x86\x9e\x88\xb8U\
i\xe5`P\x86&\x08\xb0\xf3\x0e\x80\xa4u\x0c\x1a\xa8\
%=\xe6I\xe5<K\x19\xcf\xb1YC\xd2\xd9\xc0\xb6\
\xb9\x072\x9a\x88\xb87\x22\xbe\x17\x11;(\xed\x95\x1e\
\xa5\xd4+\xa1N\xb6Q\xfd\xcd\xa2\x0asf\x1d%\xa7\
oP~m\xd0(<\xc1m\x06\x8d\xa7\x1b4:A\
\x1f\x1c\x00G\xd0\xc7m-\x0a\xfa\xd8P\x92\xa32\xde\
\xad\x06\x8d\xb6\xb2\x9c\xa4\xd3\x81mr\x0fdND\xc4\
\xb5\x11q\x90R\xb0\xd4O\x94\x1c\xcc\xbax30T\
\xf5\xcb[\x82c\x15j\xa4\xd1O\xc1\xc7\xd5\x06\x8d\xe5\
\xaa\x15\x9e\xde\xd3\x07\x07\xc0\xb1\x0f\xda\x8a\xf6\xbf\x15\x9b\
\x1a4\x1e\x91\xb4\x96R\xc4\xfaajW\x89c\x17\x8b\
K:\x19xV\xee\x81\x8cED\xdc\x12\x11\xaf\x97\xf4\
<I\x97\xd7x\xa8o\xd3\xa2\xd8\x88!\xc1q\xdd\xfd\
3\x22\xee4\xe8\x14\x9e\xc0Q\x94i>\x0dI\x0d\x96\
>8\x00\x8e\x15\x80\x9b\x0d\x1a.\x1c\xfb\xffWD\xc4\
\x8c\x888'\x22>\x1a\x11\xcfVZ:?@)\xba\
\xf5v\xc31\xda\xc0\xf2\x92Nk\xfb\xcb\xaf*-\xfa\
\x1c\xa5r\xc7u\xac\x06,+\xe9\x87\xc3\xf2\xd5\xd2\x12\
\x1c\x0e\xc0y\x06\x8d\xc2\x939\xd9\xa4\xb3\x93I\xa7\xd5\
\xf4\xc1\x01p\xac\x00\xb4i\xb9\xdc\xe1\x00<%]'\
\x22n\xae\x02\xd6\xf6\x8a\x88U\x95\xd2v^)\xe9P\
\xa5e\xc8\x7f\xa9\xfe=\xeb:XC\xd2I@\xab\xab\
\x97E\xc4\xe3\x11\xf1>I/\x97TG\xd0\xd7\x8eJ\
\xe5\x8c\x0b\xcd\xe0p\x00\xae2h\x14\x9e\xcc\x15\xf2\x04\
\xe1\xb6*\xc6\xa8.\xfaP\x07\xc0Q\xbe\xd7\x118\xe2\
\xc2\x11\x008\xcf%\xff\xaa\xe4\xe8-\x92~3\xfa\x7f\
'\xa5\x96\xad\xa9\xb4\xb2\xb2\xd4\xa8\xdf\x12\xd5_\x99\xa5\
\x94\x8b;U)\x97w\xf1\xea\xb7\xa6\xa4\xb5\x95\x02h\
\x965\xd80\x116\x93t\x84\xa4V\x14r\x9a\x1b\x11\
q*\xf0\x02I\xbfW\xda\xa6q\xf2E\xe07\x11q\
\xbfY\xb7\xf0T\x1c\xd5\xff\xdaT{\xa4\x17D\x04\xc0\
\xfdJqB\x83\xb0\x81c<m\xa78\x00\x89V8\
\x00\xa42\x9c\x8e-\x8dI\xef7WEo\x06\x9a\x0f\
\xe0\x19J}\xc8_\xa4\xd4\x97\xbc\x89<\xe7\xb7\x00\xe7\
D\xc4\x0f\x1a8\xd6@D\xc45\xa4&2\xa7\xca\x9b\
\xf2\xb9\xb2\xa4\xcfHz\x8fQ\xb30\x1b\xa4\x0e\x80+\
\x19\xa4\x8a\x03P\x0f7jp\x07\xc0\xf1\x1c.\xd4\x0d\
\xa9 \xca\xa0\xec\x90\xdb\x0eI\x02\xd61\xd8\x02\xb0|\
n[F\x00\xe6\x07v\x02\x8e\x03\xa6\x9b\xec\x1b\x8bG\
\x80\xce\xa4P\x02\xcb\x00\x17\x98\xe7`\x06\xa9;f\xa1\
&\x80\x15\x0d\xe7i&-\xdf\xb6\xea*\xa4g\xcd\xa0\
tq;t\xc2t:\x06\x80\xe4\x89\xafl\x90jK\
\x0c\x80\xa3\xa6\xc1\x03\x11q\x8fA\xc7BD\xcc\x8c\x88\
?F\xc4k\x94\xb6\x07\x8eP*\xf5Y\x07\x8bI\xfa\
nu]\xb4\x9ej\xa9\xfe\xe5\x92\xae4\xca\xce\xaf\x94\
\x15\xd0\x899\xe8(\x8eg\xce-\x111\xd5\xa0Sx\
*W\x184\x16&\xf5@\xe85]\x7fH\xac,\xcf\
6F\x9f\x1c\x80\xeb\x0d\x1a\xb5\x10\x117F\xc4\xbb\x95\
\xf6\xec\xffX\xd3a^\xa0\x94\xed\xd0\x09*gmW\
Iw\x18e\x9f+\xe9 \xa3^\xe1\xc98\x0a\x00\x95\
\xf4\xbf\xfa\xb8\xc8\xa4\xb3\x9eI\xa7\xb5t\xdd\x01p\xdc\
\x88\x8fD\xc4C\x06\x1d\x07k\x1b4Z\xeb\x00\x8c\x10\
\x11W)5\xdc8X\xa9\xc5\xad\x9b\xc3\x00GlH\
#D\xc4M\x92^%i\xbaQ\xf6p\xe0\xd9F\xbd\
\xc2\x13,1\xef\xbf2O\x1e5h\x14\xe6\xcc\xf9&\
\x9d\xde\x97\x04\xee\xba\x03\xe0\xd8\xeb\xbe\xc5\xa0\xe1\xc2\xb1\
\x020\xc5\xa0Q;\x11AD|U\xa9\x9e\xba\xf3\xeb\
WJ\xdd\xc7\x0e5k\xd6JD\x9c-\xe9\xe3F\xc9\
E$\x9d\x00,c\xd4,$\x166h<b\xd0(\
\xcc\x81\xea\x83n\xa6A\xcaQ\x94\xad\xd5t\xdd\x01X\
\xca\xa0q\xd7\xbc\xffJc\xacm\xd0h\xfd\x0a\xc0h\
\x22\xe2\x22\xa5\x9c[w3\xa67\x02\x1b\x9b5\xeb\xe6\
p\xa5fB.\xd6\x93t\x0a\x90\xab_{_)\x0e\
@\xfbq\xac\xea:\xda\xcc\xb7\x9a\xae;\x00\x8e|\xf3\
\xfb\x0c\x1a.\xd66hL1h4JD\x5c/i\
{y\xc7>\xbfR\x19\xe4\xce\x10\x11\xb3$\xfd\x97\xbc\
\x05\x99\xb6\x95t\x1c\xb0\x90Qs\xd8q8\x00e\x0b\
\xa0^\x1c\x1fv\xee:\x1d\xad\xa3\xeb\x0e\xc0\xd2\x06\x8d\
\x07\x0c\x1a\x03SEm;b\x1a:\xb5\x020B\xd5\
\xca\xf3\xa5\x92\x9c\x19\x0c/\xa7e]\x03\xe7ED\x5c\
+\xe9\xcbf\xd9\xdd\x94\xfa&,i\xd6\x1dV\x1c\x0e\
\x80\xa3mmal\x1c\xe5\xdd\x9b\xa8_\x92\x95\xe2\x00\
Hm\xa9\x9a\xb6\xb4\xd2W\xeb\xa0\xdc`\xd0\xc8BD\
\xfcS\xa9p\x903\x18\xee\x83F\xad\xa68L\xfe\x95\
\x9c]$\x9dI\xcb\xfb&t\x04\xc7s\xb3\xac\xc8\xd4\
\xcbM\x06\x0dG\xb0g\xab\xe9\xba\x03\xe0\x08pj\xc5\
\x0a\x80<\xde\xe6\xd4\x16e4L\x8a\x888W\xd2'\
\x8d\x92\xaf\xa4\xc5\x1d\x03\xe7DD<*\xe9\x1d5H\
o!\xe9\x0a\xe0U5h\x0f\x13\x8e\xafw\xc7*B\
al\x1c\xc1\xdd\xbd/\xd4\xd4u\x07\xa07[\x00\xf2\
8\x00u4\x99\xc9\xc1\x17%\x9da\xd2\x0aI\xef3\
i5FD\x9c*\xe9\xd75H/-\xe9x\xe0\x7f\
\x81\xacK\x9c@\x00\xab\x01\xeb\x03[\x92*a.\x92\
sL\xe3\xc4Q\xc0\xa7\x0bvv\x99\x1b\x0d\x1a\xbd_\
\xa5)\x0e@{\xb6\x00\x1c)\x8d\xad\xa9\x008\x08U\
0\xdc\xdb\xe4y\xd0J\xd2\xeb\x00G\xc6H\xd3\xbcW\
\xf5D\x8b\x87\xa4\xb7H\xfa'\xf0.\xa0\x91\xafQ`\
>`g\xe0p\xe0\x22\xa5@\xb8[\x94:Q^,\
\xe9:IS\x81\x1b\xaar\xae\x07\xd0\xa2\xb2\xd6\xa3p\
\x04i\x16\x07\xa0^\x1c\xb1P\xf3\x91\xfa\xb3\xf4\x96\xae\
;\x00e\x0b\xe0\xc9\xf4e\x05@\x111E\xd2\x17L\
r\x8bKz\xadI\xab1\x22\xe2FI\x1f\xaa\xf1\x10\
\xcbI\xfa\x96\xa4\xeb\x80\xf7\xd7U3\xa0\xfa\xca\xff\xb8\
\xd2\x0b\xfet\xa5\x02P[i\xec\x97\xe0\x9a\x92\xf6\x95\
\xf4\x1dI\xb7\x01?\xa7]\xfd\x0d\x8a\x03\xd0~\xae3\
\xe9\xf4\xba)P\xd7\x1d\x80>m\x01\x94\x15\x80\xa7\xf2\
e\xf9\xb2\x1aZ\xdf*xND\xc4\xffH:\xbe\xe6\
\xc3\xac&\xe9\xabJ/\xdb\x9f\x01\xbb\x0dZ;\x00X\
\x16\xd8\x17\xf8\x8dR`\xea\xa1\x9a\x5cZ\xd5\x82JU\
\x12\xffV9\x02\xab\x0e2.\x13\x0e\x07\xa0\xe9\x96\xd9\
\xc3\x86\xeb\xb9\xb1\xb6I\xa7\x95t}y\xc3\x11\xa5\xd9\
'\x07\xa07+\x00\x92\x14\x11\x8f\x01\x9f\x95\xf4\xbf\x06\
\xb9\xad\x81M\x22\xc2\xd1(\xa4i\xde&isI\xcf\
\xa8\xf98\x8b(\xad\x94\xbcV\xd2\xe3\xc0\xb9\x92\xfe*\
\xe9\xefJ\x0d\x8bn\x8d\x88\xa7\xd4\xcd\x00V\x94\xb4\xaa\
Rk\xe3g+\xf5\x22\xd8V\xde\xe7K(9\x02/\
\x06\x0e\x8c\x88\xe3\x8c\xda\x13\xc5\xf1\xccp4\x14*\x8c\
AD\xcc\x00fi\xf0\x8f\xdc\xce\x94\x14\x9f\x0c]w\
\x00\x1cA\x1am\xa9\xc8\xe5\xd8\x02\xe8\xdb\x0a\x80$\x1d\
#\xe9\x10I\xeb\x1a\xb4^%O\xa7\xb0F\x89\x88\x87\
\xaa\xc8\xfd\xf3\x94\xb63\x9a`aI;V\xbf\xff\x03\
\x98\xa6'\xdf3\x8b\xab\xd9`\xa9\xa5%\xfd\xac\xeas\
\xf0\xd1\x88\xa0\xc1c\x8f\xe0h\xe4\xb3\x020_\x15\xef\
R\xa8\x87\xe9\x1a<\xdb\xa2\x0d+N\xb5\xd1\xf5-\x00\
\xc7\x83\xa7\x8ef4\x93\xc1\xb1\x9aq\xafA\xa3UD\
\xc4tI_2\xc9\xedc\xd2i\x9c\x88\xb8\x5ci\xfc\
\xb9\xaf\xd7\x85\x94\x96\xafG~9\x22\xa5C\xd2\x87%\
}\x0b\x88\x0c\xc7w8\x00\xf3\xcb\xb3\xeaW\x18\x1b\xc7\
\xbd\xb2\x9cA\xa3\xb5t\xdd\x01p\xf4k\xae\xab7\xfd\
Dq<H\x1f6h\xb4\x91\x9f\xc8\xb3\xec\xfa,`\
C\x83N\x16\x22\xe2\xf7\x92\xde$\xa9|5&\xde\xa9\
\x0cM\x9f\x22\xe2\x11yV\x0eW2h\x14\xc6\xc6\xf1\
l\xefu\xf5\xcc\xe2\x00x\xab\xce\x0d\x82#\x15+\xf7\
\xd7a-T\x0f\xdc\x1f\x9b\xe4^i\xd2\xc9BD\x1c\
+\xe9=\xb9\xc7\xd1\x22>\x06\xec\x9e\xe1\xb8\x8eU\x80\
\x0d\x0c\x1a\x85\xb1q8\x00\xbd\xae\x06X\x1c\x80\xf68\
\x00}\xda\xce\xa8\x83\xef\x9at^l\xd2\xc9FD\x1c\
\xa9\x14\x18\xd8\x96\xd5\xab\x9c\x84\xa4\xefg\xa8\x17\xe0p\
\x00v5h\x14\xc6\xc6\xf1l\xefu5\xc0\xe2\x00\xb4\
\xc7\x01(\x0dF\xe6B\x15\xbd\x7f\xa5Aj\xdb>4\
\xc5\x89\x88\xefI\xdaK\xa5\xab\x9c\x94\x02h?\xdf\xf0\
1\x1d\xcdfv\x07\x1c\xfd?\x0as\xc6\xe1 \xf7\xba\
ds\xd7\x1d\x00G\x16C[\x1c\x80\xb2\x020o\x8e\
5h,\xa4\xd4z\xb8\xf3D\xc4I\x92vV\xcf\xd2\
?'\xc9[\x01G\xa6\xc8x\xf9\x9bAc%\xf5`\
E\xaa\xc58\x9e\xed\xbd.\x07\xdcY\x07\xa0*\xd1\xe8\
\x88\x00\xee\x93\x03\xd0\xdb\x15\x80\x8a_\x98t\xb67\xe9\
d'\x22\xceW\xca\xbd?+\xf7X23\xbf\xa4\xf7\
7x\xbc?\x9bt\xden\xd2)<\x95\xe2\x00\xcc\x83\
\xce:\x00\xf2,\xffK\xedq\x00J\x10\xe0<\xa8\xda\
\x05_k\x90\xda\xd6\xa0\xd1\x1a\x22\xe2\x16\xa5|\xfdO\
K\x9a\x99y89\xd9\x1fh\xea\x81}\x91<u7\
v\x03\xd64\xe8\x14\x9e\x8a\xe3\xd9\xeez\xcf\xb4\x92\xe2\
\x00\xb4'\x90\xaal\x01\x8c\x8fS\x0d\x1a[t\xa4\xeb\
\xdc\xb8\x89\x88\x99\x11\xf1)I;I\xba&\xf3pr\
\xb1\x8c\x1aZ\xdd\x89\x88\x99\xf2t\xac\x9c_\xd2\xbb\x0d\
:\x85\xa7\xe2X\x11-+\x00-\xc55\xf6\x1c\x95\xc4\
\xe6\x84\xc3\x9ea\xc8\x0f?\xdd\xa0\xb1\xb0\xa4-\x0c:\
\xad#\x22\xfe\x22i3I\x1fU{\xaa\x5c6\xc9\xce\
\x0d\x1e\xcb\xd5\xae\xf9\x9d@\xaf\x9b\xce\x14\xdaI\x97\x1d\
\x00\xd7Rg[<<\xc7\xd7{[l\xa9\x93s\xe4\
qt\xda\xd4]\xceJDL\x8b\x88\xc3$m(\xe9\
\xa7\x1a\xaem\x81&\x1d\xbb_\xcb\xd3N|QI\x9f\
0\xe8\x14\x9e\x8cc\x95\xb8\xd7\xab\xaa\xc5\x01h\xcfK\
\xb38\x00\xe3 \x22\xee\x95t\x95Aj3\x83F\xab\
\x89\x88\x1b#b\x7fI\xcf\x92\xf4\x03\xb5'\xdeev\
f\xc9\xb7Z\xf1,\x93\xce<\x89\x88\xc7\xe4\xeb\xd4\xf8\
\x16`=\x93V!\xe1p\x00z\x1dX]\x1c\x80\xf6\
\xbc4\x8b\x030~.0h\xf4\xde\x01\x18!\x22\xfe\
\x1d\x11oQ\xea&\xf8%I\xb7e\x1e\xd2\x08\xd7J\
\xfa\x88R\xc7\xb5e%}\xd3\xa0\xb9R\xc3\xfd\x01~\
h\xd2YP\xd2WLZ\x85Dq\x00\xe6Aq\x00\
\xdaS\xe8\xc1q\xa1\xb5\xc5\x96\xba\xb9\xdc\xa0\xb1q\xa6\
F2\xd9\x88\x88)\x11\xf1aIkJ\xda]\xd2\x89\
\xf2\xf4\xb6\x9f\x08\xf7+\xd5s\xd8E\xd2\xfa\x11\xf1\xc5\
\x88\xb8\xa3j\xfa\xf4\x09\x0d\x1e\x93\xb3\x80\x1al\xe0\x12\
\x11\x17\xc8\x17t\xf9\x0a\xa0\xb3\x0d\xabZHq\x00\xe6\
Aq\x00\xda\xf3\xd5\x5cV\x00\xc6\x8f\xa3\xa5\xefb\x1a\
\xd2\x9e\xec\x111#\x22N\x8e\x88\xbd\x94^\x96\xbbJ\
\xfa\xba\xa4\xabk8\x1cJ\x15\x1c\xbf,i\x07I+\
F\xc4~\x11q\xc6\xec\xad|#\xe2AI\xf7\x19\x8e\
\xb9\xa2Ac\x22\x1ca\xd4\xfa\x16P\x9a\x04yp\x14\
\x8ak\xdaAn\x14\xc7\x04e!\x22\x00\xa6kp/\
\xaf-_\xcd%ee\xfc8\x1c\x00IZW\xd2\xed\
&\xadN\x12\x11S%\xfd\xbe\xfa\x09XN\xa9\xb0\xd0\
\xa6J\xdb$\xcf\x94\xb4\x8a\x92\xb3\xb4\xd8\x5c\xa4\x1e\x95\
t\xab\xd2|\xfe[\xd2\xdf%]*\xe9\xb2\xea\xc5>\
^n\xd3\xe0_\xf0+\xa9\xd9T\xc8\x1fH\xfa\x94R\
I\xe2AYE\xd2\x0f\x81\x97\xcf\xee \x15&Lq\
\x00\xe6Ag\x1d\x80\x8a\xa9\x1a\xdc\x01h\xcbK\xd3\xb1\
\x02\xd0\x16g\xa6V\x22\xe2\x1e\xe0V\xa5\xbd\xe3AX\
G\xd2y\x86!\xf5\x86*\xc8\xf2O\xd5\xefI\x00\x8b\
+\xbd\x5cg\xdf:\xb9+\x22\x1e2\x0d\xe1\x0eI\x1b\
\x0d\xa8\xd1\xe8\x0a@D<\x0a\x1c\xa1\xe4\x048\xd8U\
\xd2\x87$}\xd1\xa47\xac\x94-\x80y\xd0\xe5-\x00\
\xc9\xd3\x08\xa5-\x0e\x80\xe3B\xebUq\x9by\xe0X\
\x05h\xb2v|\xe7\x89\x88G\x22\xe2\xfa\x88\xb8n\xb6\
\x9f\xeb\xe5/%\xa7~Pr8\xc2_\x97t\xafQ\
\xefs\xc0nF\xbda\xc4\xf1l\xefu\xb3\xad\xe2\x00\
\xb4\xe7\xab\xd9\xf1\xe0k,\xf8\xa9\x05\xfc\xcb\xa0\xb1\x8e\
A\xa3\xe0\xc5q\x1f4\xdea/\x22\x1e\x90\xf7\x8b}\
~I?\x0561j\x0e\x1b\x0e\x07\xc0\x11\x93\xd2Z\
\xba\xee\x008\x1e\x16mY\x01p|=4\xdd\x13=\
'7\x194\xca\x0a@\xfbp\x94\xe6\xce\xf5\x5c\xfb\x96\
\xa4[\x8czKI\xfa\x03\xb0\xbeQs\x98pl\x01\
\xdch\xd0h-]w\x00\x1c+\x00K\x184\x1c8\
\x1a\x8b\x0c\x93\x03\xe0\xe8\xc7\xbe\x86A\xa3\xe0eQ\x83\
F\x96}\xdb*\xa0\xf2\xbf\xcd\xb2\xabH:\x03X\xcb\
\xac\xdbk\xaa\x14_\xc7\xfb\xed\x06\x83Fk\xe9\xba\x03\
\xf0\x80A\xa3-/MGOwG\x14rWp8\
\x00m9\xf7\x85'\x98[\xa6\xc1x\xc9\xb6o\x1b\x11\
\xc7i\x0e\x01\x94\x03\xb2\xa6\xa4\xf3\xcav\xc0\x84\x184\
@x\x84\xff\x98tZI\xd7\x1d\x80>}5\xf7\xc9\
\x96&pl\x01,\x05t=\x13\xa6o,c\xd0\xc8\
\x1d\xb8\xf5.\xf9k\xc8\xaf&\xe9\xcf\xc06f\xdd\xbe\
\xb2\xb6I\xe7.\x93N+\xe9\xba\x03\xe0\xf8jn\xcb\
K\xb3\xac\x00L\x8c[5x\xd5\xb8\x90\xe7\x85S\xf0\
\xf14\x83\x86\xe3^\x9a4\x11q\xb5|)\x81\xa3Y\
^i;\xe055h\xf7\x0dG\x80\xef\xcc\xbe\xd7b\
\xe8\xba\x03\xe0\xf8jn\xcbK\xb3\xac\x00L\x80\x88\x98\
&\xcf\x97\xde0eN\xb4\x1a`!y\xaa3:\x03\
\xf1&\xcb\x17%\xfd\xa5\x06\xdd\xc5%\x1d\x0b|\xa7\x9a\
\xaf\xc2\x9cq4Vjk\xf3,\x1b\xc5\x01h\xcfK\
\xd3a\xcb\xd2\x80#\xf2\xb5+8Z\xb1\x16\x07\xa0=\
\xac\xaf\xc1\x9fI\xd3\xe5\xb9\x97\x06\x22\x22fIz\x8b\
$g\x8d\x84\xd1\x1c\xa0\xb4%P:\x08\xce\x19G\xd0\
d\xaf\x8b\x00I\xddw\x00\xfa\xb4l~\xb7<K\xda\
\xab\x1b\xc6\xd2\x15\x1cA\xa0\xcb\x1a4\x0a\x1e67h\
\xdcT\xbd|\xb3\x13\x11\xd7Iz\x9b\x06\xbf\xaf\xc7\xe2\
y\x92.\x03\xde\x07t\xfdY\xeefm\x83F]\xce\
[k\xe8\xfaE\xd3\x9b\x15\x80\xaa\x1b\x9a\xe3\x856L\
\xc5m&Rc~,\x1cig\x05\x0f[\x184\xea\
hh4i\x22\xe2xI\x87\xd7x\x88\xc5$}M\
\xd2Y\xc0\xb3k<N\xd7pd\x01d_I\xaa\x9b\
\xae;\x00}Z\x01\x90<E'\xd66ht\x05\x87\
\x87>L[&mg\x07\x83\xc6U\x06\x0d7\x1f\x95\
tz\xcd\xc7\xd8N\xd2\xdf\x80\x1f\x02\x8e@\xca\xae\xe3\
x\xae\xf7\xba\x08\x90\xd4}\x07\xc0\xb2\x02\xd0\xa2\xbe\xf0\
\xd7\x1b4\xd66ht\x05G\x90Nq\x00Z\x00\xb0\
\xb2R\xf7\xc1Ai\x9d\x03\x10\x113%\xbdF\xf5w\
(\x9cO\xd2\x1b%\xfd\x13\xf8,\xb0d\xcd\xc7k3\
\x0e\xdb\x1d\xe5\xc6[M\xd7\x1d\x00\xc7\x0a\xc0\x82\xf2\x5c\
,\x0e\xa6\x184\x86i\x0b\xa08\x00\xfd\xe1ezj\
\x97\xc1\xc9p\xa1A\xc3N\xd5e\xf1\xc5j\xe6\xabr\
1I\x87H\xfa7\xf0\xf6a\xabu\x01\xcc/\xcf}\
}\xb9A\xa3\xd5t\xda\x01\x88\x88\x87\xe5\xe9\xd7\xec\xaa\
\x1a5(e\x05`b8\xea\xc6\x17\x07\xa0\x1d\xeco\
\xd0\xb8[-\x8b\x01\x18MD\xdc$i'\xa5\x96\xc7\
M\xb0\xb2\xa4\xa3\x94\xb6\x06\x1c\x01\x96]a+\x93\xce\
_M:\xad\xa5\xd3\x0e@\x85c\x1b\xa0-_\xcdS\
\x0c\x1am\xb1\xa5\x09\xca\x0a@\x0f\xa8\xf6\xac\xb77H\
\x9d\xdb\xf6\xc2-\x11\xf1\x1fI\xbb\xc9\x93\xc2:^6\
\x95t>\xf0\xd1\xea\xeb\xb8\xef<\xcf\xa4S\xb6\x00:\
\x80\xa3$\xec\xda\x06\x0d\x07\x8e\x15\x80\xd5\x80\xb6\xb48\
\xae\x9b\xe2\x00\xf4\x83\x03\xe5y\x16\x9de\xd0\xa8\x9d\x88\
\xb8X\xc9\xe1ij%@Jm\xcf?/\xe9d\xa0\
\xef\xa9\xaf\x8e\xd5\x8e\xc7\xdb\xeeL:\xe8\x83\x030\xc5\
\xa0\xb1\xb6A\xc3\x81\xc3\x01\x98O\xd23\x0d:]\xa0\
8\x00\x1d\x07X\x5c\xd2A&\xb9\xdf\x9atj'\x22\
.\x93\xf4\x02y\x9e_\x13\xe1\xa5\x92.\x046l\xf8\
\xb8M\xe2\xb0\xcd\x91\x92\xddz\xfa\xe0\x008^\x9a\xad\
X6\x8f\x88\x87$\xddk\x90\xda\xd4\xa0\xd1\x05\x1c\x0e\
\xc0P\x05H\xb5\x90\x03\xe4\xa9\xc6xe\xb5\xbc\xde\x19\
\x22\xe2\xdfJN@\xd3\x99\x0b\xebI:\x1bxN\xc3\
\xc7m\x0aG\x15\xc0\xdb\x0c\x1a\xad\xa7\x0f\x0e\xc0\x14\x83\
F+\x1c\x80\x0a\xc7ClX\xda\x86\x96\x15\x80\x0eS\
-E\x1fb\x92\xfb\xb5I\xa7Q\x22\xe2f\xa5=\xeb\
\xa6W/\x96Sj,\xf4\xa2\x86\x8f\xdb\x04\x8e\x06_\
u\xa7l\xb6\x82\xe2\x00$\xd66h\xb8\xb8\xc2\xa0Q\
V\x00\xc6OY\x01\xc8\xc7!\xf2U\xe2\xfc\xb9I\xa7\
q\x22\xe2\x01I\xaf\x94\xf4IIM\x961^R\xd2\
\xef\xfa\xb4\x12\x00\xac&\xcf=}\x9eA\xa3\xf5\xf4\xc1\
\x01pl\x01\xac\xd0\xa2\xa2\x19\x0e\x07\xa0\xac\x00\x8c\x9f\
\xb6\x9c\xf7\xa1\xa2JK{\x8fI\xee\x82\x88\xe8t\xce\
vD\x10\x11\x9f\x91\xf4\x0a5\x9b!\xb0\xb8R`\xe0\
\xfa\x0d\x1e\xb3N\xf64\xe9\x9cj\xd2i5}p\x00\
n\x90\xc7k^\xdb\xa0\xe1\xc0\xe1\x00\xac\x0e\xb4\xa9\xc4\
q]8J\x01\x97n\x80\x0dSu\xac\xfc\xbe|\xdb\
/\xdf1\xe9d'\x22~\xa7T\x11\xb1\xee\xd2\xc1\xa3\
YQ\xd2)\x80c\xe9<7\xdb\x1b4fV\xf1\x19\
\xbd\xa7\xf3\x0e@\xd5\x17\xfeV\x83\xd4\xda\x06\x0d\x07\x97\
\x99t\x86a\x15\xa07\xcd\xa0\x86\x8cOKr5\xae\
\xb9_\x1d^\xfe\x9f\x13\x11q\xa3\xa4\x97Hz\xbb\x9a\
\xebH\xb7\x9e\xa4\xef\xb7\xa8,\xfadql\x7f6\xb9\
\x02\x93\x95\xce;\x00\x15\x8em\x80u\x0d\x1a\x03\x13\x11\
\xf7\xc8\xe3\xd0\x0cC\x1c@q\x00:\x06\xb0\x9b\xa4\x8f\
\x18%\xff'\x22\x1e5\xea\xb5\x82jK\xe0h%G\
\xfe\x8c\x86\x0e\xbb\xa7\xa4\xf76t\xac\xbap4B\xba\
\xc1\xa0\xd1\x09\xfa\xe2\x00L1hld\xd0p\xe1\xd8\
\xcf\xecM`\xcf\x5cp8\x00e\x0b\xa0!\x80gH\
\xfa\xb1<5\xff%\xe9aI_5i\xb5\x92\x88\xb8\
A\xa9\x87\xc0\xab$]\xdb\xc0!?\xdf\xd5x\x00`\
9\xa5>\x08\x83\xf2w\x83F'(\x0e\xc0\x13\xb4\xe9\
\x8b\xd9\xe1\x00lg\xd0h;\x0e\x07`e\x83Fa\
\x1eT\xdd\xfeN\x95\xe4\xacBwd\xb5b\xd6k\xaa\
\xd5\x80_(\x15\xb8\xf9\x80<\xb5B\xc6bQI\xdf\
\xe9\xe8V\xc0\xabM:\x7f2\xe9\xb4\x9e\xbe8\x00\x8e\
\x80\x8d\x8d\x81\xb6\xcc\x87#\x10p\xad!\xe8\x0b\xeex\
\xf8/=\x04\xa5Q\xb3\x02,%\xe9dy\xb7\xd9\x1e\
\x96\xf4\x15\xa3^\xeb\x89\x88i\x11\xf15I\xebK\xfa\
\xba<Y0sb\x07I\xaf\xabI\xbbNv5\xe9\
t\xa6\xa2\xe4\xa0\xb4\xe5\x857(\x8e\x17\xe6\xe2jI\
\x1c\x80\xa4KL:}_\x05\xb8S\x9e\x0c\x90\xb6\x9c\
\xf7\xde\x01,-\xe94\xf9:\xb4\x8d\xf0\xd9\x88\xb8\xcb\
\xac\xd9\x09\x22\xe2\xde\x88x\xbf\xa4-%\x9dS\xd3a\
>\x03,T\x93v]8\xae\xb1G\xab\x8a\xacCA\
_\x1c\x80\xab\xe5\xf1\x86\xdb\xb2\x0dp\xb5<\xcb|\xbd\
v\x00\x22\xe2qI\xb7\x18\xa4\xdaT\x09\xb27T{\
\xb2\xa7K\xda\xc6,}\xb5\xa4\xaf\x995;GD\x5c\
!\xe9\x85\x92\xfeK\xd2T\xb3\xfc:Je\x9a;A\
\xb5z\xbb\x8aAj(\xd2\xffF\xe8\x85\x03P\xbd\x08\
\xfei\x90j\x85\x03Pu\xa1:\xdf \xd5k\x07\xa0\
\xa27\xbd \xfa\x04\xb0\xaeR5\xb5\xadk\x90\x7fW\
\x95\xfe;\xf4T\xf1\x01\xff+iG\xa5\x151'\x1f\
\xaej6t\x81]5D\x1d%]\xf4\xc2\x01\xa8p\
\x04\xce\xb5)w\xfe\x5c\x83\xc6f-\xaapX\x17\xd7\
\x194:\x19\xf5\xdcV\x80\xe7*\xbd\xfc\xeb\xe8J\xf9\
\xd3\x88\x18\x9a \xad\xf1\x12\x11\x17H\xdaV\xde\x1e\xf6\
O\x93\xaf\xb2^\xdd\xbc\xc6\xa4s\x9cI\xa7\x13\xf4\xc9\
\x01\xe8[\x0d}\x87\x030\xbf\xa4\xe7\x1at\xda\x8cc\
\x05`\x0b\x83FA\x12\xf0vI\x7fQ=\xd9\x157\
Jzw\x0d\xba\xbd \x22\xaeSj\xf7{\xb7Q\xb6\
+\xf3\xfd<\x83\xc6\xcc\x88\x18\x8a\x1e\x00#\x14\x07\xe0\
\xc9\xac\x0b,a\xd0qp\x91$\xc72\xe7.\x06\x8d\
6\xe3X\x01\xd8\xb8CK\x9d\xad\x04X\x1c\xf8\x91\xa4\
\xa3$-\x5c\xc3!fJz]D\xdcW\x83vo\
\x88\x88\xeb%\xed-\xcf\xb3C\x92\x9e\x0f<\xdd\xa4U\
'\x8e\x16\xc0\xb7\x1b4:E\x9f\x1c\x00\xc7\x16\xc0|\
\x9266\xe8\x0cLDL\x95t\xa9A\xca\x95\x1a\xd3\
V\x1c\xb1\x1f\x0b\xab]\x85\xa0:\x05\xb0\xadR\xf1\x94\
7\xd4x\x98C#\xa2\xae\x88\xf7^\x11\x11gI\xfa\
\xa0Q\xf2UF-;\xc0\xeeJ\xab\x9d\x83\xf27\x83\
F\xa7\xe8\x8d\x03\x10\x117Ir|\x1d\xb4i9\xd8\
\xb1\x0d\xb0\x09\xb0\xa6A\xa7\xad\x5c!O\x06H\x9b\xce\
{'\x00\x16\x02>'\xe9l\xa5Z\xf2u\xf1'I\
\x9f\xadQ\xbf\x8f\x1c)_E\xbb}L:u\xf16\
\x93N\xafzJ\x8c\x87\xde8\x00\x15}\xab\xa0\xe7p\
\x00\xa4TJ\xb4\x97D\xc4c\x92\xae2Hmk\xd0\
\x18\x1a\x80\x8d$] \xe9c\xf2|}\x8d\xc5\xd5\x92\
\xf6\x89\x88\x995\x1e\xa3wT\xf3\xf5\x1eI\x18\xe4\xb6\
hywQ\xc73\x1bI'\x18t:Eq\x00\x9e\
J\x9b\x1c\x80?+\xed}\x0eJ\xdf\xb7\x01\x1c\x85\x93\
\xfa\x1e+a\x01\x98\x0fx\xbf\xa4\x8b%m^\xf3\xe1\
\xee\x90\xf4\xb2\xb2\xef?9\x22\xe2ly\xaa\xda\x85\xa4\
\x17\x18t\xec\x00\xab\xc8\xd3\xcf\xe3\xf6aL--\x0e\
\xc0SiM\x09\xdd\xea\xc1w\xa1Aj\xe7\x9e\x07\xb9\
9b%\xd6\xaa\x9a\xd5\x14\xc6\xa0*\x99|\xb2R\x03\
\x9eEj>\xdc\xa3\x92^\x11\x11Sj>N\xdf\xf9\
\xaeI\xe7\x85&\x1d7\xef3\xe9\xfc\xc5\xa4\xd3)\xfa\
\xe6\x008\x8a\xe7H\xedZ\x058\xd5\xa0\xb1\x94<i\
2m\xc5U:\xb9\xac\x02\x8c\x01\xb0\xb1\x923\xda\xc4\
j\xd2cJ\xcb\xfe\x0e\xe7w\xd89M\x9e\xf6\xe2\xcf\
6h\xd4\xc1\x1e&\x9d\xa3M:\x9d\xa2o\x0e\xc0U\
\xea_\x09]\x87\x03 I\xbb\x99t\xda\xc8%\x92\x1e\
7\xe8\x14\x07`\x0e\x00{+9\xd7u\x06\xfa\x8d0\
U\xd2\x1e\x11\xe1\xba\xee\x87\x9a\x88\x98!\xe9X\x83\xd4\
\x06\x06\x0d+U\xf9_G\x11\xaf\xe9\x11\xf1g\x83N\
\xe7\xe8\x95\x03\xd0\xd3\x12\xba\x97\xc8S\xe2s\xdf\x8e\xb6\
\xf8\x9c'U\xca\xe4_\x0dR;\x00\x0b\x18tz\x03\
\xf0n\xa5\xe8\xe8&\xeac<*i\xb7\x88\xf8C\x03\
\xc7\x1a&\x1c\xcf\xc4UZ\xd85\xf3M\xf2\x04\xa0:\
R\x89;I\xaf\x1c\x80\x8a^\x95\xd0\x8d\x88Y\x92\x1c\
\x0f\xc45\xd4\xef\xaa\x80\x8e=\xbc\xa5\xd4\xef9\x1a7\
@\x00\x9f\x95\xf4M5\xf3\x9cxX)\xe0\xaf\x94\xf9\
\xf5s\xb1Igu\x93\x8e\x8bw\x9at\x86\xa6\xfd\xef\
\xec\x14\x07`\xce\xb4\xad\x84\xaek9\xf4\xd5&\x9d6\
r\xa6Ig/\x93Ng\xa9\x96V\xbf#\xe9\x90\x86\
\x0ey\xa3\xa4\xe7G\xc4P\x06b\xd5MD\xdc \xc9\
\xd1:\xd9\x11mo\x01\x98_\xd2f&\xb9o\x9at\
:G\x1f\x1d\x00W\x09\xdd6m\x03\xfc^\x9et\xc0\
}\xab\x87{\x1f9Oi\x09yP\xf6\x1b\xe6m\x80\
j\x9b\xe8H\xf9\x8a\xab\xcc\x8b\xf3$='\x22.k\
\xe8x\xc3\xca\x1d\x06\x8d\xd68\x00\x92\xde.\xcf\xf2\xff\
]\x11\xe1\x98\x9bN\xd2\xbb\x97\x81\xb1\x84nk\xf2^\
#\xe2^y\xf6\xb8WSO\xb3\x01\xaa\x82@\x7f4\
H\xad\xa2\xe1\x0e\x06<L\xd2\x81\x0d\x1d\xebXI;\
\x0f\xf3\x03\xb8A\x1e3h\xd4\x9d\xfa9\x11\x0e0\xe9\
\x0cu\xbcI\xef\x1c\x80\x0a\xc76\xc0\xf3[\xd4\x18H\
\xf2U\xa9\xea\xf36\xc0)&\x9d:k\xda\xb7\x16\xe0\
3\x92>\xd4\xc0\xa1\xa6I:8\x22\xf6\xab\x1c\xf6B\
\xfd8\x1c\x80Y\x06\x8d\x81\xa9j\x9a\xb8z\xb6|\xc9\
\xa4\xd3I\x8a\x0306\x0bK\xda\xde\xa0\xe3\xe2\x04y\
n\xc0}\xaa\xfd\xb3>\xf2;yJ\x9f\xee\x01,e\
\xd0\xe9\x0c\xc0\x9b%}\xa2\x81C]-i\x9b\x88\xf8\
j\x03\xc7*<\x81#\x03\xa8-\xe5\x98\xdf%\xcf\xf2\
\xff\xfd\x11\xe1(\x1e\xd7Y\x8a\x030wZSB7\
\x22n\x91\xc7\xaeU\xd5\xd3\xde\x00UC(G\xc4\xf3\
\xa2jy\x074'\xc0\xf6Jm|k=\x8cRl\
\xc1\x96\x11\xe1\xd8\xa2+L\x8c\x95\x0d\x1a\x8e\x18\x1b\x07\
\x07\x99tN7\xe9t\x96^:\x00\xd5\x9e\xe2\x7f\x0c\
R\xadq\x00*\x8e7\xe94\x15\xe0\x95\x03WG\xaf\
w\xf7\xb5n\xc2h\x80\xf5%\xfdR\xd2B5\x1e\xe6\
\x0e\xa5\xfc\xfew\x95%\xff\xe6\x01\x16\x92\xe4\xe8\x08z\
\xbbAc \x80\xd5\xe4+H\xf5E\x93Ng\xe9\xa5\
\x03P\xe1\xf0\xee\xd6\x01\x9ei\xd0q\xf1\x0by\x96\xe1\
v\xafn\xa4>\xf2sy\xb6\x016S\xbf\xab'\x0a\
XDik\xa9\xce\xe8\xee_K\xda$\x22\x5c\xf1\x19\
\x85\x89\xb3\x81<\x0e^v\x07@\xd2\x97\xe5\xd9\xcex\
0\x22\xfef\xd0\xe94}v\x00\x5c\xb9\xf3\xadY\x05\
\xa8V6\xce2H- \xe9\x8d\x06\x9d\xd6\x11\x117\
*\xa5\x969h*\x0f>\x17_\x91/\x97zv\x1e\
\x96\xf4\x96\x88\xd83\x22\x1c9\xe8\x85\xc9\xb3\xa5A\xe3\
1y*\x92\x0e\x8a\xab\xf6\x7f)5\xad~;\x00\x7f\
\x92\xa7>|k\x1c\x80\x0a\xdb6@\x8fk\x02\xfc\xd0\
\xa4\xf3\x5c`g\x93V\xab\x00\xf6\x92\xf4\x8e\x9a\xe4\xff\
#i\xdb\x88\xf8AM\xfa\x85\x89\xb1\x95A\xe3\xca\x88\
\xc8\x1a\x04\x08\xec+iq\x93\xdc\xa7L:\x85\xb6\x02\
\x9c\xce\xe0<\xd6\xa6t@`E`\x9a\xc1.\xe8\xef\
\xcbm\x09\xe0A\xd3\x1c\xf5\xaeI\x08\xb0\x0ap\x8fi\
~f\xe7\x14`\x99\xdc6\x16\x9e\x00\xb8\xc0p^\xb3\
;s\xc0\x15\x06;\x00J\xdd\x89\x8a\xbe~\x01\x8e\xe0\
X\xe6YX\xd2\x8b\x0c:\x16\xaa\xe5\xd4\xdf\x99\xe4\xfe\
\xcb\xa4\xd3*\x22\xe2a\xf9VJ\xb6\x07v7i\xb5\
\x85o\xaa\x9e}\xff\x1fHzED\xdc_\x83va\
\x12\x90r\xe6\x1d\xdb<Y\xd3\xe5\x80\xe5%md\x92\
\xfb\x89I\xa7\xd0f\x80g\x99<\xc6#s\xdb2\x1a\
`W\x93]\x8f\x03\xab\xe6\xb6\xa7\x0e\x80-Ls\x04\
0\x05p-=f\x05x\x85q^F\xf3\x05\x86 \
k\xa2k\x00\x9b\x9b\xce\xef\x0e\x99\xed8\xc6d\xc7,\
\x86\xac\xc6\xc7P\x03\x5ck\xb8hn\xa3E\xc5\xc3\xcc\
i\x9b\x00\x00 \x00IDATs\x80\xf9H/%\
\x07\x9f\xcbmO]\x00g\x9a\xe6\x08\xa0\xf3)C\xc0\
\x92\xc0M\xc69\x19\xe1\xf3\xb9m+\xcc\x19`\x7f\xc3\
\xf9\x9dE\xc6V\xc0\xc0\xfc\xa4\xadX\x07\xa5\x06\xc5(\
\xfa\xbe\x05 yj=\xaf\x22\xe9\x85\x06\x1d\x0bU\x8b\
`\xd7\x9e\xdcA\xb4(\xc6\xc1\xcc\xd7\x8cZ\x1f\x00\xea\
\x8a\x98o\x8a\x0fIz\x9aY\xf3\x1b\x11\xf11\xb3f\
\xc1\xc73\x0c\x1aS\x22\xe2>\x83\xced\xf9\xa4\xd2V\
\xac\x83/\x9bt\x0a]\x00\xd8\xc3\xe49\xd6])m\
B\x00O\x03f\x98l{wn{\xea\x80\xb4Rr\
\xb5i\x8e\x00.\x04\x5c\x0f\xa2F\x01V\x03\x1e6\xce\
\x05\xc0O(\xcb\xfe\xad\x068\xd6p\x9e\x7f\x95\xd9\x86\
{\x0d6\x00<J\xb9^\x9f\xc40\xac\x00\x9c!O\
:\xe0\xde\xb4\xa8MlD\xdc,\xe94\x93\xdc\xfb\xdb\
d\x9b\x8bj\xa5\xe4P\xa3\xe4\xd6\xean\xef\xf0O\xcb\
\x97B%\xa5\xb2\xd4o\x8d\x08G\xd1\xa5B}8\x0a\
\x99e[6\x07^+\xc9\xb5\xfd\xf0\x8br\xbd\x0e!\
x\xd2\x01\x01ZUC\x1fx\xa5\xc9.\x80^\xd6\xbe\
'\xed\x1f^e\x9c'\x80\xb7\xe6\xb6k\x22\x00\x1b\x03\
\xd3\x8d\xf6\xdf\x08\xac\x98\xdb\xae\xc2\xdc\x01\x02O:l\
\xb6,\x18\xe0:\xc3\xf8!\xc51\xac\x92\xcb\x8e\xb62\
\x0c+\x00R*\xa1\xeb\xa0m\xadtO\x96t\xabI\
\xeb`\x93N\xab\xa8\x8a\x97|\xd2,{\x04\xb0\xb5Y\
\xb3\x16HK\x9eG(U\x7ft0C\xd2~\xa5\xba\
_'XF\xd2\x92\x06\x9d\x7f\x194&\x0c\xb0\x8d\xa4\
uLr\xff\x88\x886\x942.4\x0d\xb0\x02\x9e/\
\xa0{I\x8d5Z\x03\xf0q\x83]#\xb4&\xd0\xd1\
\x09\xe9K\xe8\x5c\xe3<\x01\xdc\x05l\x9a\xdb\xb6y\x01\
\xecg\xb6\xfb\xe3\xb9m*\x8c\x0f|i\xd0Y\x82\x84\
\x81\xbf\x9b\xc6\x0f\xf0\xb2\x1c6\x14Z\x02pZ\x1f/\
$`9\xe0!\x93mg\xe7\xb6\xa7.\x80\xe7\x90\x96\
\x01\x9d\xdc\x09l\x92\xdb\xb6\xb1\x00\xd6&9*..\
\xa5\x87\xb1\x22}\x05\xd8\xd1p\xce\xb3\x14u\x02\x9em\
\x18\xfb\x08\xa5\xf2\xdf\x18\x0c\xcb\x16\x80\xe4k\x13\xbb\xaf\
I\xc7BD\xdc+\xe9G&\xb9\xe7\x03;\x99\xb4Z\
ED\x5c(_\x8f\x80\x11V\x94\xf4GZ\x98\x1eH\
\xfaj;I\xd2\x0a&\xc9\xe9\x92\xde\x14\x113Lz\
\x85\xfaY\xd9\xa0\xe1\xdab\x9c(?6j}\xd5\xa8\
U\xe8\x22\xa4/\xe5\xc7\x0d\xde\xe4\xfd\xc0\xa2\xb9\xed\x19\
\x0d\xb0\x0e\xbe\x94\xc0\x0b\xe9i\xaa\x0c\xb0<\xe9\xab\xdd\
\xcdC@k\xe2C\x80\xc5\x80\xdf\x9bm,\xf9\xd3\x1d\
\x03x\xbf\xe1\xbc;\xda\xaaOt\xdc\xcf1\x8c{\x84\
\xc7hQ\x11\xb7\xb614+\x00\xd5\x97\xf2\x19\x06\xa9\
\xa5%\xedc\xd0\xb1\x11\x11\xd7+\xf5]w\xb0\xb5\xda\
\xd7\x01\xd1BD\xdc#\xe9\xfd5H/!\xe98\xe0\
K\xb9\x1f6\xc0\xd2J\xe9\xa1/1\xca\xde+\xa9\xb7\
\x15#{\x8c#\x00\xf0\x16\x83\xc6D\xf9\xbeQ\xeb\xd8\
\xdc]\x0c\xdb\xcc\xd08\x00\x15\xb6V\xba&\x1d'\xce\
R\xb5\x87\xd2\xd3U\x80\x88\xf8\xa9|Y!O\x92\x96\
\xf4AI\xe7\x01\x9b\xd7\xa0?O\x80\x8d\x95\xf2\xf3\x9f\
o\x96\xfe\x5ci\xf0\xd3I\x1c+\x95w\x1b4\xc6\x0d\
\xb0\x9d|M\x7ffJz\x9fI\xab\x97\x0c\x9b\x03\xf0\
kI\x8f\x19t^\x00lh\xd0\xb1\x11\x11\x17I:\
\xcf$\xb7\x85\xa4=LZm\xe4@\xd5\xf7e\xf3\x1c\
I\x17\x02_\xad\xbe\xc6k\x87T\xf1\xf0=\x92.\x92\
\xef\xe19\xc2\xf5\x92Z\xd5\x0c\xab0n\x1c\x0e@\xd3\
_\xcf?4j\x9d\x1a\x11\x0f\x18\xf5z\xc7P9\x00\
\x11\xf1\xa0|\xd5\xf3\xdeb\xd2qr\xb8Q\xeb\xd0\xdc\
\xcb\xd9uQm\x05\xec\xaf\x94\xd3^\x07\x0b(m5\
L\x01>\x07\xacT\xc7AH\xe9\x8d{)\xb5j\xfd\
\x86\xa4Ej8\xcc!\x11\xe1\xa8\xa4Yh\x1e\xc7\xf5\
\xd0X\xd0'\xb0\x87\xa4\xf5\x5cr\x92\x0e0i\x15\xfa\
\x02\xbe\xbc\xe8\xbbiY]\xf8\xea\x85\xe0\xcc\x9d=(\
\xb7Mu\x02\xfc\xb7q\xae\xe6\xc6\xa3\xc0\xcf\x80\xdd0\
\xd4\x91\x00V\x07>\x08\xfc\xa3\xe6q\x9fGO\xb7\x82\
\x86\x01\xe0\x07\x86k\xe03\x0d\x8e\xd7\x19\xa0\xfb\xe7\xa6\
\xc6]\xe8\x10\xc0\x12\xf8\xf2\xe6[\x95\x12(\xd9\xcb\x03\
\xdf\x03,\x9f\xdb\xa6\xba 9L?1\xce\xd7x\xb8\
\x0f8\x89\xe4|\xec\x04\xac>\xc6\xd8\x16\x06V\x056\
\x02^\x00\xbc\x098\x12\xb8\x08\x98\xd9\xc08\x1f\x07\xdc\
\xdb\x09\x85\x06\x01\xbek\xb8\x0e\xdcU4\xc7\x1a\xeb'\
\x0cc\x1da\x16\xb0n\x13\xe3.t\x10\xe0{\xa6\x0b\
\xcd\x91U`\x07\xf8\xab\xc9>\x00gK\xdd\xd6\x01,\
\x84?en2\xdc\x0f\xdc\x01\xdc\x80\xbfk\xdfdh\
\xe4\xc1_\xa8\x0f\xe0\x08\xc3uP{\xe5G`QR\
\xba\x9e\x8b\xbf\xd4=\xe6\xbe0T1\x00\xa3\xf8\xaeI\
gG\xc0\xb5g\xe5\xe4SF\xadw\xd1\xe3/\xc1\x88\
\x98&ioI\x7f\xcd<\x94\xa5%\xad$iMy\
\xbb\xf6M\x86\xb3U\xd2\xfe\xfa\xc04\x83\xc6\x82\x06\x8d\
y\xf1CI\xae\xedT$\xfd\x97I\xab\xf7\x0c\xa5\x03\
\x10\x11\x7f\x95\xf4w\x87\x94Z\x18\x0c\x18\x11\xa7*=\
\xc4\x1d, \xe9\xeb&\xadV\x12\x11\x8fHz\xb9\xa4\
\xabs\x8f\xa5\x05\xdc%\xe9\xb5\xa5\xe2_/p\x04o\
\xbaZ\xf1\xce\x91\xea\x03\xca\xd9\x89\xf4\xac\x88\xf8\xb7Q\
\xaf\xd7\x0c\xa5\x03P\xf1\xbf&\x9d\xb7\x02uD_\x0f\
\xca\xa7\x8dZ;\xd3\xb2\x1e\x08n\xaa\xcc\x80\x97H\xfa\
g\xee\xb1d\xe41I{FD\x8e\xe2/\x05?\x0f\
\x1b4ju\x00\x94R\xb3]\x81\xa6\xb3$\xbd\xce\xa4\
5\x14\x0c\xb3\x03p\x8c\xa4G\x0d:+Iz\xbdA\
\xc7JD\xfcQ\xd2\x99F\xc9\xaf\xb5\xd4\xd1\xb1\x11\x11\
7I\xdaN\xd2\xf9\xb9\xc7\x92\x81Y\x92\xde\x12\x11\xe7\
\xe6\x1eH\xc1\x86\xa3\x09\xcej\x06\x8d9\x02\xec/o\
\xdd\x8a\x93\x8a\xf3:1\x86\xd6\x01\xa8\x0aD\xfc\xd2$\
w0\xd0\xc6\xb9\xfc\xb8\xd2\x9e\x98\x83gH\xfa\x7f&\
\xad\xd6R\xad\x04\xec \xe9\x84\xdcci\x10$\xbd+\
\x22\x8e\xcd=\x90\x82\x15\x87\x03\xb0\x96A\xe3)T\x1f\
\x13\xdf1J\xce\x90\xf4&\xa3\xdeP\xd0\xc6\x97V\x93\
\xb8\x82\x01\x9f)\xa9uK\xe4\xd5\xd7\x9c\xf3E\xf6A\
`\x0b\xa3^+\xa9\x0a\xdf\xbcV\xc3Q\x01o\xa6\xa4\
\x03#\xe2\xdb\xb9\x07R\xb0s\xbbAc\x0d\xea)\x08\
v\xbc\xa4\xc5\x8czG\x97r\xd5\x85\x09\x03\x5ciJ\
=ie\xe1\x09`\x0d\xe0\x11\x93\x8d0d=\xe1\x81\
}I\xb9\xfb}\xe4Q`\xcf\xdcs\x5c\xa8\x07\xd2\xbd\
\xef`\x03\xf3\xb8\x9eg\x1a\xd7\x08\x8f0D\xcf$'\
\xc3\xbe\x02 \xf9:Om\x0f<\xd7\xa4e\xa3\xda\xd7\
\xfe\x8aQ\xf2\xd9\x92\xdek\xd4k5\x11q\xbc\xa4\xcd\
\xe5\xeb\xb3\xd0\x16n\x96\xb4cD\x9c\x98{ \x85\xda\
\xb8E\x9e8\xa7M\x0d\x1a\x92R\xdf\x0aI\xbfr\xe9\
U|\xbcd\xad\x14&\x05\xb0\x02\xbe\x22\x14\xad\xdcC\
%\x15\xda\xb8\xc1d#$\x8f\xfb\xe9\xb9\xedj\x12`\
\x01R\xb5\xb2G\x8d\xf3\x98\x8b?\x00+\xe6\x9e\xd3B\
\xfd\x00\x97\x18\xae\x97\xc3\x8c\xe3\xf9\x8ea<\xa3\xb9\x95\
R\xaez\xd2\x0c\xfd\x0a@D\xdc-\xe9\xa7&\xb9W\
\xd1\xc2\x12\x94\x111U\xd2!F\xc9\xc5$}g\x98\
n\xbc\x88\x98\x11\x11\x87*\x05C\x1e\x93{<\x93d\
\xaa\xa4\x8fHziD\xdc\x95{0\x85F\xb8\xc6\xa0\
ai/\x0dl*\x7f+\xf5\xd7F\x84+\xd0\xb90\
\x8c\x00\x1b\xe0\xab\xaf\xfe\xd5\xdc\xf6\xcc\x09R\xdd\xfb\xb3\
M6\x8e\xf0\xee\xdcv\xe5\x02\xd8\x11\xcf\xd7US\x9c\
D;\xabV\x16j\x04O\x8d\xfd\xc7\x81\x81\x02\xf6H\
-\xabo3\x8ce4g\x9a\xa6\xa90\xec\x00\xa7\x98\
.\xca\x07\x81\xba\x8bgL\x0a`K\xbc\x8dd\x1e#\
y\xf5C\x09\xc9\xa9z)p\xa6qN\xdd\x5c\x0c\xec\
\x92{\xae\x0ay\x00^n\xba\x8ev\x1fp\x1c\xee\xa6\
[\xd3\x81\x15\x5c\xf3T\x18rH\x9d\xd9\x5c|6\xb7\
=c\x01\x1cm\xb4\x13\xe0rz^ h<\x00\xdb\
\x00\xc7\xd0\x8eF>\x00\x7f\x01v\xcd=/\x85\xbc\x00\
\xcb\xe2q\xfa']9\x15x\xb1\xe1\xf8\xb3SzU\
\x14\xbc\x00\x7f3]\x9c\x0f\x01+\xe5\xb6gN\x00K\
\x037\x9b\xec\x1c\xa1\xd7\x1d\x03'\x02\xa9\xdd\xf4\x1b\x81\
\xd3\x81i\xe6y\x9e\x17\xb7\x01_\x076\xcc=\x0f\x85\
\xf6\x00\x5ca\xb8\xb6\xee\x02\x16\x9a\xc4\xb1\x9d\xed\xd7G\
(\x81\x7f\x05?\xc0\xeb\x8c\x17\xe9\x97r\xdb3\x16\xc0\
nF;!\xf5\xdf~yn\xbb\xda\x06\xb0\x14\xb0'\
p\x14pM5ONf\x90\x96\xf8\x0f\x07^H;\
\xabQ\x162\x03|\xdbt\xbd\xed5\x89c\x9fo:\
\xf6h\xb6\xabc\x9e\x86\x91\xe2E\x8d\x82TL\xe2Z\
\xa5\x96\xac\x83\xf2\x98\xa4\xf5\xdaZ\x9b\x1a\xf8\xa5\xa4\x09\
\xdf\xd0s\xe1NI\x9bF\x84\xa3\xfch/\x01\x96\x96\
\xb4\x85R]\x81\xf5$=]\xa9\xd4\xeaR\x92\x96\x94\
\xb4\xc4\x1c\xfe\xb3\x07\x95\xae\xa5\xbb$\xddT\xfd\xae\x94\
t\xb9\xa4K\xaa\x92\xd6\x85\xc2\x98\x00\xafV\xaa\xbc7\
(\xa7D\xc4\xb8\x1d}\xe0`I\x87\x1b\x8e;\x9a\x93\
\x22\xe2\x15f\xcdB!\x01\x1cl\xf4T\xbf\x91\xdb\x9e\
\xb1\x00V\xc5_\xe1\xeeT\xcaW\xe8\xa4!\x05\x15.\
[\xfd\x16\xcd=\x9eB? \xadD9j\x9d\xccd\
\x9cU\x01\x81M\xf1\x06\x1cC\x8a\xafq\x96\x0f.\x14\
\x9e\x0c\xb0$p\xbf\xe9\x82}\x0cX#\xb7Mc\x01\
\x1c`\xb2s4\x87\xe6\xb6\xabP(<\x19\x92s\xee\
`\x9e\xfdSH\x85\xc7\xee1\x1do4\xce\x15\xcbB\
a\xce\x00_6^\xb4G\xe5\xb6g,H_\x9cg\
\x18m\x85\xb4\xcf]n\xd4B\xa1E\x00\x07\x9a\xee\xef\
\xc7\x99G\x15P\xe0\x1c\xd3\xb1FszSsU\x18\
rH\xcb\xe3\xae\x06:\xd3hau\xc0\x11\x80\xf5\xf0\
G\xe9\xde\x0f\xac\x9f\xdb\xb6B\xa1\x90\x00V!\xe5\xce\
;8n.\xc79\xdct\x8c\xd1<BY\xfa/4\
\x89\xf9B\xfeAn{\xe6\x06\xf0_F[G\xb8\x1a\
X2\xb7m\x85B!\x01\x9ch\xba\xb7g\x01O)\
\x0fL*:\xe4\xcet\x81\xd2\xb1\xb2\xd04\xa4&A\
\x0f\x9a.\xe0\x99\xc0V\xb9m\x9a\x1b\xc0\xf1&[G\
\xd3\xca\xe6H\x85\xc20\x02\xbc\xccxo_\x03,<\
J{\x0d\xd2\xf6\x80\x9b\xdf\xe4\x9c\xb3\xbeS\xd2\x00\xe7\
\x02\xf0yI\x1f5\xc9\x9d+\xe9\x05mm\x5c\x01,\
/\xe92I\xab\x9b\xa5?\x1c\x11\xad\xad\x89P\x98\x1c\
\xc0R\x92\xd6\x97\xb4\xac\xa4e$-^\xfd\x96\x94\xb4\
\xa8R\xe3\xa1\x91\x14\xc6\xdb%]'iJD<\x9e\
e\xc0\x85\x91V\xbc\xd7)\xa5\x9e:\xf8\x5cD|\x9c\
\x94\xb1r\xbd\xa4\x95M\xba#\xdc/i\xd5\x88x\xcc\
\xac[(\xcc\x1b`\x19\xbc\xa9r\xfb\xe4\xb6in\x00\
/\xc2\x9f\xba3\x0b\xd8/\xb7m\x85\xc9Aj\x83\xbc\
-\xf0~RA\xa3?\x91*\xb1M\x86\x99\xc0\x14\xe0\
\x84Jo[`\xc1\xdc6\x0e\x13\xc0\x87\x07\xbd\xa1g\
;\x9f;\x02\x17\x185G\x98\x05</\xf7|\x15\x86\
\x1c\xe0S\xc6\x8b\xfaFZ\x1e\xcc\x827\x03b\x84\xa9\
\x94\x9b\xb9\x13\x90\xba\xb6m\x01\xfc7\xf0;|\xdb`\
cq/\xf0cR\xc5\xc4R\xfb\xa0fHi\xce\xce\
\x14=W\xb0\xf4\xec|1\xf7\x5c\x15\x0a#E4\x9c\
7\xcc!\xb9m\x9a\x1b\xfc\xff\xf6\xee;\xdc\xae\xaa\xce\
\xff\xf8gQ\x02\x09\x04C\xe8E\x8a\x82\xf4\xa2\x8c4\
\x05AA\x05dP\x14\x18PQ\x14\x11t\x04u\x14\
\xb0\xe0\x0fQ\x1fQ\xf8\xd9FE\x9d\xa1[\x00Az\
Q\xa9\x22R\xa4wA\x08 !\x81\x10\x12 $!\
\xed=\x7f\xacs\xe5\x1an\x92s\xef]k\xaf\xbd\xcf\
\xfe\xbc\x9e\xe7>\x97a\xf0\xec\xefZ\xf7\x9c\xb3\xbf{\
\x95\xef\x82%\x81[\x12\xb6\xb7\xcf\xb3xg@m\x01\
\x1b\x11\x93\xddG3\xfc\xed\xbb\xf5<\xf0s`\xd3\xd2\
\xfd\xd1\xcb\x80\xaf\x15\xfc\x1bw\xe3\x9e\xd2}d\xf6O\
\xc0\x97\x12\xbe\xb9_\xa2\xc6\xc5\x81$\x09\xd8\x90<O\
~\x7f#\xae5\xb0\x1a .t=\x82t\x87`\xa5\
2\x0f\xb8\x02\xd8\xb6t\x1f\xf5\x22\xe2\xd4f\xaabg\
\xa9M\xa7\xa6\xc7\xa9[K\x01\xcb\x00\x13\x13\xbe\xc9O\
/\xdd\xa6E\x01\xf6\x22\xcf\x96\x9e\xeb\xf1\xf1\xc1E\x01\
k\x00\xdf\xa7>G\x17/\xcc\x85\xc0f\xa5\xfb\xac\xd7\
\x90v-@*\xf3\x80w\x95\xee\x1b\xb3W!.Z\
J\xf9F\xdf\xbat\x9b\x16\x058>a\x9b\xfb;\x97\
x\xf0\x92U\x08X\x17\xf8!qMF\x93\xcc%N\
\x0d\x0ctX\x92\x0d\x010\x82\xb8\x95\xafN|\xac\xb8\
\xd5\x13\xb04\xf0H\xc27\xfb\x8d\xd4\xfc\xe0\x1c\xe2\x82\
\xb0+\x12\xb6\xb9\xbf3\xeb\xde\xfe^A<\x5c\xe8$\
\xe2\xf1\xc1M\xf6\x08\xf0\x8e\xd2\xfd\xd9+H[\x17`\
\xb8\xee\x04\xbc-\xdd\xea\x0b\xd8;\xf1\x9b\xfe\xd0\xd2m\
Z\x14`,\xf9\x16\x86\x9d\x8c?\xf4\xd9\x10\xcfz8\
\x08x&\xd3\xdf\xaf\x84\xb9\xc4\xc5\x8aN\x1e\x13 N\
\xb1\x946\x85xT\xb6Y\xbd\x01\x7fH\xf8\xc6\x7f\x1e\
X\xb3t\x9b\x16\x05\xd8\x92\xb88'\x87\x1f\x94n_\
/\x22\x1e\xc7\x9a\xe3P\x96\xba\xb8\x02/(\x1d6\xe2\
\x19\x01\x93\x0a\xfe\x1d\xe7\x00\x9b\x97\xee\x07\xb3\xae\x00\x9b\
\x90\xeeP\x0d\x80KJ\xb7\xa9\x1b\xc0\x87\x13\xb6y~\
\xc7\x96n_\xaf >\xf5\x1fA\x9e\xb2\xacu\xf3\x00\
\xb0V\xe9>o:\xe2\x82\xdfR\x0e*\xdd~\xb3A\
!\xce\xa7\xa6\xb4o\xe96u\x83\xb8\x80,\x97#K\
\xb7\xaf\xe9\x80\xd7\x10\xab\xec\xb5\xc9Sx\x97\xc0\xb0\x01\
\xa7\x14\xf8\xdb\xfd\xb8t\xbb\xcd\x06\x8d8/\x9e\xb28\
\xd0$`\xc5\xd2\xedZ\x14\xe2\xa2\xc0T'\x8a\x0d\xe4\
\xf8\xd2ml*\xe0-\xc4J\x93m4\x09\xd8\xa8\xf4\
\xdf\xa0\xc9\x80e\x81\xbb+\xfc\x9b]_\xba\xcdfC\
F\xdam\x81\x00\xa7\x94nS7\x80\x91\xc4\x1d\x0c\xb9\
8\x09\x18$\xe0\xa3\xa4\x9d\x96j\xa2'h\xc0z\x9a\
:#n\x13\xadb=\xc0\x13\xf4;I\xd0\xacq\x88\
\x87\xa4\xdc\x9b\xf8\x83\xb1k\xe9vu\x03X\x09\xf8{\
\xe2\xb6\xf7w\x12^\xe5\xdd\x15\xe0h\xf2\x14lj\xa2\
\xfbp\x15\xb9a!\x9e\xc9\x90\xf3\xfd\xf4\x22\xb0Z\xe9\
v\x9a\x0d\x1b\xe9\xf7\xd1\x8e\xa3!\xc5N\x88\xb5\xe3\x9f\
K\xdc\xfe\xfe\xce\xc4\xc5\x82\x16\x888\x1d\xf3\x83\x8c\xfd\
\xdfT\x17\xe3\xad\xa5C\x02\xac\x05<\x94\xf1o3\x0b\
\x9f\xf3`\xbd\x84xbZJ\x8d\xa9\x86E<>x\
f\xe2\xf6\xf7w6>.\xf6U\x88\xa3O\xbf\xce\xd8\
\xefMwt\xe9\xbfQ\xd3\x10\x87\xffS\x16:\x9b\xdf\
\x5c`\x97\xd2\xed\xb4\x7f\xe5Ly\x98\x80\xb5%\xdd+\
)\xd5\x93;\x92\xde\x13B\xb8,\xd1\xebe\x05\x1c(\
\xe94\xe5{/].i\xdf\x10\xc2\xb4L\xaf\xdf(\
\xc4\xa7\xdb\x93%\xd5a\xfb\x14\x92\x9e\x94\xf4\xa8\xa4\xa9\
\x92^\x924M\xd2\x0cI#%\x8d\x95\xb4\x8e\xa4\xf5\
$\x8d\xa90\xae9\x92\xde\x16B\xf8K\x85\xd7l,\
\xe0\xdf$],i\xd5\x8c\x97\xf9X\x08\xe1\xd4\x8c\xaf\
oV\x06\xf0\xd9\xc4\xd9\xf2D`\x95\xd2\xed\xea\x16\xf0\
\x9f\x89\xdb?\xbf\xbb\xa9\xf9\x09\x8aU\x01\xbe\x9b\xb9\xaf\
\x17\xe6\xef\xc0\xff\x02\x1f\x22\x16\x87\x1a\xd5e\xcc\x01\xd8\
\x18\xf8$\xb1\x80\xcf\xac\x0ab\xbd\x0f\x18\x91\xfb\xef\xd1\
t\xc0\xbb\xc9s\xf2g\x7f_-\xddN\xb3l\x88\xf3\
\xb17$\xfe\xd0\x5cP\xba]\x83A\xfa]\x11\xf3\x1b\
\x0f\xbc\xb1t;K\x02\xbe\x98\xb9\x8f\x07r3p8\
\x09\x130`\x15\xe0+\xc4=\xfc9\x1d\x93*\xe6^\
\x04\x1cB\xfe\xdd#?-\xddN\xb3\xec\x80\xcdH_\
}\xed\x90\xd2\xed\x1a\x0c\xe0[\x89\xdb?\xbf\x17\x81=\
J\xb7\xb3\x04b%\xc6\xaaV\xfbO\x01\xbe\x0d\xbc!\
s\x9bF\x11\x8f\xa5\xcd\xf5\x04:\x03X7g\x1b\x9a\
\x888\x22sl\xa6>\xef\xefw\xa5\xdbjV\x19\xe0\
\xb8\xc4\x1f\xa0\x97\x80\x0dK\xb7k0\x80\x13\x12\xf7\xc1\
\xfc\xe6\x00\x87\x95ng\x95\x88\xc9e\xae\xb3\x18\xfa\x1b\
O\x1ce\x18]q\xfb^K\xfa\xc5\xb4}<\xef\xdc\
\x0f\xf1T\xd3\xb33\xf5u\x7f\x7f\xc4[y\xadM\x80\
\xa5\x88s\x8f)\xddF\x83\xe62\x89O\x17\xff\x9b\xb8\
\x0f\x06r\x22-\xd8&H\xac\xd0\x96\xfb\xdc\xf6\xe9\xc0\
\xff\x03F\x16lg &\x1f\xa9\x87\xa4g\x93y$\
\xa3)\x88\xdb\xfc\xfe\x9a\xb8\x7f\x07r#-\xf8l\x9a\
\xbd\x0a\xb0-q\xcbKJ\x8d\xaa\x8e\x07,N5\xdb\
\xd4\xae\x06V.\xdd\xde\x9c*\xe8\xc7\x0b\x80uJ\xb7\
\xb3\x0f\xb0\x07q\xe4+\xa53J\xb7\xab4\xe0\x1dT\
s,\xf4]\xb8\xca\x9f\xb5\x19\xf0\x93\xc4\x1f\xaa\xb9\xc0\
\xdbK\xb7k0\x88I@\x15\x07\x8c<\x09l[\xba\
\xbd9\x10\x17i\xe5\xf2\x22\xf0\x91\xd2m\x1c\x08\xb0\x03\
i\x93\x80\x994\xe0\xac\x8d\x1cx\xe5t\xc8*JE\
?\x08,S\xba\xcdfE\x01\xcb\x01\xffH\xfc\xe1\x9a\
\x08\xacQ\xbam\x83A\xfc\xf2\xc9y\x82`\x9f\x99\xc0\
\x11\xa5\xdb\x9b\x12\xb0&\xf9\x16\xc7\xddJ\xcd\x87\xc5\x89\
#\x01)oZ_(\xdd\xa6\xaa\x11\xa7\x8f\xceI\xd8\
\x87\x0b\xf3\x080\xe4Z\x0f\xc4\x9dT\xef ~_\x5c\
J\x9cF\xb8\x88\xb8\xaej\xcb\x94\xfdb\x96\x1d\xb1J\
^\xea\xa9\x80\x9bh\xd8\xf0\x1a1\x09\xc8\xbd0\xb0\xcf\
\x19t\xb97\xbd\xee\x80\xf32\xf5\xd19\xc0\xd2\xa5\xdb\
\xd7\x0d\xe2\x0e\x81T\x1e\xa2E%\x82\x817\x90\xfe\xac\
\x92\x81L\x03\xbe\x0c\xac4\x8cXw\x00\xeeX\xc4u\
.\x01^\x9f\xb2\x8f\xcc\xb2\x22.TK\xad\x91\xfbj\
\x89\x8b\xcc\xaap\x07\x0d?\x1a\x96\xf8\xf4\x9b\xc3\xf7h\
\xd0\xcalb\xf2xE\xc2\xf6\xb7\xe2I\x92x:d\
\xee\xe2>\x10\xcf\x02\xd9f\x98\xb1\x1eL\xf7\x85\xa1&\
\x03;%\xea&\xb3\xbc\x88\xbb\x02\x16\x95\xd9\x0e\xc5\xc7\
J\xb7m(\x88\x15\x03\xab\xd8\xcb>\x838\xef\xd9\xb8\
'>\xe2\xde\xf8G3\xf4\xc9Q\xa5\xdb6\x14\xc0:\
\xc4\xf5\x0a)\xf4ta \xe05\xc0\xaf\x12\xf5\xd5\xa2\
<\x0dl1\xccxw#n\xeb\x1d\x8c\x99\xb4\xb4\x16\
\x885\x10\xf1\xd4\xbc\xd4\xab\x9ag\x10\xebw7\x0ep\
(\xe9\xa7F\x16\xe4\x22\x8614Y\x02yFJ\xbe\
^\xba]\xc3\x01|=Q?\xdc\x5c\xba-\xb9\x00;\
\x01O$\xea\xa7E\xf9\x07\xc3\xacO\x02\x8c&&\x11\
C\xe1$\xc0\x9a\x03\xf8t\xaaO^?\x8f\xd3\xd0\x95\
\xcd\xc0{I\x9f\x14-\xc8\xd3\xc0{J\xb7\xb9\x1b\xc4\
'\xb8)\x89\xdb\xdf\x98\xd3%\x17\xa4\xd3/)\x8e\x9e\
\x9e\x0b,_\xba=)\x11O\x86<\x96\xc1?I\x0f\
U\x92s9\x80/\x0d3\x8e\xe9\xc0\xae)\xfa\xd0,\
+\xe2\x5c\xe6\x85\xc3\xfd\xe4\x0d\xe0J`\xf1\xd2\xed\x1b\
\x0a`k\xe2\xce\x86*\xcc#\xae.\xae\xf5\x02A\xe0\
\xab\x89\xdb}\x11\x0d\x9c\x06\x19\x08\xf0\xff\x13\xf5I\xcf\
\x1cIK\x1c]\xac\xa2\xb0O\x9f\xcbIT%\x12\xb8\
=A<\x1e\x09\xb0f\x00V\x06&$x\xd3\xcf\xef\
[\xa5\xdb6T\xc43\xc8\xef\xcf\xd0'\x0b\xf2(\xf0\
\xce\xd2\xed\x1e\x08q\xcb\xd6\xb3\x09\xdb\xfa\x10\xf0\x9a\xd2\
\xedJ\x05\xd8 Q\xbf|\xa9t[\x86\x0bX\x92\xb8\
Cbf\xa2>\xe9\xc6\xc9\xc0\x92\x89\xe2\x1fA\xba\xb5\
@\x1e\x09\xb0f\x00\xde\x99\xf0\x8d\xdfg\x1ep`\xe9\
\xb6\x0d\x15\xb0<\xb1\xa2_\x95\xce\xa1f\xd3'\xc0\x91\
\x09\xdb\xf7\x12\xb0Y\xe96\xa5F\x9a2\xdb\xe7\x95n\
\xc7p\x00o\x22\xcd\xd3s\xb7\xe6\x01\xc7&n\xc3\x1a\
\x89ct\x12`\xcd@\x9e\xc28/\xd3\xe0\xed1\xc4\
'\x82\xd33\xf4\xcb\xc2<MM\x12'b\xd5\xc4\xf1\
\x09\xdb\xf6\xb9\xd2m\xca\x01\xf8n\x82\xbe\x19W\xba\x1d\
CA\xdc\x1dr<\xd5\xcd\xf5C\x1ca8 C[\
\xc6d\x8a\xd5\xd3\x01Vo\xc4\xe1\xbb?g\xf8\x00<\
\x0flZ\xba}CE\x5c'q\x0c\xd5\xed\x10\xe8s\
1\xb0V\xe1\xb6\xef\x96\xb0=\xb7\xd0\xd0u!\x8b\x02\
\xbc?A\xff\xcc\x03\xc6\x96n\xcb`\x10\xebB<\x9e\
\xa0\xed\x831\x01xK\xc66M\xce\x10\xb3G\x02\xac\
\xfe\x88\xc7\x9f\x0eu\x0b\xcc\xc2\x8c\x03V)\xdd\xbe\xe1\
 \xde\x0cS\xac\xf8\x1e\x8c\xe9\xc4\xa7\xabe\x0b\xb5\xf9\
\xacD\xed\x98E\x0f\x0e\xfd\xf7\x01\xd6N\xd4O;\x97\
nK7\x80\xf5\xa9\xae\x94o\x7f\x7f\x06V\xcf\xdc\xb6\
33\xc5\xee\x91\x00\xab?`g\xf2\x1c\xd0\xf1W\x1a\
~ \x07\xd5\x1d[:\xbf'\x81\x03\xa9p\xe5<q\
\x8b\xdb\xf4D\xf17\xb2J\xe4`\x90&9\xac\xf5\x14\
\x09qA\xe8\xb1T\xbb\xc8\xaf\xcf\xcf\xa9\xe0\xf8q\xe2\
.\xa0\x5cE\xc1\x9c\x04X\xfd\x01_\xc8\xf4\x01\xb8\x98\
\x86\x0f\x03\x03KS\xcdi\x82\x03\xb9\x05\xd8\xae\xa2v\
\x1e\x96(\xe6\x19\xc0\x9aU\xc4\x5c\x12\xf0\xa7\x04}U\
\xcb\xe3\x81\x89\x07\xe2\x1cHu\xdbc\xfb\x9bA\xc5\x15\
F\x81_fl\x8f\xa7\x03\xac\xde\x88\xf3\xdegg\xfa\
\x00|\xaft\xfbR\x00\x0e\xa7\xfbZ\xe1)\xcd%&\
 \xb9\x87B\xafI\x14\xef\x0fr\xc6Y\x17\xc0\x8f\x13\
\xf4\xd5\xdd\xa5\xdb1?\xe2\x88`\x8e\xb2\xe1\xddx\x84\
\x02\xe7$\x00\xcb\x00\xb7el\x97\x93\x00\xab7\xe2p\
_\x8a\xedM\x03\xe9\x89#r\x81\xb7\x92v\x95\xfc`\
L'\x1e\xa2\xb3r\x86v-C\x9aa\xde\xd94\xec\
\xa8\xe8\xa1\x02>\x99\xa8\xbfjq\x22\x22\xb0\x1d\xb1\xa0\
W)\x97RpQ$q\x1b\xf0\xad\x19\xdb\xe7\xe9\x00\
\xab7\xe2b\x9f\xa9\x19\xde\xfc\xf3\x80O\x94n_\x0a\
\xc4\xadC\xa9\x16\xcb\x0d\xc54\xe2\x16\xced\x8b,\x81\
w'\x8a\xed\x82T1\xd5\x1d\xf1\x86\x99B\xd1\x85\x80\
\xc0f\x94Y\xe0\xd7g&\xb1\x98P\xf1\xd3!q\x12\
`mG\xac\x8f\x9fcQ\xcc\x1c`\xbf\xd2\xedK\x85\
8G\x9a\xeat\xb8\xa1x\x91\xb8c`L\x82\xb6\x9c\
\x90(\xa6\xddR\xf4m\x13\x00#\x89u/\x86\xeb\x1b\
\x85\xe2\xdf\x84x\xe3\xaf\xe2T\xcc\x05\xb9\x9f\x9a\x1d\x8d\
L\xfe$\xe0e\x9c\x04X\x9d\x01\xdf\xcc\xf4\xe6\x9f\x05\
\xecY\xba}\xa9\x00\x1b\x92w\xee\xb0\x1b\xcf\x11Wj\
\x0fyj\x804s\xbeOP\x83\xa7\xb8*\x017'\
\xe8\xb7\xbfT\x1c\xf3\x9b\x81\xdfR}\x9d\x8b\xfe\xe6\x01\
\xff\x0d\x8c\xac\xb2\xed\xdd\x22\x7f\x120\x178\xa8t;\
\xcd\x06D\x5c\x05\x9ckQ\xe0\x0cz\xeb \x94\xaaO\
A[\x90\x99\xc0\x19\xc0\xc6\x83\x8c\x7f,i\x9e\x02{\
~\xeb\xdf\xfc\x80\x1f$\xe8\xb7\xd9\xc0r\x99\xe3\x0c\xc0\
.\xc4]9\xa5=C\x03N\xc5$\x7f\x12\x00\xf0\x85\
\xd2\xed4\x1b\x10q\xfb\xdb\x0d\x99\xde\xf8\xd3\xc8X\xdd\
\xab\x04\xe2\xea\xe9\xaa\xceA_\x98\xb9\xc0\x05\xc0\x0e]\
\xc6\xbdC\xa2\xeb\xd6\xfeK=5`\xbf:\xf7\x1d\xf1\
3\xfc\x09\xe0\x81Dq\x0e\xd7%4\xa8@\x18\xd5$\
\x01\x87\x96n\xa7\xd9\x80\x80\x15\x81\x873\xbd\xf1\xa7\x02\
[\x95ncJ\xc0h\xe2\xf6\xb0\x92\xc3\xab\xfd\xdd\x04\
\xec\x0f,\xb5\x90\x98S\xacf\x9fA\xcd\x8f8\xce\x81\
XI3\x85\xa4[e\x81\xd5\x81\xafQf\x1f\xff@\
\x9e\x01>\x98\xb2\x8dU!\x7f\x120\x8f\x16&\xcf\xd6\
\x10\xc0\xeb;\x1f\xe0\x1c\xa6P\xb3E@)\x00\xdb\x93\
oK\xe5PL!VV\xdb|\x80X\xbf\x9f\xe0\xf5\
\xaf+\xd1\xcfu@\xdc\xbb>\x5c\xf7&\x88c1\xe2\
0\xff9\x94\xa9W\xb1 \xe7\x00+\xa5\xe8\xebR\xc8\
\x9f\x04\xcc\xc2\x0b\x03\xad\xae\x88\xfb\xdfgdz\xf3?\
\x0dlQ\xba\x8d\xa9Q\xe6\xac\xf4n\xdc\x0a\x1cB\xa7\
L3\xf0\xfb\x04\xaf\xd9\x8a\xe2?\x03\x01~\x96\xa0\xff\
\x006\x19\xe2\xf5\xd7 \xbe\xcf\xc6%\x8a#\x95q\xc0\
\xbbR\xf7w)x\x8b\xa0\xb5\x19\xf0\x1f\xe4\xdb2\xf4\
\x1c\xb0M\xe96\xe6@\xdcn\xf5\x97L\xfd6\x1cS\
\x80\x9f\x90\xe60\xa8\xd6\xaeh&\xcd\xc9\x800\x88\xb3\
\xee\x89E\xbb\x0e\x00.\xa7>\xd3M}\xe6\x10G\x95\
\x1a}\x0e\xc8@p\x12`m\x06|)\xe3\x9b\x7f\x1a\
=\xb4;\xa0?\xe2\xf0\xec\xa7\xc9s\xf4h\x1d\xf4\xd4\
Z\x8e\xc1 \xde\x14R\xec\x00y`\x11\xd7\x19\x05\xec\
\x03\x9cK\xbaC\x9bR\xbb\x05xsU}_\x02\xf0\
Q\xf2&]N\x02\xac\xbe\x80_d|\xf3O\x07\xde\
]\xba\x8d\xb9\x10o\x16\xc7\x93\xa6\x80L\x9d4\xea\x5c\
\xfb\xd4\x88\x8b-S\xd8|\xbe\xd7]\x0a\xd8\x93\xb8\xbd\
\xf3\x85D\xd7\xc8\xe1)\xe2\xb4R\xcf\xd6\x81 n\xa5\
<\x86j\x0a'9\x09\xb0z\x02\x16'_\x8d\x00\x88\
7\xc7\x0f\x94ngN\xc0\x06\xc4\xda\xe7\xbd`6=\
\xfc\xc5\xdf\x0d\xe2\x8d!\x85o\x01\xab\x12\xabL\x9eC\
\x9e\xb2\xdc)\xbdL,K\x9d\xb5\x8eAi\xc0\x08\xe0\
\xf4\x8a\xfb\xb6UI@e\xe7\x9e\xdb\xf0\x11\xcf\xe9\xfe\
\x9d\xa4\x5co\xd0\xb9\x92\x0e\x0e!\x9c\x96\xe9\xf5k\x81\
8\xe5\xf1CI\x83*\xdeS3\x13C\x08\xab\x95\x0e\
\xa2$\xe2\x02\xbea\xaf\xe4\x97\xf4\xb2\xa4\x11j\xc6\xf7\
\xe1%\x92\x8e\x08!<Z:\x90\x9c\x88\xa3[\xe7I\
\xda\xa9\xc0\xe5_\x96\xf4\xfe\x10\xc2\xa5\x05\xae]\xa9V\
?A4M\x08a\x96\xa4}%\xe5\xda\xfe\xb5\xb8\xa4\
\x93\x81C2\xbd~-\x84\x10\xae\x94\xf4FIGJ\
\x9aZ8\x9c\xa1\x1a\x01\xec\x05,Q:\x90RB\x08\
\xf7Iz0\xc1K-\xa5\xfa\xdf\xfc\xef\x94\xf4\xf6\x10\
\xc2\x9e-\xb8\xf9\xaf/\xe9&\x95\xb9\xf9K\xf1\xfd\xf0\
[ztmT\x7fN\x00\x1a&\x840]\xd2\x9e\x92\
n\xc9t\x89\xc5$\xfd\x0c8&\xd3\xeb\xd7B\x08a\
V\x08\xe1\x04IkI:Z\xd2\xf3\x85C\x1a\xac\xb1\
\x92.\x904\x8b\xb8\xc8\xf1:\xe0\xab\xc0kK\x07V\
\xb1\xdf\x95\x0e \xb3\x07$}D\xd2V!\x84kJ\
\x07\x93\x1b\xb0\xa3\xa4\x1b%\xad_8\x94\x91\x92.\xea\
\xf5$\xa0\xeeY\xaf-\x00\xb0\xbc\xa4k$\xe5\xdc\xcb\
\x7f\x9a\xa4CB\x08\xb33^\xa3\x16\x80\x15$}F\
\xd2\xe7$5}nu\xb6\xa4g$\xdd\xaf\xf8ez\
\xb5\xa4\xebC\x08\xf3\x8aF\x95\x01\xb0\xadb\x1b{\xcd\
c\x92\xbe-\xe9\xe4\x10\xc2\xdc\xc2\xb1T\x028P\xd2\
/\x14\x9f\xc0\xebb\x86\xa4\x7f\xef\x8c\x1a\xf6\x1c'\x00\
\x0dF<\x89\xee:I\x1bf\xbc\xccU\x8a\xf3aM\
{B\x1e\x12`U\xc5\x11\x81OJZ\xbap8)\
!i\x9a\xa4\xa7$=,\xe9nI\x7f\x95tS\x08\
ab\xc9\xc0\xba\x01\xbcQ\xd2\xf6\x92\xb6\x94\xb4\x81\xa4\
u$\xad\xa4\xde\xfa\x1bI\xf1\xc6\x7f\x9c\xa43C\x08\
s\x0a\xc7R\x09`qI\xc7K\xaa\xeb!==\x9b\
\x048\x01h8`\x0dI\x7f\x92\xf4\xba\x8c\x97\xb9_\
\xd2\xee!\x84\xc73^\xa3V\x805%}Y\xd2A\
\xea\xbd\x9b\xcc\xfc\x904Sq\x1ad\x92\xa4\x09\x92\xfe\
\xd1\xf9\x19\xdf\xf9\xfd\xb8\xa4\xc7B\x083\x93]\x14\x96\
V|\xdf\xae'i\xdd\xce\xcf\xea\x92V\x95\xb4\x8a\xe2\
4\xc7h\xd5\xeb\x890\x97\xc7\x15o\x82\xa7t\xd6\xfa\
\xb4\x020Z\xd2/%\xfd{\xe9X\x16\xa1'\x93\x00\
'\x00=\x00XK1\x09X;\xe3e&J\xda3\
\x84pk\xc6k\xd4Ng\x94\xe5?%\x1d&i\xc5\
\xc2\xe1\xd4\x01\x92\xe6u~fw~\xcf\xe9\xfcV\xe7\
\x9fQ\x5cK\xb2x\xe7\xdf-\xd9\xf9\xe7\xbe\x9f\xc5\xe4\
\xf5G}n\x93t\xa2\xa4s\xdb\xf2\xc4\xdf\x07XO\
\xd2\x85j\xcen\x9c\x9eK\x02\x9c\x00\xf4\x88\xce\xca\xd9\
+\x15\x17\xb5\xe5\xf2\x92\xa4\xfdC\x08\x17g\xbcF-\
\x11O\xf6\xdbO\xd2\x97\x94w\xca\xc5\xda\xe1\x06I\xdf\
i\xe3gI\x92\x88\xe7\x15\x9c%iL\xe9X\x06\xa9\
\xa7\x92\x00'\x00=\x04X[1\x09X/\xe3e\xe6\
J\xfa|\x08\xe1G\x19\xafQ[\xc4\xe2;{H:\
\x5cRO\xaf\x10\xb6\xe4fI:[\xf1\xc6\x7f_\xe9\
`J\x01>'\xe9\x04\xbd2B\xd443\x14GC\
\xaf*\x1d\xc8p9\x01\xe81\xc0j\x92\xfe(iH\
\xa7\x9c\x0d\xc2i\x92\x0eK9'\xdc4\xc0v\x92\x0e\
\x95\xb4\x8f\xe2\xb6!\xb3\x81<.\xe9\x14I\xbfh\xc2\
\x82\xcb\x5c:k>N\x92\xf4\xd1\x0a.ww\xe7\xf7\
\xab\x8e\xe2N\xe4EI\xdb\x87\x10R\x14\xa2*\xc6\x09\
@\x0f\xeal\x11\xbcB\xd2\xd6\x99/u\xa7\xe2\x0e\x81\
\x9e.L\xb2(\xc4\x92\xac\xff\xa1\xb8s\xe0M\x85\xc3\
\xb1z\x98\xab\xb8M\xf7\x17\x92\xceo\xdb\xfc\xfe\xfc:\
\xf5)\xceU\xfe\xef$)~\xf7\xed\xa7X\xdd\xf1*\
\xe5K\x02\xee\x92\xf4\xa6&o\xafu\x02\xd0\xa3\x80\xd7\
H\xbaT\xd2[2_\xea9I\x07\x84\x10~\x9f\xf9\
:\x8d@<\xa1\xef@I\x1f\x96\xb4|\xe1p\xacz\
\x0fK:Y\xd2i!\x84\xa7K\x07S\x07\xc0\xce\x8a\
\xf3\xfd+Wp\xb9\x1f)NQ\xce\xed\x5c{E\xe5\
M\x02\xf6\x0f!\x9c\x95\xe9\xb5\xb3s\x02\xd0\xc3\x80Q\
\x8a\xd5\xe2v\xcd})I\xdf\x95\xf4\xe5&g\xc3)\
\x01\xcb*>\x85|P\xd2\x8ej\xee|\xa7-\xdaT\
\xc5\xcf\xd9\xe9\x92\xae\x0b!P8\x9eZ\x00\x82b\xb9\
\xedo)\xff\xfb\x7f\xae\xa4\xcf\x86\x10~<@\x1c\xcb\
+N\x8b\xe68>\xfb\x82\x10\xc2\xfb2\xbcn%\x9c\
\x00\xf4\xb8\xce\xea\xf5\xb3$\xbd\xb7\x82\xcb]\x22\xe9\xc3\
!\x84\xa6\xd6\xd7\xcf\xa2Sep\x0f\xc5\xb5\x02{\xc8\
\x9f\xbb^0C\xf1\xc9\xf2\x0cI\x17\x85\x10^.\x1c\
O\xadt\xa6\xc5N\x95\xb4w\x05\x97\x9b\xa6\xf8$~\
\xc9B\xe2\xc95\x1209\x84\xd0\xd8\xed\xc1\xfe\x22j\
\x01`IIg*>\x91\xe6\xf6\x90\xa4\xbd\xdb\xbc\xca\
ya:G\x8d~Y\xf1i\xa4\x0d\x05nzI\xdf\
M\xff\xb7\x92\xce\x0b!\xbcT8\x9eZ\x026S<\
\xa3!\xe7n\xa4>OHzO\x08\xe1\x9eE\xfd\x87\
\x99\x92\x00$\x8dj\xeabh'\x00-\xd1\xd9\xbe\xf6\
\x1dUSns\x9a\xe2p\xdc\xc9\x15\x5c\xab\xb1\x80\x1d\
\x14\xcf\x1e\xd8Q\xd2\x0a\x85\xc3\xb1\x81\xbd,\xe9\xd7\x92\
.\x97ti\xe70.[\x80N=\xff\x9fJZ\xa6\
\x82\xcb\xfdU\xd2^!\x84\x09\xdd\xfe\x0f2L\x07\xcc\
\x95\xb4TS\xcfkp\x02\xd02\xc0\xc7\x15\xb7\xe2,\
Y\xc1\xe5\xce\x97\xf4\x89\x10\xc2\xe4\x0a\xae\xd5h\x9d3\
\x08>\xa5X\x12ucU\xf3\xf7\xb1\x81\xcd\x91\xf4\xa8\
\xe2j\xf2\xb3C\x08\x7f)\x1cO\xeduJ\xfa\xfeD\
q\xf1k\x15\xce\x97\xf4\xa1\xa1$d\x89G\x02\x1e\x0f\
!\xac\x93\xe0u\xcc\xaa\x01\xec\x0e\xbcH5\x9e\x04\xde\
^\xba\xcdM\x03\xec\x0a\x9c\x03L\x04\xe6U\xf4\xb7j\
\xab\xd9\xc0\xdf\x81_\x00\xdb\x12G\xcb\xacK\xc0V\xc0\
C\x15\xfd\xad\xe6\x01\xdf\x1e\xee\xdf\x08X\x1e\xb85A\
<?O\xd5\x8f%x\x04\xa0\xa5\x88\xf3t\x97J\xaa\
\xe2\xfcx$\xfd\xb7\xa4#\xbdXj\xf0\x88\xa7\xa5\xbd\
[q\x0d\xc7v\x8ag>x\x84`\xe8f*>\xe1\
_/\xe9\xf4\x10B/\x1e'\x9c\x1dq\x95\xff\xe1\x8a\
S\x8bU\xacg\x99)\xe9\x93!\x843R\xbc\x18\xc3\
\x1f\x09@\xd2v!\x84\x9bS\xc4S\x82\x13\x80\x16\x03\
VW\x5c\xb9\xff\xc6\x8a.y\xafb\xcd\x80E.\xd8\
\xb1\x85\x03\xb6\x96\xf4!I;Hz\xbd\xa4e\xe5\xcf\
\xf3@\xe6JzV\xd2=\x92.\x93\xf4\xab\x10\xc23\
eCj\xbe\xce\xcd\xf3TI\xef\xa9\xe8\x92OIz\
_\x08\xe1\x96\x94/:\xcc$\xe0\xac\x10\xc2\xfe)\xe3\
\xa9\x9a\xbf0Z\x8e\xb8_\xfd,\xc5\xediU\x98)\
\xe9hI?\xf2~\xe9t:Oc\xdbK\xdaK\xb1\
\xda\xdaz\x8a\x85W\xda4R0S\xf1(\xe3\x07$\
\xdd\xa8\xb8R\xff\x81\xb2!\xf5\x1eba\x9f3%\xad\
Q\xd1%o\x97\xf4\xde\x10\xc2?r\xbc\xf8\x10\x93\x80\
\xfb\x15\x9f\xfe_\xc8\x11SU\x9c\x00X\xdf6\xc1\x9f\
J:\xb8\xc2\xcb\xfe^\xd2\xa1!\x84\xc7*\xbcf\xeb\
\x10\x8f3\xdeMq\xea`c\xc5)\x9f\x15$\x8dR\
3\x8b\x13\xcd\x92\xf4\x82\xa4\xa7%=\xa6X\xf3\xfd\x1a\
I\xd7\x86\x10f\x17\x8c\xab\xe7\x11k\xf9\x7fC\xd2\xe7\
U\xddq\xceg(\x0e\xfbg\xddfG\xac\x9c\xfak\
I\xbbw\xf1\x9f_+i\x9f\x10\xc2\xb39c\xaa\x82\
\x13\x00\xfb'\xe0\x10\xc5\xb9\xfa\x11\x15]r\xba\xa4\xe3\
$\x9d\xd8\xd4m4M\xd6\xf9\xd2\xdbVqK\xd4\x86\
\x8a\xc9\xc1X\xc5#ZG+\x1ep4B\xf9\xbf\xec\
Q\x1c\xaa\x9f\xa5\xb8\xd7\xfeyIS$MT\xbc\xc9\
\xdf/\xe96I\xb7\xb5\xbd\xa6~)\xc0\x16\x8a\x95\x0e\
\xb7\xa8\xe8\x92s%}%\x84\xf0\x9d\x8a\xae\xd77\x8a\
\xb6\x8f\xe2\x08\xe5@\xd3\xa2\xf7)V<\xfde\xafT\
<u\x02`\xff\x02x\x8bb\xa1\x93\xd5*\xbc\xec\xcd\
\x8a\xdb\x05\xbd6\xa0\xa6\x80\x95$\xad)iu\xc53\
\x0eFKZNq\xbf\xf7\x88~?\xcb)~\xaf\xcc\
VL\xf0fu~\xcfS,\x99\xfb\xbc\xe2\xde\xfa\xa7\
%M\x92\xf4\xf7\x10\xc2\xb4*\xdbb\xdd\x03FH\xfa\
\x9a\xa4\xa3$-Q\xd1e\xa7(\xae\x15\xba\xa2\xa2\xeb\
\xbd\x0a\xf1h\xf5\xcd$\xad(i\x18\x5cm\xf3\x00\x00\
\x10\x1aIDAT\xb2\xa4\xfbC\x08\x8f\x94\x8a\xc7\xac\
2\xc0J\xc0U\x09\xb6\xc8\x0c\xc6l\xe0\xf8\xce0\xa3\
\x99\x15\x06l\x06\xdcV\xf1\xf7\xc0\x1d\xc0\xebK\xb7\xdd\
\xac\xd5\x80%:7\xe4\xaa=\x8c\xeb\x06\x98\x15\xd3\xf9\
\xec\x1f\x05\xbc\x5c\xf1g\xffL\xe2\x01ffV\x07\xc0\
\x07\x81\x97*\xfe\x22\x98\x0b\x9c\x04\x8c-\xdd~\xb36\
\x01\xb6 M\x81\x9c\xc1\x98\x09\x1cV\xba\xedf6\x00\
`sb\xa5\xb4\xaa=\x07\x1c\x01T5\xf7h\xd6J\
\xc02\xc0\xb1T\xff\xd4\xff$\xb0m\xe9\xf6\x9b\xd9B\
\x10Kg^R\xf1\x97C\x9f{\x80]J\xf7\x81Y\
/\x02\xf6\xe9\xdc\x88\xabv\x15qq\xa9\x99\xd5\x1d\x10\
\x80\xc3\x81\x19\x05\xbe,\x00.\x00\xaa8b\xd4\xac\xe7\
\x01\xeb\x01W\x14\xf8\x1c\xcf#\xae/jb\x1d\x0a\xb3\
v\x036&\xae\xd6-a\x16\xf0C\xe2\x1ev3\x1b\
$`I\xe2\x22\xbf\x12\x89\xfc3@UUG\xcd,\
\x07`\xe9\xce\x8d\xb8\xd4Iu\x13\x81\x8f\xe3\xa7\x08\xb3\
\xae\x01\xef\xa2\xba\x93\xfb\xe6\xf7G\xa0\xca\xfa\x22f\x96\
\x13\xb0\x0b0\xbe\xd0\x17\x0a\xc0\xa3\xc0!8\x110[\
 \xe2\xa8\xdd9\x85>\xa3\xb3\x89\x0b\x0c}\xcc\xb2Y\
\xaf!\x16\x0e\xba\xb0\xd0\x97K\x9f\xfb\x88\x8b\x99\x5c\xdd\
\xd2\xac\x03X\x13\xf890\xa7\xd0\xe7\xf2qbuQ\
3\xebe\xc0\x81\xc0\xb4B_4}\xee\xc6\x89\x80\xb5\
\x1cq\xd7\xce\xf1\xc0\xf4\x82\x9f\xc5\xf3\x80\xe5K\xf7\x85\
\x99U\x04\xd8\x10\xf8s\xc1/\x9d>7\x02\xbb\x96\xee\
\x0f\xb3*\x01K\x01\xff\x05L.\xf8\xd9{\x09\xa8\xf2\
dQ3\xab\x0b`1\xe0S\xc0\xf3\x05\xbf\x84\xfa\x5c\
G\x5c\xf8\xe4\x11\x01\xebY\xc0\xe2\xc0\x87\x81q%?\
l\xc4\xe4\xdf[u\xcd\xda\x0eX\x8d8\x0cX\x07w\
\x13\x17\x0b\xfa\xb0!\xeb\x19\xc4d{\x1f\xe0\xc1\xa2\x9f\
\xae\xb8\xa5\xf0(\xbc\x18\xd7\xcc\xfa\x03\xf6#n\xdb\xab\
\x83\xf1\xc4/\xaa1\xa5\xfb\xc5l\xa8\x80\x11\xc0\xc1\xc0\
#E?M\xd1M\xc0\x86\xa5\xfb\xc4\xccj\x0a\x18C\
\x5c\x8d\x5c\xaan\xc0\xfc^$\xc6\xf3\x86\xd2}c\xd6\
-`4\xf1|\x8c'\x8a~z\xa2Y\xc4\xed}~\
\xea7\xb3E#\xd6\x0d\xa8\xc3SK\x9f\xd9\xc0o\x80\
\xadK\xf7\x8d\xd9\x82\x00\xab\x03\xdf\x01\xa6\x16\xfd\xb4\xbc\
\xe2V`\xd3\xd2\xfdbf\x0d\x03\x8c\x02\xbeA\xd9-\
J\x03\xb9\x13\xf84\x9e\x1e\xb0\x9a\x00\xb6\x01~I\xf5\
\xa7\xf4-\xc8L\xe0\x18|B\xa7\x99\x0d\x07\xb1H\xc9\
\x19\xd4gZ\xa0\xcfLb\xd5\xb4]\xf0\xee\x01\xab\x18\
q~\x7f\x1f\xe0\x86\x92\x1f\x82\x01\x5c\x03lT\xba\x7f\
\xcc\xac\x87\x00;\x02\xb7\x97\xfdn[\xa0\xfb\x81\xcf\x03\
+\x96\xee'\xebm\xc0F\xc0\x89\xc4\x03s\xea\xe4I\
`\xdf\xd2\xfdcf=\x8a\xb8\x9d\xe9`\xea\xb3[`\
~3\x81\xb3\x80\xdd\x80%K\xf7\x97\xf5\x06`\x19\xe0\
 \xeaQ<k~\xb3\x81\xef\x01\xa3K\xf7\x93\x99\xb5\
\x00\xb0\x1c\xf0]\xea3\xe79\x90\xc9\xc0\xff\x00\xbb\xe2\
\x15\xd06H\xc4\xa2=\xbb\x02\xa7R\x8fbY\x03\xf9\
3\xb0y\xe9\xbe2\xb3\x16\x02\xd6\x07.(\xfc%\xd8\
\x8dg\x80\x93\x80\x9d\xf0ig\xb6\x10\xc0\xd6\xc0\xf7\x81\
\xa7J\xbea\x17a\x12\xf01\xbc\xf6\xa5\x15\xfcG\xb6\
Z\x03\xb6\x91t\x9c\xa4w\x96\x8e\xa5\x0b\x13$\x9d+\
\xe9lI7\x86\x10\xe6\x15\x8e\xc7\x0a\x22&\x84\xdbJ\
z\x9f\xa4\xbd%\xbd\xaelD\x0b\xf5\xb2\xa4\x93$}\
#\x84\xf0\x5c\xe9`\xac\x1aN\x00\xac\x11\x80\x1d$}\
C\xd2\xdbJ\xc7\xd2\xa5I\x92~/\xe9rI\x7f\x08\
!<[8\x1e\xab\x00\xb0\x94\xa4\x1d\x14o\xfa\xef\x95\
\xb4z\xd9\x88\x16i\x9e\xa4\xdfH:&\x840\xaet\
0V-'\x00\xd6(\xc0[%}S\xcdI\x04\xa4\
\xf8%{\x87\xa4+;?\xd7\x86\x10\xe6\x94\x0d\xc9R\
\x01\xd6Q\x1c\xa1\xdaE\xd2\xbb$-W4\xa0\xee]\
)\xe9\xa8\x10\xc2\xed\xa5\x03\xb12\x9c\x00X#\x01\xbb\
+N\x0dlU:\x96!xV\xd2\x1f\x14G\x07\xae\
\x0a!L(\x1c\x8f\x0d\x02\xf1\x8c\xfb\xb7I\xdaY\xd2\
\xae\x92\x9a\xb67\xfe\x0e\xc5\x1b\xff\x1fK\x07be9\
\x01\xb0\xc6\xea,T\xdaK\xd2\xd7%5y\xc5\xf2\xa3\
\x92n\xe8\xf7s\xbf\xd7\x0f\xd4\x070V\xd2\xf6\x8a7\
\xfc\x9d$m)\xa9\x89\x0b>\x1f\x93\xf4UI\xbf\xf1\
\xfb\xcb$'\x00\xd6\x03:\x89\xc0\xbb$\xfd\x97\xe20\
l\xd3M\x95\xf4\x17\xc5d\xe0\xcf\x92\xfe\x1aB\x98Q\
6\xa4v \x96\xb8\xddL\xd2v\x92\xb6\xe9\xfc\xbcA\
\xcd\xfe\xae\x1c/\xe9\xbb\x92~\x1eBx\xb9t0V\
\x1fM~S\x9b\xbd\x0a\xb0\xa5\xa4/H\xdaWR\xaf\
\x14\xec\x99-\xe9NIwI\xba\xa7\xf3s\x97Wk\
\x0f\x0f0J\xf1f\xbfe\xbf\x9f\xcd%\x8d*\x19W\
B\x8fK\xfa\x8e\xa4S|\xe3\xb7\x818\x01\xb0\x9e\x04\
\xbcV\xd2\x11\x92>\xa1\xe6,\xca\x1a\xac\xf1\x8a\xc9\xc0\
\xdd\x9d\x9f{$=\x10B\x98]4\xaa\x9a\x01\x96\x95\
\xb4\x81\xa4\x0d\x15\xe7\xeb7\x90\xb4\x89\xe2\x93}/\x16\
rzD\xd2\xb7%\x9d\x19B\x98U:\x18\xab/'\
\x00\xd6\xd3\x80\xe5$\x1d\x22\xe9pI\xaf-\x1cN\x15\
f+\xce\xf5\x8e\x1b\xe0\xf7\xb8\x10\xc23\xa5\x02\xcb\xa5\
3\x05\xb4\xba\xa4u;?\xebt~\xd6\x95\xb4\x9e\xda\
\xf1w\x97\xa4\x9b%\x9d(\xe9\xfc\x10\xc2\xdc\xd2\xc1X\
\xfd9\x01\xb0V \xd6\xef\xdfW\xd2a\x92\xdeR8\
\x9c\x92\xa6\xab\x93\x0c(&\x06\xcfJ\x9a\xdc\xf9yV\
\xb1~\xc1dI\x93C\x08\xd3\x0b\xc5(`\xa4\xa4\xb1\
\x92\x96\xef\xfc\x8c\x95\xb4\xb2\xe2\x8d~\x95~\xbf\xd7\xe8\
\xfc\xfb\xa5\xcaDZ\xdc<I\x97J:!\x84p}\
\xe9`\xacY\x9c\x00X\xeb\x00\x1bK:X\xd2\x81\x92\
V(\x1cN\x9d\xcd\xd0+\xc9\xc1d\xc5\x9b\xcd\x0b\x92\
\xe6J\x9a#\xe9\xc5\xce\x7f\xf7R\xe7\xff^C\xd2\x08\
IKw\xfe\xddx\xc5\x11\x89\xfe\x96\x94\xb4\xac\xa4e\
:\xff\xed\xf2\x9d\xdf\xcbt\xfe\xfdh\xc5\x9b\xfd\xd2\x99\
\xda\xd4+^\x90t\xba\xa4\x9f\x84\x10\xfeV:\x18k\
&'\x00\xd6Z\xc0\x08\xc5m\x84\x87Hz\x87\xfcy\
\xb0\xfa{H\xd2)\x8a+\xfa\xa7\x96\x0e\xc6\x9a\xcd_\
xf\x92\x80\xf5$}\x5c\xd2G%\xadZ6\x1a\xb3\
\x7f1S\xd2\xef$\xfdO\x08\xe1\xda\xc2\xb1X\x0fq\
\x02`\xd6Og\xad\xc0\x9e\x8a\x89\xc0;\xd5\xde\xb9e\
+\xefv\xc5\xa7\xfd_\x87\x10\xa6\x94\x0e\xc6z\x8f\x13\
\x00\xb3\x05\x00\xc6(\x1e\xe8\xb2\xafb\x81\xa1^\xa9+\
`\xf55Q\xf14\xc9\xd3C\x08w\x94\x0e\xc6z\x9b\
\x13\x00\xb3.t\xea\xbf\xef)i\x1f\xc5\xaa\x83N\x06\
,\x95\xe7%]$\xe9\xb7\x92.\xf7AQV\x15'\
\x00f\x83\x04\xac$\xe9\x03\x8a#\x03;\xaa\x99u\xe1\
\xad\xac\xa9\x8a\xdb\xf7\xce\x93t\x99+\xf5Y\x09N\x00\
\xcc\x86\x01XM\xd2\x1e\x92vS\x9c&\xe8\xd5\xaa\x83\
6|\x13%](\xe9|I\xd7\xb8J\x9f\x95\xe6\x04\
\xc0,\x91\xce\x02\xc2\xed\x15\x93\x81wK\xda\xa2lD\
V\xd8<\xc5\x85|WH\xbaL\xd2\xcd>\x85\xcf\xea\
\xc4\x09\x80Y&\xc0\xeaz%\x19\xd8E\xd2\x98\xb2\x11\
Y\x05&I\xfa\xa3\xa4\xcb%\xfd\xa1\x17K/[\xef\
p\x02`V\x81\xce1\xb3\xdb)\x9e'\xbf}\xe7\xc7\
\xd3\x05\xcd7Y\xd2\x9f$]+\xe9\x1aI\xf7\x86\x10\
(\x1a\x91Y\x97\x9c\x00\x98\x15\x00,&iSIo\
UL\x06\xde*i\xed\xa2AY7\x1e\x93t\xa3\xa4\
\x9b\x14o\xfa\xf7zX\xdf\x9a\xca\x09\x80YM\x00k\
*\x1eT\xd4\xf7\xb3\x99\xbc\xdd\xb0\xa4\xa9\x8as\xf87\
)\x9e\xb4ws\x08\xe1\xe9\xb2!\x99\xa5\xe3\x04\xc0\xac\
\xa6:\x8b\x0a\xdf ic\xc5\xf3\xeb\xb7\xea\xfc\xf3\xeb\
J\xc6\xd5\xa3&H\xbaM\xd2}\x92\xee\xef\xfc\xf3\x03\
~\xba\xb7^\xe6\x04\xc0\xaca\x80\x15%m\xae8B\
\xb0\x99\xe2n\x83\x8d\x14O\xd4\xb3\x05\x9b%\xe9aI\
\x0f*\x1e\xaa\xf3`\xe7\xe7o!\x84\xe7K\x06fV\
\x82\x13\x00\xb3\x1e\x01\xac\x22i\x1dI\xebv~\xd6\xe9\
\xf7{m\xc5cw{\xd9<\xc5'\xf9q\x8as\xf5\
\xfd\x7f\xc6Iz<\x840\xb7Lhf\xf5\xe3\x04\xc0\
\xac\x05:\x8b\x0eW\xd7+\xc9\xc1\xca\x92V\x92\xb4\xa2\
\xa4\x15\x06\xf8Y\xbcL\xa4\xaf2M\xd2\x14I\xcfu\
~O\x91\xf4\x94\xa4g:\xbf'v~&Hz&\
\x840\xbbP\x9cf\x8d\xe3\x04\xc0\xcc^\x05\x18\xabW\
\x92\x83\xb1\x92FIZV\xd2q\x92\xd6Lp\x89\xcb\
\x14\xab\xe2\xcd\x944C\xd2\x0b\x92f+\xd6\xc5\xef\xbb\
\xe9O\xf1\x0d\xdd\xcc\xcc\xac0`1\xe0E\xd28\xb9\
t{\xcc\xda\xce\x87\x98\x98Y\xb7^\xa78\x0a\x90\xc2\
f\x89^\xc7\xcc\x86\xc8\x09\x80\x99u+\xe5M{S\
\xa0.\xeb\x0c\xccZ\xc9\x09\x80\x99u\xeb\xcd\x09_k\
\xa4b%D3+\xc4\x09\x80\x99u\xeb\xed5\x7f=\
3\x1b\x04'\x00f\xb6H\xc0h\xc5J\x84)\xed\x9c\
\xf8\xf5\xccl\x10\x9c\x00\x98Y7v\x96\xb4D\xe2\xd7\
\xdc\xa9sJ\xa2\x99\x15\xe0\x04\xc0\xcc\xba\x91\xe3i=\
\xc7\xa8\x82\x99u\xc9\x09\x80\x99u#\xd7|\xfd;2\
\xbd\xae\x99-\x82\x13\x003[(`}\xc5\xc3\x87r\
\xf8@\xa6\xd75\xb3Ep\x02`f\x8b\xf2\x91\x8c\xaf\
\xfdF\xc0E\x81\xcc\x0ap\x02`f\x0b\x04\x04I\x07\
d\xbe\xcc\x872\xbf\xbe\x99\x0d\xc0\x87\x01\x99\xd9\x02\x01\
;I\xba&\xf3e\x9e\x92\xb4\x96\x8f\xea5\xab\x96G\
\x00\xccla>\x5c\xc15V\x97\x8b\x02\x99U\xce\x09\
\x80\x99\x0d\x08\x18\xa3\xea\x16\xe9\x1dR\xd1u\xcc\xac\xc3\
\x09\x80\x99-\xc8g$-W\xd1\xb5\xf6\x066\xa9\xe8\
Zf&'\x00f6\x00`\x19\xc5\x04\xa0*\x8bI\
\xfab\x85\xd73k='\x00f6\x90OIZ\xa9\
\xe2k\x1e\x00\xac[\xf15\xcdZ\xcb\x09\x80\x99\xfd\x0b\
`iI\x9f-p\xe9%%\x1dY\xe0\xbaf\xad\xe4\
\x04\xc0\xcc\xe6w\xa8\xe2\xca\xfc\x12\x0e\x02\xd6.tm\
\xb3Vq\x1d\x003\xfb'`\x15I\x0fJ\x1aS0\
\x8c\xf3C\x08{\x17\xbc\xbeY+x\x04\xc0\xcc\xfa;\
Qeo\xfe\x92\xf4>\xe0=\x85c0\xeby\x1e\x01\
03I\x12\xb0\x83\xa4\xebT\x8f\xef\x85\xc7%m\x1c\
B\x98^:\x10\xb3^\xe5\x11\x003\x13\xb0\x84\xa4\x1f\
\xab\x1e7\x7fIZ[^\x10hff\x96\x17\xf0\x15\
\xeag\x06\xb0q\xe9\xbe1\xebUu\xc9\xf6\xcd\xac\x10\
`[I\x7fR\xdc\x86W7\xf7I\xda\xdaS\x01f\
\xe9y\x0a\xc0\xac\xc5\x80\x15%\x9d\xa3t7\xffy\x92\
\xceO\xf4Z\x92\xb4\x89\xe2\xd4\x84\x99\x99\x99\xa5\x00\x04\
\xe0\x82\xc4\xc3\xf6\xa7\x02\xa3\x81\x89\x89_\xf7#\xa5\xfb\
\xcb\xcc\xcc\xac'\x00G%\xbeIO\x07\xd6\xea\xbc\xf6\
\xa7\x13\xbf\xf64\xbc\x1e\xc0\xcc\xcclx\x80=\x81\xd9\
\x89o\xd2\xdf\xea\xf7\xfaK\x02\x0f&~\xfd\x87\x80\x95\
K\xf6\x9b\x99\x99Yc\x01\xdb\x10\x9f\xa8Sz\x1cX\
v\xbe\xeb\xec\x04\xccK|\x9d\xbb\x80\xd2\x85\x8a\xcc\xcc\
\xcc\x9a\x05\xd8\x18\x98\x9c\xf8\xa6\x0c\xb0\xe7\x02\xae\xf7\xab\
\x0c\xd7\xba\x1aX\xaa\xea\xbe333k$`M\xe2\
\x93zj\xe7-\xe4\x9a\xab\x00\xcfe\xb8\xe6\xf9\xc0\xe2\
U\xf6\x9f\x99\x99Y\xe3\x00k\x91~N\x1e\xe2h\xc2\
BO\x0e\x04>\x9a\xe1\xba\x00'\xe3$\xc0\xcc\xccl\
`\xc4a\xff'2\xdd\x84\xf7\xeb2\x86s2]\xff\
B`d\xee>433k\x14\xe2\x82\xbfI\x99n\
\xbeg\x0e\x22\x8e\x15\x81\x09\x99\xe2\xb8\x11X!g?\
\x9a\x99\x995\x06q\xab\xdfK\x99n\xba\x8f2\xc8\xd5\
\xf8\xc0n\xc0\xdcL\xf1\xdc\x05\xac\x96\xab/\xcd\xcc\xcc\
j\x8fX\xe1\xefH\xd2\xef\xf3\xef3\x03\xd8j\x88\xb1\
\x1d\x97)&\x88\x0b\x1c\xb7K\xdd\x9ffff\xb5\x07\
\xac\x00\x5c\x92\xf1&\x0bp\xf00\xe2[\x0c\xb8<c\
l\xb3\x81c\x01\x9fsbff\xed\x00\xbc\x15\xf8G\
\xc6\x9b+\xc0\xc9\x09\xe2\x5c\x11\x18\x979\xce\x8b\xf1\xba\
\x0033\xebe\xc4\xb2\xbb_!\xdf\x90\x7f\x9f\xab\x81\
\x11\x89b\xde\x04\x98\x9a9\xde'\x80\x9dS\xc4kf\
fV+\xc0\x8e\xc0=\x99o\xa4\x00\x0f\x00\xcb'\x8e\
}'\xe0\xe5\x0ab\xbf\x18X3e\xecfffE\
\x00\xab\x02g\x92\xbe\xd6\xfe@&\x00\xebfj\xc7\xc7\
+j\xc3T\xe03\xb8p\x90\x99\x995\x110\x12\xf8\
,\xf9\x87\xcf\xfb<\x0bl\x9a\xb9M\x9f\xab\xa8-\x00\
\xb7\xe3i\x0133k\x0a`\x19\xe0\x08`|\x857\
\xcb\xe7\x81\x7f\xab\xa8}\xc7T\xd8.\x80\x1b\x88u\x12\
B\x15\xed333\x1b\x14`L\xe7\xe6\xf8l\xc57\
\xc8\xa9\xc0\xf6\x15\xb7\xf5\x9b\x15\xb7\x11\xe2\x88\xc0\xfb\xf1\
\xb6A33+\x8d\xb8W\xfem\xc4\xc3n^(p\
S\x9c\xc4\x10\x0b\xfd$h\xfb\xd1\x05\xda\x0b\xf001\
\xd1Z\xa7D\xbb\xcd\xcc\xac\xc5\x80\x0d\x88El\xfe^\
\xe8&\x08q\xc1\xdff\x85\xfb\xe1P\xf2\x95\x0c\xee\xc6\
\xad\xc4\xe9\x16\xd7\x11\xb0\x9e\xe6\xf9/\xb3B\x80\xe5$\
\xbdM\xd2\xdb;?\x9b\x97\x8dH\x0fH\xda#\x840\
\xaep\x1c\x02\xf6\x97t\x8a\xa4\xa5\x0b\x861C\xd2\xf5\
\x92\xae\x96t\x8d\xa4\xdbB\x08s\x0b\xc6c\x96\x94\x13\
\x00\xb3\x0a\x10\x17\x9b\xad\xabx\x93\xdfZ\xf1\x86\xbf\x95\
\xa4%J\xc6\xd5\xcf\xd5\x92>\x10B\x98R:\x90>\
\xc45\x08\x17HZ\xa9t,\x1d\xcfK\xbaN\xd2\xb5\
\x92\xee\x94tW\x08\xe1\xb9\xa2\x11\x99\x0d\x83\x13\x00\xb3\
\x01\x10\xf7\x8b\xaf\x22ieI\x0b\xda;\xbet\xe7\xff\
\xbf\x8c\xa4\x91\x8a7\xf3\x91\x92^#i\x8c\xa4\x15%\
\xad&i\x0dIkJ\x1a\x957\xea!\xbbG\xd2\xf7\
$\xcd)\x1d\xc8\x00\xd6\x90\xf4\x15I\xa3K\x07\xb2\x00\
\x93%=)i\xbc\xa4\x09\x92\xa6*&\x0aS\x15\xfb\
s\x86\xa4\xd9\x92\x9e\xeb\xfc\xb7\x0b\x1aA\x98!iB\
\x9d\x120\xeb}N\x00\xcc\xfa\x016\x92\xf4EI{\
*\xde\xc0\xcd\xaat\xaf\xa4\xb3$\xfd(\x84\xf0b\xe9\
`\xac\xb79\x010S\x5cy/\xe9\x9b\x92\x8e\xd4\x82\
\x9f\xf8\xcd\xaa\xf2\x8c\xa4\x0f\x86\x10\xae,\x1d\x88\xf5.\
'\x00\xd6z\x9d\xf9\xf9_I\xda\xbft,f\xfd\xcc\
\x91t@\x08\xe1\xb7\xa5\x03\xb1\xde\xe4\xe2\x17f\xd2\xd1\
\xf2\xcd\xdf\xeag\x09I\xa7\x01\x9b\x94\x0e\xc4z\x93G\
\x00\xac\xd5\x80\xd5$=\xac\xb8\x90\xcf\xac\x8e.\x0b!\
\xecQ:\x08\xeb=\x1e\x01\xb0\xb6\xfb\xb8|\xf3\xb7z\
\xdb\x1dX\xbft\x10\xd6{\x9c\x00X\xdb\xf9\xc9\xca\x9a\
`\xf7\xd2\x01X\xefq\x02`m\xe7'+k\x02\xbf\
O-9'\x00\xd6vcK\x07`\xd6\x05\xd7\xa4\xb0\
\xe4\x9c\x00X\xdby!\xac5\x81\xdf\xa7\x96\x9c\x13\x00\
33\xb3\x16r\x02`ff\xd6BN\x00\xcc\xcc\xcc\
Z\xc8\x09\x80\x99\x99Y\x0b9\x01033k!'\
\x00fff-\xb4D\xe9\x00\xccz\xc0\x1cI\x94\x0e\
\xc2jk1\xf9\x88i\xab!'\x00f\xc3\xb7r\x08\
aJ\xe9 \xac\x9e\x80OJ\xfaY\xe98\xcc\xe6\xe7\
)\x0033\xb3\x16r\x02`ff\xd6BN\x00\xcc\
\xcc\xccZ\xc8\x09\x80\x99\x99Y\x0b9\x01033k\
!'\x00fff-\xe4\x04\xc0\xcc\xcc\xac\x85\x9c\x00\
\x98\x99\x99\xb5\x90\x13\x0033\xb3\x16r\x02`ff\
\xd6BN\x00\xcc\xcc\xccZ\xc8\x09\x80\x99\x99Y\x0b9\
\x01033k!'\x00fff-\xe4\x04\xc0\xcc\
\xcc\xac\x85\x96(\x1d\x80Y\x0f\x18\x03\x94\x8e\xc1\xeak\
T\xe9\x00\xcc\x06\xe2\x04\xc0l\xf8\x1e-\x1d\x80\x99\xd9\
`y\x0a\xc0\xcc\xcc\xac\x85\x9c\x00\x98\x99\x99\xb5\x90\x13\
\x0033\xb3\x16r\x02`ff\xd6BN\x00\xcc\xcc\
\xccZ\xc8\x09\x80\x99\x99Y\x0b9\x01033k!\
'\x00\xd6vsJ\x07`\xd6\x85\xb9\xa5\x03\xb0\xde\xe3\
\x04\xc0\xdanR\xe9\x00\xcc\xba0\xa1t\x00\xd6{\x9c\
\x00X\xdb\xddS:\x00\xb3.\xdcW:\x00\xeb=N\
\x00\xac\xed.,\x1d\x80\xd9\x22\xcc\x91ti\xe9 \xac\
\xf78\x01\xb0\xb6;U\xd2\xf8\xd2A\x98-\xc4\xc9!\
\x84\xa7K\x07a\xbd'\x94\x0e\xc0\xac4`oI\xe7\
\xca\x9f\x07\xab\x9f'%m\x15Bx\xa6t \xd6{\
<\x02`\xad\x17B\xf8\x9d\xa4\xa3$\xf9L_\xab\x93\
I\x92\xf6\xf2\xcd\xdfrq\x02`&)\x84p\x82\xa4\
\x0fHz\xaat,f\x92\xae\x93\xb4u\x08\xe1\xf6\xd2\
\x81X\xef\xf2\x90\xa7Y?\xc0(I\x1f\x91\xf4^I\
\x9bJZE\xd2\xe2E\x83\xb26\x98\xa1\x98|\xfeI\
\xd2Y!\x84?\x14\x8e\xc7Z\xe0\xff\x00Ez\xc3\x82\
\xb5X\xae\xd7\x00\x00\x00\x00IEND\xaeB`\x82\
\
\x00\x00\x18 \
\x89\
PNG\x0d\x0a\x1a\x0a\x00\x00\x00\x0dIHDR\x00\
\x00\x00\x80\x00\x00\x00\x80\x08\x06\x00\x00\x00\xc3>a\xcb\
\x00\x00\x02\xe1zTXtRaw prof\
ile type exif\x00\x00x\
\xda\xed\x97M\x92\xdc \x0c\x85\xf7\x9c\x22G@\x12B\
\xe28\xd8@Un\x90\xe3\xe7\x81=\xee\x9f\xe9\xa4*\
\x93,\xb2h3m\xb0Z\x96\xc4\xfb\x80\x99\x09\xfd\xc7\
\xf7\x11\xbe\xe1\xa2\x22\x1c\x92\x9a\xe7\x92s\xc4\x95J*\
\x5c1\xf0x\x5cGO1\xad\xfb\x9di=?\xd8\xc3\
\xf5\x05\xc3$\xe8\xe5x\xcc\xfd\xf4\xaf\xb0\xeb\xed\x05K\
\xa7}{\xb4\x07\xdb\xcf8~\x06:\xbf\xf8\x08(3\
3c\xd0\xce\x8a\xce@\xc2\x87\x9d\xce\xe7P\xf8\x18\xd4\
|7\x9d\xf3#\xb6B\x5c\xce\xcf\xcf\xc9 FS\x18\
\xa1\x11w!\x89\xeb\xceG&A\x15R\xa4N;\xee\
Q\x1c\x8eqYD\xf2\xba\xfbg\xfd\xc2%\xdd\x0b\x01\
\xaf\xd1\x93~q?\xedr\x93\xe3\x08\xf41\xad\xfc\xa4\
\xd3i'}\xad\xdfR\xe9\xbe\x22\xe2+3\xdfWd\
r\xa5\xf8\xa4\xdf\x18\xcd\xc7\xe8\xc7\xecj\xca\x01r\xe5\
sR\x1fSY#8n\x90S\xd6k\x19\xcd\xf0Q\
\x8cm\xb5\x82\xe6\xb1\xc6\x1d\xc27Lu\x0bq\xc3C\
!\x86\xb2\x83\x125\xaa4\xa8\xaf~\xa7\x1d%&\xee\
l\xe8\x99w\x96es1.\xbc/(i6\x1al\
\x014\x9a8X\xed '0\xf3U\x0b\xad\xbce\xe6\
C2G\xe6F\xf0dB00~l\xe1\xd9\xf0\xd5\
\xf6\x10h\x8c\xb9\xcc\x89\xa2_Z\xa1.\x9e\xeb\x0be\
Lr\xf3\x0e/\x00\xa1qj\xaaK_\x0aG\x17\x9f\
\xaf\x09V@P\x97\xcc\x8e\x09\xd6\xb8\x1d!6\xa5\xdb\
\xda\x92\xc5Y\xa2\x06\xb8\xa6x,y\xb2v\x06\x80D\
\xc8\xad(\x86\x04\x04b&Q\xca\x14\x8d\xd9\x88\xa0\xa3\
\x83OE\xe5,\x897\x10 \x0d\xca\x0dUr\xc2\xea\
\x07\x1c\xec\x06\xe4\xc6;F\xcb\x97\x95\x0f3\x8e\x17\x80\
Pl\x11\x03\x1al\x17\xc0JIS\xc6~s,\xa1\
\x1aT4\xa9jVS\xd7\xa25KNYs\xce\x96\
\xe79UM,\x99Z63\xb7b\xd5\xc5\x93\xabg\
7w/^\x0b\x17\xc11\xa6\xa1\xe4b\xc5K)\xb5\
\x22iM\x15\xb1*\xfc+\x0c\x1bo\xb2\xa5M\xb7\xbc\
\xd9\xe6[\xd9\xea\x8e\xe5\xb3\xa7]\xf7\xbc\xdb\xee{\xd9\
k\xe3&\x0dG@h\xb9Y\xf3VZ\xed\xd4\xb1\x94\
z\xea\xdas\xb7\xee\xbd\xf4:\xb0\xd6\x86\x8c4t\xe4\
a\xc3G\x19\xf5\xa2vR}\xa4\xf6L\xee\xf7\xd4\xe8\
\xa4\xc6\x0b\xd4\xf4\xb3\x1b5\x98\xcd>B\xd0<Nt\
2\x031N\x04\xe26\x09`A\xf3d\x16\x9dR\xe2\
In2\x8b\x85%\x88(\xa3J\x9dp\x1aMb \
\x98:\xb1\x0e\xba\xd8\xdd\xc8\xfd\x92[\x80\xba\x7f\xca\x8d\
_\x91\x0b\x13\xdd\xbf \x17&\xba;r\x9f\xb9\xbd\xa0\
\xd6\xea:ne\x01\x9a\xbb\x10\x9a\xe2\x84\x14l?8\
Uv\xfc\xe0\xd7\xc9\xd7\xfa\x10\xff2\xc0;\xd0;\xd0\
;\xd0;\xd0;\xd0;\xd0;\xd0\x7f\x15H\x06\xfex\
(\xf8w\xea'0=\x91\x84O\xbb\xe0\xf9\x00\x00\x01\
\x84iCCPICC profile\
\x00\x00(\x91}\x91=H\xc3@\x1c\xc5_[\xa5\xa5\
T:\xd8A\xc4!Bu\xb2 *\xe2\xa8U(B\
\x85P+\xb4\xea`r\xe9\x174iHR\x5c\x1c\x05\
\xd7\x82\x83\x1f\x8bU\x07\x17g]\x1d\x5c\x05A\xf0\x03\
\xc4\xc5\xd5I\xd1EJ\xfc_Rh\x11\xe3\xc1q?\
\xde\xdd{\xdc\xbd\x03\xfc\xcd*S\xcd\x9eq@\xd5,\
#\x93J\x0a\xb9\xfc\xaa\x10|E\x18!D1\x8c\xb8\
\xc4L}N\x14\xd3\xf0\x1c_\xf7\xf0\xf1\xf5.\xc1\xb3\
\xbc\xcf\xfd9\xfa\x94\x82\xc9\x00\x9f@<\xcbt\xc3\x22\
\xde \x9e\xde\xb4t\xce\xfb\xc41V\x96\x14\xe2s\xe2\
1\x83.H\xfc\xc8u\xd9\xe57\xce%\x87\xfd<3\
fd3\xf3\xc41b\xa1\xd4\xc5r\x17\xb3\xb2\xa1\x12\
O\x11\xc7\x15U\xa3|\x7f\xcee\x85\xf3\x16g\xb5Z\
g\xed{\xf2\x17F\x0a\xda\xca2\xd7i\x0e!\x85E\
,A\x84\x00\x19uTP\x85\x85\x04\xad\x1a)&2\
\xb4\x9f\xf4\xf0\x0f:~\x91\x5c2\xb9*`\xe4X@\
\x0d*$\xc7\x0f\xfe\x07\xbf\xbb5\x8b\x93\x13nR$\
\x09\xf4\xbe\xd8\xf6\xc7\x08\x10\xdc\x05Z\x0d\xdb\xfe>\xb6\
\xed\xd6\x09\x10x\x06\xae\xb4\x8e\xbf\xd6\x04f>Io\
t\xb4\xf8\x11\x10\xdd\x06.\xae;\x9a\xbc\x07\x5c\xee\x00\
\x03O\xbadH\x8e\x14\xa0\xe9/\x16\x81\xf73\xfa\xa6\
<\xd0\x7f\x0b\x84\xd7\xdc\xde\xda\xfb8}\x00\xb2\xd4U\
\xfa\x0688\x04FK\x94\xbd\xee\xf1\xeePwo\xff\
\x9ei\xf7\xf7\x03fdr\xa2MO9\x8f\x00\x00\x00\
\x06bKGD\x00\xff\x00\xff\x00\xff\xa0\xbd\xa7\x93\x00\
\x00\x00\x09pHYs\x00\x00\x0b\x13\x00\x00\x0b\x13\x01\
\x00\x9a\x9c\x18\x00\x00\x00\x07tIME\x07\xe3\x0a\x08\
\x0f$'\x8c\xbe\xe02\x00\x00\x130IDATx\
\xda\xed]{\x9cWU\xb5\xff\xce0\xc3+\x18@H\
\xf0\x09\xcakx\x08\xa8\x84\x85\x8ez\x11\xa5\xc2\xa4(\
\x08\x0d\x13\xcd\x9b\x92h\x89\x86\xd9\xbd\xe5%{A\x96\
i\x96\x95\xa8=\xac\xd4R\x11\x15D\xb0\x12E/S\
\xe2\xf0\xd0\x01D\x01y\x0d\x12\x0a\x830/f\xbe\xfd\
\xb1\xd7\xef\xf2\xbbg\xd6>\xaf\xdf\xf9\xfd~\xe7\x07\xe7\
\xfb\xf9\x9c\x0f\xc3>\xe7\xb7\xf7\xda{\xaf\xbd\xf6\xda{\
\xaf\xb5v\x11I$8zQr\x14\xd5\xb5\x03\x80\xc1\
\x00z\x02(\x03\xd0E\xfe%\x80}\xf2\xd4\x02\xd8\x01\
`\x1d\x80\xc6\x84\x01\x0a\x1b\xa7\x01\xb8\x18\xc0H\xf9\xbb\
/\x80b\x9f\xbfm\x02\xb0\x1e\xc0\x1a\x00+\x00,\x00\
\xb0\xe9Hl\xa4\xa2#l\x0a\xf8\x08\x80K\x01L\x00\
pj\xc4y\xaf\x010\x1f\xc0C\x006$\x0c\x10/\
\x5c\x04\xe0V\x00\xe7\xe7\xa0\xac\x16a\x84\x1f\x00\xf8g\
\xc2\x00\xf9\xc5h\x00w\x0383O\xe5/\x01p\xbd\
L\x17\x09\x03\xe4\x10\xed\x00\xdc\x0e\xe0\xa6\x00\xf3\xfa~\
\xe9\xa8\xcd\x00v\x01\xd8\x0b\xa0\x01@\x11\x80\xf6\x00\xba\
\x018\x0e\xc0)\x00\x06J\x19~P'\xd2\xe7nQ\
(\x13\x06\xc82\x06\x01\xf83\x80!\x1e\xdf\xed\x05\xb0\
HF\xe9\xcb2o\xfb\xadl\x89(\x8e\xe7\x00\x18\x07\
`\xac\x0f\x86\xf8;\x80)\xc2\x5c\x09\x03dQ\xb3\x7f\
\x1e\xc0\x87=\xc4\xf2/\x01<\x1d\xe1R\xae\x0c\xc0d\
\x00_\x01p\xba\xcbw\xeb\x00\x8c\x01\xb03a\x80\xe8\
1\x02\xc0R\x00\xdd-\xef\x9f\x13Q\xbc2\x07\x0a\xe7\
\x1c\xa1G\xc3\x06a\x82\xed\x09\x03D\x87\x93\x00T\x01\
8Fy\xb7[F\xe6_rHO1\x80\xaf\x02\xf8\
\xbe\xe8\x0fN\xac\x17\xc5\xf4@\xdc\x1b\xb6\xb8@F\xff\
\xfd\x96\xce\x7fUD\xf2_rLO\x0b\x80;e\x15\
\xb2My?P\xa4D\x22\x01\x22\xc0\xb5\x00\xeeU\xd2\
\x97\x01\x18\x0f\xe0\x83<\xd3w\xa2(\x80}\x1d\xe9\x14\
\xe5\xf1\xaf\x09\x03\x84\xc7\xb1\x00\xde\x02\xd0\xc9\x91\xbeV\
F\xdf\xfe\x98\xd0y*\x80JE?\xd9\x0c\xa0?\x80\
C\xc9\x14\x10\x0e\xd3\x94\xce\xaf\x070)F\x9d\x0f\x00\
o\x0b\xadN\xf4\x819\x8fHt\x80\x90\xb8ZI\x9b\
#\xcb\xad\xb8\xe1i\x00\x8f)\xe9\xff\x99L\x01\xe1p\
\x9e\xcc\xad\xe9\xd8/snmLi\x1e\x22\xd3\x93S\
a\xec\x03`k\x22\x01\x82\xe1\x12%\xed\xe1\x18w>\
\x00\xbc\x0e\xe0%\xa5\x8d\xc7'S@p\x0cR\xd2\xe6\
\x17\xc0\xcaj\x81\xcf\xba$\x0c\x10\x82\x01^.\x00\x06\
Xn\xd9\x17H\x18 \x00:\x008\xd9\x91\xf6.\xcc\
\x01O\xdc\xa1\x1d\x0d\x97'\x0c\x10\x0c\xbd\x14\xda\xa2>\
ek\x0b\xb3\xbd<1\xe2|\xdfC\xebS\xc7\xe3\x13\
\x06\x08\x06m\x0f\xbd)\xe22\xc6\x01\x18\x0e\xe0\xca\x88\
\xf3%Zo\xfc\x1cH\x18 \x18\xb4M\x9e\x8e\x11\x97\
1\x15\xc0]0\xdb\xb5\xdd#\xcc\xb7\x0d\x80R\x1f\xf5\
I\x18\xc0\x05u\xca(\xea\x19a\xfe]\x00|J\x18\
`9\xcc\xcebT\xd0\xe8\xacM\x18 8\x9c\x8d\xd6\
M\x9e(0Q\xe6\xffM\x00\x1e\x01pY\x84t\xf7\
\xf3)\xd1\x12\x06\xf0\x80\xb6\xdd;\x22B\xf1\xbfC\xfe\
\xed\x08\xa0\x02@\xef\x88\xf2\xd6,\x86\xaa\x13\x06\x08\x8e\
eJ\xda\xe8\x08\xf2=Q:\xbc\x01\xc0\xc7a|\x09\
6\xc1\xd8\xf3E\x81\xb3}\xd6%\x16\x88\xf3Y\xc0'\
\x00,T\x1a\xf2\xbc\x0c\xf3\xfd:\x80\x0b\xa4\xf3S\xb8\
\x12\xc0\x8d\x00\x86E\xa0\x00\xbe\x8b\xd6\xc6+}aN\
\x0c\x13\x09\x10\x00\xcb\x014+\xa3\xabG\x86\xf9\xfe\x07\
\x80\xdf:\xd2\x1e\x03\xd0\xd92\x7f\x07\xc1\xb9J\xe7o\
\x8fk\xe7\x17\x82\x12\xb8J\x19a\x933\xcc\xf7\x93\x00\
\xfe\xa4\x94u\x0a\x80\x8d\x19\xe6}\xa9\x92\xf6b\x8c\xdb\
8\xf6\xf6\x00\xda\xf9\xfa\x97bJkG\x00\x9fW\xd2\
\x1fO\x18 <\xeeGk\xdb\xfe3\x00|4\x86\xb4\
N\x85\xf1\x1fH\xc7N\x00O$\x0c\x10\x1e\xbb,#\
\xe8\xe6\xb8)\xd3\x00\xbe\xa6\xa4\xdf\x87\x18\xdb\x03\xc6}\
\x15\x90B\x85\xb2\x8cj\x0104F\xeb\xeb\xcf\xc1\xb8\
\xab\xa5\xe3\x10\x8c%\xd0\xf6D\x02d\x86\x17a|\xf3\
\x9dt\x7f'Fm8[I_\x80\x02\xf0\x0e*\x14\
\xc7\x90\x9fYF\xddY1\xa0\xedJ\x98\xd03N\xdc\
S\x08\x0d[(\xaea%\x00V\xa3\xb5\x95\xd0+\xb2\
7\x90\xafJt\x86\xf1\x05\xec\xe5H_$\xcb\xcd(\
\xd0A\xca\xf9\x90(\x95\xf5qc\x80\xde0\xb6\xef\x83\
\xe4)\x87\xf1\xb3?\x08s\x08R+\xcf:\x99\xcb\x97\
!\x5c@\x85q\x00\x9eU\xd2\xaf\x02\xf0`\x9e\x18\xe0\
\xc7\x00f:\xd2\x9a`v\x14\x83\x9a\xae\x97\xc1\xb8\xa3\
W\xc0l(\x95KZ\x89C\xf7\xd9\x22yW\xcb4\
\xf3BF5 \x19\xe6)%9\x89\xe4b\x92\xcd\x0c\
\x8e\x1a\x92\x7f&9E\xf2\xf2[\xee\xd3J^\xff\x22\
\xf9\xe1\x90\xf5\xc8\xe49\x83\xe4!\x85\x9e;\x03\xe4\xd1\
\x93\xe4\x7f\x91\x5ci\xc9\xcb\x0f\xd6\x93\x9cE\xf2\xd80\
\xf5\x08S\xf1\x8bH\xbe\xc3\xe8PC\xf2{$O\xf2\
Q\xf6\x00\x92\x8dJ\x1e\x0f\xe7\xb8\xf3KIV)t\
\xec&\xd9\xd5\xc7\xef\xcf\x15\x9a\x1b#l\xc7Z\x92_\
\xce&\x03t\x22\xf9+f\x0f\x87H>I\xf2\x02\x0f\
:~l\xf9\xfd\xe4\x1c2\xc0\xed\x16\x1a\xae\xf5`\x9a\
kH\xaeav\xb1\x98\xe4\x89Q3\xc0I$\xdf\x0c\
\xc8\x8d{H\xd6eP\x89\xc1\x16Z\xba\x90\xdc\xa5\xfc\
\xe6\xbd \x15\xcf\xe09\xc7\x22\xae\xabH\xb6\xb1\xfc\xe6\
\x13$\xd7\x85h\x87=$\xdf \xf9*\xc9\xd5\x96z\
\xd32-\x0e\x8b\x8a\x01N \xb9\xd1c\xe4.\x12\xee\
?\x8dd{\xc7\xef\xcbd\xbe\xbc\x8a\xe4\xbc\x00\xd3G\
\x13\xc9\xbbIvSh\xfa$\xc9\x16\xe57/\xb8t\
B\x14O7\x92\x9b\x95r\x0f\x92\x1c\xaa|_Nr\
a\x80\xfa\xfe\x9d\xe47I\x9eo\xa9w\x8a\x86\xf1\xd2\
\x96\xfb]\xf2{\x97\xe4\x90L\x19\xe08\x92\x1b,\x05\
\xb4\x90|\x80d\x9f\x10\x0dy:\xc9\x1f\xc9\xfc\xef\x87\
\x9b\xafS:\xf6'\x96\xef\xbf\x9bE\x06x\xc2R\xe6\
t\xc7w]E\x19\xf43\xc7\xffC\x06O\xf7\x10\xf4\
t\x95\xfa\xd6[\xf2\xdeEr`X\x06(&\xb9\xcc\
\x92\xf1v\xe1\xd2(\x94\xa9)\xd2\x08^XMrx\
\xdao\xdb\x8ah\xd4\x18\xf3\xe2,t\xfe7,t=\
\xe6\xf8\xeeb\x19}nh&\xf9\x08\xc9Q\x11\xd16\
\x94d\xb5\xa5\xacU\xd2V\x81\x19\xe0&K\x86ke\
Z\x88\xba\x81\xc7\x91\xac\xf4h\xb8z\x923\xd2~\xd3\
\xdf\x22\x06\xf7zq~\x08\xda\xb4y\x7fK\x9a\xa8n\
G\xf2.\x0f\xfa[D\xfb\x1f\x98\x85\xf6\xebBr\xb9\
\xa5\xdc\xef\x07e\x80A\x16\x05\xee-Y\xbbfS\xc9\
\x9aL\xf2m\x8f\x86\x9cO\xf2\x18\xf9\xfe\x8b.\xeb\xe3\
\xae\x11\xd03\x80\xe4\xfb\x16\xdd\xe7\x9c\xb4oVz\xd0\
\xfc\x22\xc9\x91Yn\xbb2\xcb\xf2\xf4\x10\xc9\x8f\x06a\
\x80\xa5J&\x1f\xb8h\xe6Q?\xedI\xce&\xd9\xe0\
\xd2\xa0[I\x9e'\xdf\xff\xde\xf2\xcdR\x92%\x19\xd0\
\xd1\xdde\xf5\xf3m\xf9f\x9a\xb4\x8d\x9b2vy\x0e\
\x97\xa8\xbdeE\xe4D\xa5_\x06\x18\xe5S\xd1\xc9\xc5\
3\x88\xe4\xcb\x1es\xe9l\x19\xe9\xb6\xf5\xf5\xfd!\xcb\
n\xe7\xa2\x03-\x16\x91\xfb\x07\x8fQ\xffPH\xe5.\
\xd3g\xaa\x85\x9e1~\x18\xe0q\xe5\x87+H\x16\xe5\
\xa1\x22)et\x96\x874X\x22\xcc\xb2\xdd\xf2~v\
\x882\x1f\xb5\xe4U%e\xadu\xa1g7\xc9\x89y\
j\xaf\xd4\xf3\x82\xa5\x9d\x5c\x19\xa0\xdc\xb2\xbe\x1e\x93\xe7\
\xca\x80\xe4\x08\x8f\xcd\x94\xd5\xa2\xac\xd5F \xc1~a\
\xc9\xe3\x1d\xd9\x0a\xdf\xe1B\xc7\xf3\xb2|\xcew{\x8d\
\xb6\xd0w\xba\x1b\x03\xdcn\x19\xfd\x88\xc9\xd3I\xc4\xaa\
\x0d\xdbd\xbb\xb5\xc92]L\xf1Q\xc6w,y\xef\
\x95\xf5\xfa~\x17\x0d\x7f\xb6H\x8f\xb8\xb4\xd7K\x0a\x9d\
s\xdd\x18@\x9bG\xaf\x88Q\x85R\xcfu.\x9b,\
\xfbH\xde\xe1\xb2\xdb\xf6)\x97|o\xb6\xfc\xaeQ\xce\
 \x9a,\xef\xdf\x93\xed\xde\xb8\xb5\xd3\x17\x14Z7\xd8\
\x18\xe0T\xe5\xe3\x032\xea\x10\xc3\xa7\xc2e\xc3\xa5Q\
\x0e\x96l{\x09\xe3\x94\xfcf\xb8H\x96']\xde\xbd\
A\xb2_L\xdb\xa8\xa3e\x852Xc\x80\xaf)\x1f\
>\x11\xd3\x8a\xa5/y\xdcN\xd7\xaa,\xe9u$\xc7\
\xa6\xe5s\xadE\xf7q\xcb\x83$\x9f\x95\xd5@\x9c\xdb\
H\xdb\xbe\x9e\x95z\x9fn\x13\xa8\xd9\xd7-\x89\xb9\xa9\
\xd8\x161\x09{\xce\xf2~8\xf4\xf8|\xed\x01<\x05\
\x13\xfa}:\x80_\x88i\xb7\x13[%\x0f\x0d\xbf\x86\
\x09\xff\xb6/\xe6m\xa4\xf5\xe1H\xcd\x22H[\xd6\x0c\
\x8b9w\xa7\x9e\x12\x92\xbfq\x19\xa9\x9b-\xe9\x0d.\
#\x7f\xb3K~\xff] \xed\x029?qb]\xea\
}\xca&\xb0-L\x1c\x9bt\xfb\xb3:1Fl\x0e\
\xc9y\xd3p8:V#\xcc\xfd{\x8b\xc4\xae-[\
\x98\x0b\xe3\xfd\xaba\x13\x8c\xff\x9f\x1f\xd8\xbem\x16\x89\
q_\x96\xe8\xffb\x9a\x85q\xb3\x18\xc2>\x8e\xcc\xe2\
#\x95H\xdf\xb6u\xd4\xa3\x13\x80\xfa\xd4\x14P\x8e\xd6\
\x97H\xae\xcf\xa0\xf3Sf\xdb\xc3`\xe2\xe9\x7f\x00s\
\xc9\xd3B\xf8\xbf\x8c)\x0cf\x01\xb8\xc5\xf2\xce\xaf\xf3\
\xe7FK\xe77\xc2\xf8\xfe\xdd\x97E\xfa'\x0a\x03l\
\x84\x09`1Sq8\x09\x8aCJ\xbd\xdb\xa4,\xac\
S\x0c\xa0\x851\xdb\x1cA\x85*\xc5>~.\x80\x8f\
\xc1\x04c\x9a\x99\xe59o.\xcc\x0d\x22\x9a\xb9s?\
\xb8_\xfa\xb8\x01\xba\x8bx=\x80OCwV\x8d\x1a\
+\x01\xcc\x03\xf0s\x98\xd05\x13`b\x1ae\x02\xad\
/{\xa63@\x99\xf2A\xd4\x17\x1f5\xc8\xe8\xb9$\
\x07\x8dx/L\xa4qm\xba\x19`q)\xab\x96w\
N\x1c\x14\xb3\xf7EyP\xe0\x86\xc1\xf8G\x1e\xcc0\
\x9f\x1a%\xad\x0b\xd2\xc4\xbe\xc6a\xefg\xa1B\xbb\x11\
]\xa0'/< \xe2\xefA\xc5\x03j\x10LT\xef\
\xa1\xf2\xff\xf4\xbf\xb5\xce\xff[\x0e;\xfdZ\x916\xa5\
\xc2\x90\xd3\x91y\x8c\xc4}a\x18\xa0>\x0b\x95+\xce\
\xb2\x12\xe8\xc4\xef\xa4\xcc\xfb\x15&\x18\x8a\xc3\x01(\x86\
[$\xd6%9\xee|\xc0DD\xff\xa9,K\x07K\
\x1dv\xa0u\xb8\x9c \xa8\xb71@\xaaQ\x8arT\
\xb9r\xe4>\x5c\xca\x9e\x90\xcal\xdb\x00\xab\x86(\xb1\
W\xe6\xecM\x00\x9e\x81\x89fri\x16\xcaiIg\
\x00-\x90a\xd4\xda\xfa@\x007\xc8\xa6K\xae0\x1e\
\xe6F\xb1R\xe5\xddZ\x19\xf9\xc3\xd1\xfa\x92\x87\xd4\xa0\
\xf85\xf2\x1b\x91\xa4X\xa6\xab=\x19\xe6\xd3\xc16-\
\x94\xb8\xcc\x11]#\xa8\xc0e\xb2\xebT&\x0c\xf0\xad\
\x0cEY\x10L\x00\xf0\xa8c\xfd\x9b\xae\xf0\x0duL\
\x07\xd5h\xed|Z$\x8ak\x09\x80_\xe5\x88\xeeT\
\x9b\x15\xc1\x5cF\xd5\x08\xe0\x8e\x0c\xf3\xec\xea\xc5\x00\x9a\
\x04\xe8\x95a\xa17\xa7\x15\x5c/\x0d\xdc\x90\xa3F\x9c\
\x04\xe0\x0f\x96\x91\xbf\x1e\xfa]\x04\x83d\x198@a\
\x82{a\xb6\x8f\xef\xca2\xdd\xb78\x94\xe4\xf7\x11\xec\
\xcec\x1b\x8e\xf3b\x00-\x14{\x9f\x0c\x0b\xcd\xd7\xc5\
N\xd3d\x1d\xdd\xc6\xb2\xc9\xe3vy\xc3\x00\x98k\xea\
\xfa*L\xf0S\x91d\xb7g\x91\xf6l]C\xaf\xe9\
2;\x80\xc3\xee\xe1\x1d`v\xeb\xd25\xe5\x03R\xe1\
\x16\x14\x0ef\x8a\xb8\xd4\x94\xda(\xb6\x82!R\xe0F\
\x14\xceU\xf1\xed\xa4/\xd3\x07D#\xccVpS\xaa\
\xc3\xeb\x84\xf3\xd3\xf1!\xc4\xf8\xaa\x13e\x84\xce\x81\xf1\
\xd7\xd7:\x7f\x8b\xa5C[\xa0\xdf0~\x8a\xfcF\xc3\
W\x01\xfc\xd1\xa2[\xc4\x11\xc3\x15i\xb8.\xb5\xb7\x90\
>\xe2W+?>\xbb\x00*\xd8\x16\xc0C0\xe7\x00\
\x1a\xb6B\x0f\x04\xdd\x0cs\xf8\xf2\x19\x8bn\xd2\x1b\xc0\
;\x96<\xa7\x00X\x8c\xdcmje\x82\x0a%mu\
\xfa2#\x85\x7f*\x1f^\x18\xf3\xcau\x87\xb9R\xde\
\x16\xee}\x15\xcc\xcd\xe3Z\xe7_.\x8a\xe2B\x17&\
8\x19\xad\xa3\x95\xa6p>L\x88\x9a~1o\xa3q\
JZ\xe5\xff\xfd\xe5\xf0/\xd3\xec\xeb\xda\xc7\xf4\x9c{\
\xa8x*\xb9y\x0f\xd9|\x09\xa6*\xf9]\xecbg\
8\xdf\xe5\xdd\x1e\x1f1\x0d\xf2\xf5t\xb5\xd0}\xb2\xcd\
(tc\x9e\x03/\xf8}>\xebb\x9d\xdb(F\xa1\
M\x16\xcb\xdd\xab=\xf2\xb5\x85j\xb9C\x06\x84\xcdE\
\xfe\xe6\x18\xb6\xd3t\x85\xd6\x95nV\xc1Z\xf4\x8d\xbf\
\xc5\xa8B\xa5\xe2VN\x17\x8b\xe0k\x5c|\x03n\xf4\
Q\xc6\x15\x16+\xa1&\xc9{\x9bK\xf9\x8f\xc5\xccF\
p\x8d\x8bK\x9b\xca\x00gZ*6*\x06\x959\x85\
\xe4+\x1e\xbe\x82\x17\xbax\x07}/@Y3-y\
\xd4\x8ac\xc8*\x17:\xde\xb69b\xe6\xf8\x19o\x99\
\xfe\xfay\xb9\x86=\x1fC)p\x85\x8b\xf8M\xf9\xc0\
\x97\xbbX\x08\xcf\x0bQ\xe6\x5c\x17\xe7\x93r\x92\xcfy\
D\xfb\xb8-C\xc7\xd4Lm$\xb5\xb6x\xc4\x8fo\
\xe0\x85\x96JM\xcdCE\x8e\xf7\xb0\xc9'\xc9\x07\xc5\
-z\xa9\xe5\xfd3!;\xa2\xc8\xc5\xf9s\xb5\x88\xfa\
\xff\xa1{x\xb7W\x1dA-r\xf5|\xc3\x8f[\x98\
\x9b{\xb8\x16\xb1\xe3}\x11\xc3\xb9\xa8@\x1b\xf1\xfe\xd9\
\xeb1\xdf_F\xf7\xa8]U\x19:\xb6\xb4\xb3\xb8W\
\x91\xe4oy8\xe4\xdbV\x0fi07\x87\x0e6\xa3\
,\x8e\xb4\x8b\x82\xc4\x07\xf8\x98\x85\xb3\xd7D\x14t\xc1\
\xed\x19C\xf25\x8fQ_)\x9eL\xa0\x09U\xa3\x05\
\xab\xac\xa1\xbf\xd8\x83^O\x0f\x97\x80\x15)\xa9x\x8c\
\xcb\xb23\x85\xed\x12K \x9b\xbe\x83\xbd-:\xd0\x01\
\x89\xa6\x12(D\xcc\x0f-\x15Y\x91\x16\x9d#\xcag\
\xa4p\xa9W\x88\x95\xb9<\x1c]\xb4\xbbE+o\x10\
&\x8e\x8a\xb6\xd3,\xcb\xceZ\x87Ru\x1d\xbdC\xe3\
\xad&\xf9\x99,\xb8\xdb\xf7wa\xd4\x19\x0c\x11#\xa8\
\xad\x10\xab\xe1Mm>\x099\xcf^$.V^\xd8\
\xa9\xf8\xf4-\xb0|{M\x16\x18t\x92\xa5\xac\x7f\xf0\
\xff\x87\xbb\x1d\xe6\xb1JHa\xad\xecIt\x88\x80\xb6\
O[\xa2\x82\xa4\xa2\xa4\x14\x85a\x00\xd0\x043\xaa\xf1\
\xd8p\xe9\x11\x82\xe0>$o\xa5=\x04\x9ds4\xcf\
!\xd9\xd9\x91\xc7\x0d\x1ess6\x9e\x9f\xb8l\x129\
u\x98\xe94!\xee\xbc\xb0\x97\xe4/E\x97\x08:=\
\x0c\xa3=t\x1dI\xbeN\x8f\x18\xc2~\x0a\x19B\xf7\
\xb0g\x07ib\xf4L\xa2\x1e=\xacH\xb6\x1e'\x88\
\xf8~\x8d\xfe\xf1\xa4\xc5\xf3v\x04\xf5\xd8x\xaf\x8bG\
l67\xa2VX\xa6\xa6\x8fS\x0f\xeax\x97\x8b[\
\xb9\x16Y\xe4\x11a\xee\x0a\x094\xd1&\xad\x1d{\xd0\
\x04\xa6\x9aE{D\xb0t\xf7\xaf^^u\x0a\xc2i\
\xbb}Vb?\xc9M2\xba\xb7\xd2\x1e\xc4\xd0K<\
\x8euY\xe3\xae\xb5\xb8}\x9f\x96\x03-\xfbT\xcbN\
c\x8d,Gm\xb1\x8e\x9eex4\xba\xf80j\xa8\
\x96%t\xa4\xc1\xa2O\xf0\xa1\xa4e\x8a\xd7H~\x89\
\xee\xe1^\xaf\xb7\xfcvf\x0e\xd7\xd9\xd3,4\xfc\xc8\
\xc7\x0a\xe7q\x86\x0f\x0d\xef\x85\x16\x9a\xf0\xba\xbe\xa5`\
\x98\xca_\xed\xb1+\x17\x14\xf52\x85\xf8\xd1\xda\x8f\x91\
\xd37'\x961\xf7\xa1Y\x9e\xb2\xe8+\xfd}\xfc\xf6\
D\x9aP4;#l\xc7\xb7\x19\x22zk&k\xe3\
\x9b\x18.\x02vjsd\x05\xc9[\x02*\x91\xf7X\
\x82=\x0c\xc8\xc3n\xdb\x09\x96\x81\xb0 \xa0N1\x99\
&z\xe8\xf6\x10\xed\xd8Ls\x89\xc6\x84\xb0\xdb\xceQ\
\x5c\x19S\x01\xe3A\x93\xba.\xa6\x8f\xc3\x04\xa9^\xac\
\x8e\xabq\xf8\xca\x98W\xc4N-\x08\x86\x88q\x86\xd3\
\xbc\xe9\xdbY6\xd4t\xc3\x0c\xe8\x17Z\x8d\x83=h\
\x85\x1b\xfa\xc2\x5c\x17S!\xed\xd9Y\xec2Sw\x06\
\xed\x10s\xae\xf5\xd2\x9e\xcf@\x0f\x80\xe1\xdf\x96.\x02\
\x06\xd0L\xb4zJ\x07\xd7\x22\xba\x8b\x13\x97\x00\x18\xeb\
H{K\x18\xa3!O\x0c\xd0\x06\xc0\xabh\xedZ\xf6\
\x86\xa4\x1d\x8a\xb9\xb5PV\xae\x8dk\x14\xae|/\xc2\
\x06\x18\xabt>\xc4\x0e\xb0!\x8f\xed\xd7\x0c\xdd\xdd}\
\xb0\x98\xa7\xe3hd\x80l\xe0z%\xed\x7f\x11\x8f\x8b\
\x99\xff\x0a\xddu|FA\x98Sga\x0a\x88\x1a\xbd\
a\x1cJ\x8b\x15\x83\xd5\xa51\xa1\xf1\x0c\x99\x0a4\xab\
\xea\x97\x13\x09\x90\x19\xaeQ\xe8\xac\x8cQ\xe7\x03&\xaa\
\x87&\x05\xbe\x92H\x80\xcc\x15\xca\xad\x00\x8eu\xa4\x7f\
\x1e\xc6\xf13N\x18\x03\xe0yGZ\x83\x98\xa5\xefN\
$@8|V\xe9\xfc\x9a\x98\xcc\xfd\x9a.\xe0\x0c=\
\xd3\x0e\xf9u/?\x22\x18\xc0\x89\xdf\xc5xy\xf5\x80\
\x9261a\x80\xf0\xd0\xdc\x9a\xfe\x18A\xbe\x03a\x5c\
\xbb\xb6\xc9^\xc2\x1cD\xe3\xeb\xf70Z;\x8d\x9e\x0e\
\xb3\x89\x930@\x88Nr\x8a\xff-\xb0\xbbj\xf9E\
\x99\xcc\xd5O\xcb\xfc|&\x80\x8f \x9a\xdd\xc4mh\
\xedbW\x02`t\xc2\x00\xc1q\xae\x92\xf6\x5c\x04\xf9\
N\x82\xd9\xa4\xbaGF\xeb^\x00?\x80=&pP\
,\xf1Y\x97X\xa0\xa4\xc0\x18 \x8a5u?\x98\x98\
@ttZT\x81\xb1\x97\xfb\x9c\xca\x12\x09\xe0\x81r\
%mU\x04\xf9\x16!\xbbA/\xaa\x94\xb4A\x09\x03\
\x84\x9b\xab\x9d\xd8\x18A\xbe\xcd\x8a\xc2\xd7\x16\xd1\xf9\xfa\
\xef@\xeb\xc8\x9ee\x09\x03d\xce\x00u\x00\xf6G\x90\
\xef\x1a\x98\xb8\xc5\xa5\x8e\xe5f\x94w#87~\xda\
\xc7u\xba\x8d3\x03tV\x18 \x0a<!J\xe0<\
\x98\xa3\xe4\x0b\x00|W\xfe\x1f\x15\xea|J\xb4\x84\x01\
\x5c\xd0\xd1\xf1\xff\xd2\x88\xf2m\x90N\xdf\x07\xe070\
G\xca\xdfB\xb4q\x00\xb5 \x9b\xb1\xdc\x0b\x88\xf3Y\
\xc0v\xb4\x0ec\xdf1BI\x90M\xec\x87\x89\xc2\x95\
\xaewt\x84\x1e\x90*\x91\x00\x16h!\xdd\x07\x14@\
\xe7\x9f\xe0\xe8|\xc0\x84\x9dk\x8c#\xb1qf\x00-\
\xd0\xe4\xe8\x02`\x80s\x94\xb4\xf5q%\xb6\xd0$\xc0\
\x84\x02`\x80K|\xd6%\xd1\x01<\xa0Y\x02\xb5\x00\
\xe8\x8f\xdc\x87\x9c\xf7\x8bca\xce+\xda;\xd2\xcf\x05\
\xf0b\x22\x01\x82a\x8b\xb26/\x06p[\x8ci\xbe\
U\xe9\xfc\xea\xb8v~\xdc\x19\x00\x96\xb5\xf9\xe5\xb2\x8c\
\x8b\x1bFB7\x04\x9d\x17\xe7\x06\x8e\xbbIX)\xcc\
\xf6\xef\xc9\x8e\xf4\x1a\x00\xa3\x90\xa1SD\x84\xe8\x01c\
\xa7\xe8\x8cG\x5c\x0b\xe3\xec\xf1\xafD\x02\x84C\x13\xcc\
\xed_N\xf4\x829\x1a>.\x064v\x03\xf0,\xf4\
`\xd47\xc6\xb9\xf3\x0b\x81\x01 z\x80\xb6KW\x0e\
s<<,\x8f\xb4\xf5\x879\xfe=Sy\xb7\x10\xba\
\x89X2\x05\x84@'\x18\xd3\xeb\xfe\xca\xbb:\x00\xdf\
\x04p7r{\xb7\xc1U0\x97HtV\xde\xed\x06\
0\x02r)C\x22\x012\xc7\x070f\xd7\xdaqp\
\x07\x00w\xc2\x98b\x8d\xcb\x01-g\x03x\x09\xe6*\
:\xad\xf3\xdf\x15Zw\x14B\xc3\x16\x8a\x04H\xe1x\
\x18\xf3k\xb7\x8b,\xaa`n&{\x14\xd1]\xed\xde\
\x11\xc6\xbaw:\xdcw#k\xa4\xf3\xab\x0b\xa5A\x0b\
\x8d\x01R\x0a\xe0\x9f`\xe2\xf5\xbb\xa1\x01\xe6\xd2\xc7\xc5\
\xb2\x0e_\x03\xff\xfb\xf1%0\x0e\x9e\x150.h\x17\
\xa2\xf5\xe9\xa4\xc6x\x93\x01\xbcYH\x8dY\x88\x0c\x00\
\x18\xb3\xae\x1b`\x8c9;\x04XQl\x84\xd9E\xdc\
\x09c\x0c\x9a:Yl\x0fs\xc3Y/\xd1\xe6\xfb\xc3\
\xff\xbd\x89\xcd\x00~\x08`62\xbf\xe25a\x80\x80\
\x18(\xca\xdfEy*\xbf\x12\xc6s\xb9\xb2P\x1b\xb0\
\x18\x85\x8d\xf5\xa2\xf8\x8d\x84\xb9!4W\xab\x80%2\
\xd7\x9fU\xc8\x9d\x7f$H\x00m]\xfe\x05\x98S\xc3\
\x11\x11\xe7\xbd\x01\xc0|\xd1?\xaa\x8e\x94\x06;\xd2\x18\
 \x1d\xbda\x8ef\xcf\x82\xd9,*\x87\x7f\xb3\xb2f\
Q\xe6\xd6\xc8\xf2\xf2\xa9B\xd2\xec\x13\x06\xd0Q*:\
\xc3\xf10W\xa7\xa7\x9ebY.\xa6\x9e]\xd2\xd9\xf5\
GC\xa3\x1cM\x0c\x90@\xc1\xbf\x01&\x96\x9e\x8f{\
U\x02\x86\x00\x00\x00\x00IEND\xaeB`\x82\
\x00\x00\x04^\
\x89\
PNG\x0d\x0a\x1a\x0a\x00\x00\x00\x0dIHDR\x00\
\x00\x00c\x00\x00\x00c\x08\x06\x00\x00\x00\x8f;\xbe\x95\
\x00\x00\x00\x06bKGD\x00\xff\x00\xff\x00\xff\xa0\xbd\
\xa7\x93\x00\x00\x00\x09pHYs\x00\x00\x0b\x13\x00\x00\
\x0b\x13\x01\x00\x9a\x9c\x18\x00\x00\x00\x07tIME\x07\
\xe2\x01\x1e\x12\x0c*rR\xe8\xf1\x00\x00\x03\xebID\
ATx\xda\xed\x9dM\x88NQ\x18\xc7\x7f\xef\x8c\x8f\
\x193\xcc\x84\x89)\xc2Bv\x16dcV,H\x13\
\x16>J\xf9X\xf8\x88|-,lEVR6\x08\
Q\x94\xd8X\x90\x90\xc4B1\xb1\xa0\x08#\xe53\xf9\
Jaf\x183\xde\xd7\xe2\x9e\xc9\xed\x9ds\x19\xba\xf7\
\xdcs^\xff_\xdd\xa6f1\xef\x99\xf3\xbb\xcfy\x9e\
\xe7\x9c3\x0d\x08o(8\xfa\x9cRN\x9f\x1b\xd4x\
\xab\xf4>\xfa\x83dH\x86\x90\x0c\xc9\x10\x92!\x19\x22\
\x8d>\xa3\xa4\xa9\xc8\xdf\x83\x22C\xcb\x94\x90\x0c\xcf\x19\
\xf4\x87\x5c\x92\x16\xda\x9b\xfa\xfd\xcfWdh\x99\x12\x92\
!\x19B2$CH\xc6\xff\xd0g\xa4M!\xb0y\
)(2\xb4L\x09\xc9\x10\x92!\x19B2$C\xa4\
\xdeg\xe8L\x5c\x91!\x19B2\xc4@sFAS\
\x93):\x03\xd72%$C2\xfe\x1d\xe5(\xdc\x1d\
.\x0d$\xa1M\x07\x16\x01=\x8e\x9a\xceZ\xe0\x01p\
\xdc\xc7\xec\x1e\x7f\xf2`\xb3e\x1cY?\xb7|\x9ao\
\x9frFw\x0e\x9f\xd9\xa1\x9c\xe1y\xbd/\x19\xf9\x8c\
\xa5V\x09\xdcN\xcf\x1f\xde\xe0^\xa0\x0b(\xa6T}\
5\x02\xef%\xc3\xcec\xe0\x220\xd7\x12%]\xc0u\
`;\xf0\x01\xa8I)\x12;}];\xf3\xae\xa6\x1a\
\x80V\xe0\x06\xf0\xbdl<\xbd\xc0=`=PW!\
\xb9*q\xbe\xf3\x96Q\x88\xbd\xad\xebM\xc9i+E\
\x9f\x01k\x81\xe1\x92\xe1\x8e\xadf\xd9\xb2\x09\xb9\x0bl\
\x92\x0cw\x8c2\x11\xf2&A\xc8\x0d`904\xd0\
\xed\x94\xa0d\x004\x03;\x81\x17\x96\xf1u\x03\xd7\x80\
9)%s\xc9\x18\x00\xf5\xc0aSA\xd9\x22\xe44\
0[2\xdc%\xf6q\xc0^\x92\xf7\x97N\x023$\
\xc3\x1d\xd3\x80\xfd\xfc\xda\xd1\x8d?\x1f\x81\x13\xc0\x94\x80\
rG\xd02\x00\xa6\x9a\xa6\xb036\xce\xa2\xf9\xfa\x19\
\xd8e\x84H\x86\x03\x06\x13\x9dy\x5cJX\xaezM\
\x87>V2\xdcm\xdf\xb4\x02g-\xd1Q\x02^\x99\
\x0a\xacV2\xdc0\x0cX\x0c\xb4\x95\x89\xe8{\x1e\x02\
[\xcc\xf6\x8ad8\xa0\x11XAtlj[\xb2^\
\x02\x0bLi,\x19\x0e\xa8\x03\xb6\x01\xf7-\xe3\xef1\
\x11\xb2L2\xdc1&&\xe4\x87\xe5\xf7\xb8\x06\xac\xf4\
\xb0\xe4\xf5\xfe\x0c\xfco\x9bA\x80\xb7\xc0m\xe0y\xc2\
K4\x11\x98\x14J\xff\x11\xaa\x8cRYt\x8cN\x98\
\xf0\x9b\xb1R\xb82\xdas\x8fi\x01NY\xaa\xaa\xa2\
\xa9\xb6\x96(g\xb8\xa1\x198Bt\x8e]>\xfe\xd7\
\xc0\x1a\x131\x92\x911M\xc0j\x933\xca\xc7\xfe\x0e\
8\x06\x8cT\x9f\xe1\x86\xf9\xa6\x97\xb0UPg\x80\xf1\
@\xb5dd\xcf<\xe0\x5cB\xb3w\xc1\x88\x0a:G\
\x87\x22c\x82Y\x82\xba,c~\x0e\xac\x22\x8c\xdb#\
\xc1\xcbh\x02v\x00O-\xe3}\x03\xec6\xb2\x90\x8c\
\xec\xb7>\x16\xc6\x9a\xbb\xf8\xd3E\xb4\x8b;\xaeRZ\
\x09\xdfe\xcc\x01.'\xe4\x89\xbe[\x88HF\xf6L\
\x06\x0e%\x88xbJ\x5c$#{\x86\x00\x07\x12\x1a\
\xbb\xaf\xc0\x06\xb3\x1d\x22\x19\x19\xd3\x08\xac\x03\x1ea\xbf\
\x84p\xd4D\x0d\x92\x91-U&O\xb4\xd1\xff\x12t\
\x91h\xf3o&~\xdd\xa2\xafX\x19\xd3\x81\x83\x09y\
\xe2\x8eY\x9eB&\x18\x19\xf5\xc0>\xe0[B\x19\xbb\
\x910\xaft\x06'\xa3\x86\xe8\xbaM;\xfdo\x7ft\
\x02{\x02\xce\x13A\xc9\xa8\x01f\x11\x9d]\x97\x8f\xa7\
\x038Otj\x87ddO\x0b\xd1\x06\xa0my\xba\
\x0e,\x8d-O\xd5)=U>\xc9H\xfa\xd7py\
\x9c\x19\xaf$\xda\x04\xb4m}\x7f&:0\xfad\xc6\
Z\x95\xc2K\xd3\x00\x5c59(\x0f\x19\xfd\xe6\xdb\xa7\
\xd2\xb0.AD\x09\x18a\x9e\xb4\xf9\xe2\xd3\xda\xe5\xd3\
\x85\x84\x1f\x09\xdf\xcf2J%C\xf8/#\x8f\xdea\
\x84O2|\xca\x19\xed\xc0\x15SM\x15\x1d|\xdep\
\xa2?\xd4\xf4\x06\x9f\xaa\xa9\xff\x09\xeb|+g(g\
\x08\xc9\x90\x0c!\x19\x92!\xb2\xe83\xf4\xff3\x14\x19\
\x92!$C\x08!\x06\xc2O\xd8#R7\xb4\xd7D\
C\x00\x00\x00\x00IEND\xaeB`\x82\
\x00\x00\x1aX\
\x89\
PNG\x0d\x0a\x1a\x0a\x00\x00\x00\x0dIHDR\x00\
\x00\x00x\x00\x00\x00x\x08\x06\x00\x00\x009d6\xd2\
\x00\x00\x02\xe2zTXtRaw prof\
ile type exif\x00\x00x\
\xda\xed\x97Mr\x1b!\x10\x85\xf7\x9c\x22G\xa0\xbbi\
\x1a\x8e\xc3\xf0S\x95\x1b\xe4\xf8y0hd\xc9J\xaa\
\xe2d\x91\x85\x06k`z\xd0kx\x1f`\xdb\xf5\x1f\
\xdf\x87\xfb\x86\x8b\xb2\xb0\x0bj)\xe6\x18=\xae\x90C\
\xe6\x82F\xf2\xe7u\xd6\xe4\xc3\xba\xaf\xcbn\xef\xe81\
\xee\xae\x17\x8c\x90\xa0\x96\xf31\xf6\xdd\xbf \xae\x1f\x84\
\xc2\x8e\x1f\x8fqgu\xeb\xa4-\xb4_\xdc\x04ef\
f4\xda\x1e\xe4\x16\x12>\xe3\xb4\x9f]\xe6\xb3Q\xe2\
\x87\xe9\xecO\xedK\xc2\xd3\x16}~\x0e\x063\x9a\x22\
\x08\x8f\xb8\x0b\xe2\xeb\xceg&\xc1($K\x99q\xdc\
\xbd$t\xf4+\x22\x12V\x5c?\xfb\xe7.\xeb^\x18\
x\xb5\x9e\xfc\xf3u\xc7\xe5n\xc7)t\x9bV|\xf2\
i\xc7I_\xfb\xb7\x5c\xfa8\x22\xe2+3?\xa0\x96\
+\xc5'\xff\xc6hi\x8c~\xce\xae\x84\xe8`W\xdc\
\x93\xbaMe\xb5\xd0\xf1\x80\x9d\xb2\xbe\x16Q\x0c\x1fE\
\xdbV\xc9(\xc9\x17_A\xada\xaa\x87\xf3\x07\x1e2\
1\x9c\x1d\x14\xa8Q\xa1A}\xd5\x95*\x86\x18\xb8\xb3\
\xa1f\xae,+\x96\xc48s]P\xc2,4\xd8\x1c\
h4I`UAnR\xe1k,\xb4\xf2\xe6\x99\x0f\
\xc9\x1227BO&\x88\x81\xf1cq\xcf\x81\xaf\x96\
\x07\xa11\xe62'\xf2\xe9\xf2\x0a\xe3\xe2\xb9\xbe0\x8c\
In\xde\xd1\x0b@hlOu\xf9K\xee\xac\xfc\xf3\
5\xc1\x0a\x08\xea\xb29a\x82\xc5\x1f\xa7\xc4\xa1t_\
[\xb28\x8bW\x87\xae\xc1\x9f\xfb\x85\xacm\x01X\x84\
\xdc\x8a\xc1\x90\x80\x80\x8fX\xcc\x14\xc9\x1b\xb3\x11\xc1\xc7\
\x04>\x05#g\x09|\x80\x00\xa9Sn\x18%\x07\x91\
\x088\xd8\x0d\xc8\x8d\xef\x18\xad\xbe\xac|\x86q\xbc\x00\
\x84J\x14\x03\x1al\x17\xc0\x0aAC\xc4~KXB\
\xc5\xa9hP\xd5\xa8\xa6I\xb3\x96(1D\x8d1Z\
\x9c\xe7T1\xb1`j\xd1\xcc\x92e+IRH\x9a\
b\xb2\x94RN%s\x16\x1cc\xear\xcc\x96S\xce\
\xb9\x14$-\xa1@\xab\xa0\x7fA\xe0\xe0C\x8ep\xe8\
\x11\x0f;\xd2\x91\x8fR\xb1|j\xa8Zc\xb5\x9aj\
\xae\xa5q\x93\x86#\xc0\xb5\xd8\xac\xa5\x96[\xe9\xd4\xb1\
\x94z\xe8\xdac\xb7\x9ez\xeee`\xad\x0d\x19a\xe8\
\x88\xc3F\x1ay\x94\x8b\xda\xa6\xfaH\xed\x99\xdc\xef\xa9\
\xd1\xa6\xc6\x0b\xd4\xecgwj\x08\x9b\xdd$h\x1e'\
:\x99\x81\x18\x07\x02q\x9b\x04\xb0\xa0y2\xf3\x89B\
\xe0In2\xf3\x99\xc5\x89(c\x94:\xe14\x9a\xc4\
@0tb\x1dt\xb1\xbb\x93\xfb%7\x07w\xff\x94\
\x1b\xbf\x22\xe7&\xba\x7fA\xceMt\x1f\xc8}\xe6\xf6\
\x82Z+\xeb\xb8\x95\x05h\xeeBx\x8a\x13R\xb0\xfd\
\xd0\xa9p\xc2\x0f~\x9d|\xadv\xfe/\x05\xdeBo\
\xa1\xb7\xd0[\xe8-\xf4\x16z\x0b\xfdWB2\xf0\xc7\
C\xc6\xbfS?\x01\x07 \x92E.\xe2\x08\x08\x00\x00\
\x01\x84iCCPICC profil\
e\x00\x00(\x91}\x91=H\xc3@\x1c\xc5_[\xa5\
\xa5T:\xd8A\xc4!Bu\xb2 *\xe2\xa8U(\
B\x85P+\xb4\xea`r\xe9\x174iHR\x5c\x1c\
\x05\xd7\x82\x83\x1f\x8bU\x07\x17g]\x1d\x5c\x05A\xf0\
\x03\xc4\xc5\xd5I\xd1EJ\xfc_Rh\x11\xe3\xc1q\
?\xde\xdd{\xdc\xbd\x03\xfc\xcd*S\xcd\x9eq@\xd5\
,#\x93J\x0a\xb9\xfc\xaa\x10|E\x18!D1\x8c\
\xb8\xc4L}N\x14\xd3\xf0\x1c_\xf7\xf0\xf1\xf5.\xc1\
\xb3\xbc\xcf\xfd9\xfa\x94\x82\xc9\x00\x9f@<\xcbt\xc3\
\x22\xde \x9e\xde\xb4t\xce\xfb\xc41V\x96\x14\xe2s\
\xe21\x83.H\xfc\xc8u\xd9\xe57\xce%\x87\xfd<\
3fd3\xf3\xc41b\xa1\xd4\xc5r\x17\xb3\xb2\xa1\
\x12O\x11\xc7\x15U\xa3|\x7f\xcee\x85\xf3\x16g\xb5\
Zg\xed{\xf2\x17F\x0a\xda\xca2\xd7i\x0e!\x85\
E,A\x84\x00\x19uTP\x85\x85\x04\xad\x1a)&\
2\xb4\x9f\xf4\xf0\x0f:~\x91\x5c2\xb9*`\xe4X\
@\x0d*$\xc7\x0f\xfe\x07\xbf\xbb5\x8b\x93\x13nR\
$\x09\xf4\xbe\xd8\xf6\xc7\x08\x10\xdc\x05Z\x0d\xdb\xfe>\
\xb6\xed\xd6\x09\x10x\x06\xae\xb4\x8e\xbf\xd6\x04f>I\
ot\xb4\xf8\x11\x10\xdd\x06.\xae;\x9a\xbc\x07\x5c\xee\
\x00\x03O\xbadH\x8e\x14\xa0\xe9/\x16\x81\xf73\xfa\
\xa6<\xd0\x7f\x0b\x84\xd7\xdc\xde\xda\xfb8}\x00\xb2\xd4\
U\xfa\x0688\x04FK\x94\xbd\xee\xf1\xeePwo\
\xff\x9ei\xf7\xf7\x03fdr\xa2MO9\x8f\x00\x00\
\x00\x06bKGD\x00\xff\x00\xff\x00\xff\xa0\xbd\xa7\x93\
\x00\x00\x00\x09pHYs\x00\x00\x0e\xc3\x00\x00\x0e\xc3\
\x01\xc7o\xa8d\x00\x00\x00\x07tIME\x07\xe3\x0a\
\x08\x0f\x22\x10bY\xe2\xbb\x00\x00\x15gIDAT\
x\xda\xed\x9d\xf9wUU\x96\xc7\xbfo\xc8DBF\
B@\xa60\x88\x80\xa0\x22(\x0e\x94mY\x94\x94v\
MV\xd9\xab\xea?\xec\xea\xea\xae\xea\xb6[[\xd1\xc2\
\xa1\x1c\xd0Bp\x02\x04\x91!\x18 LI\xc8<\xbc\
\xbc\xd7?\xdc\xcf\xee\xb3\xf3H\x02\xc4\xbc\xbc\x9b\xe4\x9e\
\xb5\xee\x22d\xbd\xbc{\xef\xf9\xee\xe1\xbb\xf7\xd9\xfb\x9c\
T\xa1PP2\x16\xefH'S\x90\x00\x9c\x8c\x04\xe0\
d$\x00'#\x018\x19\x09\xc0\xc9H\x00NF\x02\
p\x02p2\x16\xcb\xc8\xc6\xf8\xd9R\x5c\xe9\x98\x0ab\
\xde]\x09\xc0\xf7iU\x96Kj\x91\xd4$iYL\
\x9f3'iXR\x8f\xa4[\x92\xfa\xe2\x08v6\x86\
\xcf\xd3\x22i\x8f\xa4\x9fJ\xda%\xa9\x19\xd0S1z\
\xce\x02`\xf6J:!\xe9=IG%\xdd\x04\xf8\x04\
\xe0i4w\xa5\xa4\x9fI\xfa\x8d\xa4\xbd\xfc\xbf*f\
\xe0z\x90\xc7$=$i\x13\xcf\xfa\xa6\xa4k\x92&\
\x12\x80\xef\xf4\xb7\xcd\x92\xf6IzU\xd2\xb3\x98\xe74\
\x13\x19W\x8eP-i\xad\xa4:I\x15\x92\x06$\xbd\
\x8b&\x17\x12\x80\xc3D\xd5H\xda\x81\xe6\xees\xe0N\
H\x1aES\xf21\xb36\x15X\x97\xac\xa4F\xdcJ\
\xaf\xa4\xeb\x98\xeb\xc18\x80\x9c\x8d\xc9d\xad\x97\xf4\x82\
\xa4\xe7\xf0\xc1iI\xe3\x92.I:\x19C\xdf\x96\xe1\
9wJZ'\xa9R\xd2\x0aIOK\xea\x00\xe43\
qx\xe6l\x0c\xc0mDk\x7f.\xa9\x8dg\x9a\xc0\
\x97\xbd)\xe9\xdf$u\xc6\x10\xe05\x92\xfe \xe9W\
\x08hF\xd2j\xde\xe3\xac\xa4\x1b\x08f~\xa9\x02l\
>\xecQ\x88\xd56\xfe_\xc0\x97\x1d\x01\xe0\xaf%\xf5\
\xc7\xcc\x17\xa7$u\xe3Z\xdap)\x0d\x98\xecM\x92\
\x0eJ\xba,\xe9#B\xa9B\xdc\x00N\x95\x98\xb9\xa6\
\xb8\xf7ZL\xf33\x92\xea\xd1\xe8\x114\xe0]I\xc7\
\x01;nD\xab\x80\x8f\xfdF\xd2a\xdec\x0f\x02Z\
/\xe9)I\xe7%]\x91\xf4=\xee\xa6P\xe2\xe7)\
\xdc\x0d`\xcb\x1ae\xf0)\xd5\x10\x89T\x89\x00n\x04\
\xdc\x9f2Af\x9ao\x02\xee\xc7q0q3\x8c<\
I\x8e\x8f$m\xc0d\xdb{\xac\xc2*\xdd\xe0\xb3\xbd\
%z\x8f\x02\xc23\x02\x11\x9d\xe0>\x85b\x80=\xe5\
\xdf\x8aOi\x02\xe8t\x89\x00\xaeG\xeawp\x9f\x02\
\xd9\xa0\xa3h\xc5\x858\xc5\x933d\xb3.J\xfa@\
\xd2\x16\xcct#\xef\xb3]\xd2\xef%\xb5\xf3^\x85\x12\
\x09\xd9\x18\x02t\x09bw\xd9\xbb\x85,\x00\xd6Kz\
X\xd2\xf3\x92~\x02\xc8\xf5hs\xa9Lt\x0a\x9fU\
\xc1\xef\x86%\x9d\x96\xf4\x06\xd9\xa1\xa1\x18\xc7\xc0^\x83\
F\xe1\x09o\xa2\xc5\xbb%\xd5\x12\x1b\xefU\x94\x8d+\
\x94\xf0]\xf2\x08\xd0wX\x93\xf7\x89<z%\xe5\xb3\
<\xccnI\x7f\xc4d\xae\x82<d\xe6y\x92\xceJ\
zK\xd2\x87\x84\x19y-\x8c\x91W\x94\x8b>\x02\xe1\
\xaa\x850\xd6 \xc0U\xf3\xf0\x0c\x0d\x92Z\xb1\x22\xeb\
\x89<>\x934\x90\x95\xb4\x99\x04\xc3\x8bH`\x05\x93\
n\xf6<_\xe2\xc9\x19&v|K\xd2k\x98\x9a\xdc\
\x1c[\x8b\xb4\xb3\x1a\xa6M\xf99\xd4\xaa\x1c\xcf\xfd\xa6\
\xa2\xc5\x91\x09\xe6\xb5Z\xa5[\x09+^m\xab\x05\xdc\
\x83\x10\xc0\x1b\x92Ng\x89\xdb\xf6Iz\x00p'\x98\
\xf4nT\x7f\xbc\x84\xe0\x0e\xe2\xc3>\x85T\x9d\x850\
\xcc6\xa6\xce\xe0v2\xee2\xc2X\xe5\xb2cc.\
C\x96\xe3w\x13\xee\xe7\xd9\x08\xf5\x08\x8c\xf9?`\xcf\
O\x112\xd5\x95\x10\xe4\x0aE+o\xcd\x0a\xabn\xab\
\x88J\xceH\xea\xccJ:\x00\xf2\xa6\xb9717G\
$u\x950\xc1P`R\xae\x03\xf2\xf5Y\x08\x93I\
o\x16\xce\xd0\x06Q\x5c\xad\xb0\xdcX\xe7|}\xca1\
\xcfQ\x04\xac\x87w\xee\x82\xa0\x5cE\xb0s\xb3\xb0`\
\xc3Ll7!T\x1b\xa6\xbaT!gV\xd1\x22\xc7\
\x93\x92\xfe\x093\x9dE\xb0vKz;\x0b\xb9j\xe4\
!&\x98\xec\x7f'T\xe9\x99\x07\xff;\x9b\x85\xf3\x14\
\x805\x12\xa2l\x84\xad\xae/\x02\xb8\x91\x09.^n\
,8\xf7p\x1b\x1fz\x95\x8c\xd9%\xe6\xe0\x02?\xf7\
\xa0\xe9\xf7j\xce\xc7\x11\x96\xeb*\xfd2g\x0a\xff{\
IQ\xca\xd4\x92-\xf5\xcc\xc1\x8a\xac\xa2\x1c\xaa\x85K\
\x13\xbc\xe8\x97\xd8\xf0\xb8\x85)\x16\xce\xb5\x22\xa5\xdb$\
=F6l\xbd\xc2\xaaN\xc6\x99\xec\x99&\xb8\x06!\
X\xab(\xaf<\x8eVw\xa0\x81_I:\x05\xd8\xd7\
\xef#+5\x9f\x95\x1ec0\xe8\xcb\x84f\x16\xda.\
\x93\xd4\x92\xe5\x17)\x07\xf00!\xcaD\xcc\x80\xad@\
+\xb7`\x92\xf6c}Zx\x99\xa9b\xf6\x82\xf3\xad\
F\xaaR\xce\xac\xa7\x9d\xaf6\xc0\xeb0\xed[I\xc2\
\x9c\x22\xfc\xf8\x07\x1c\xe1\xd6}j\xf4|D!c\xe0\
\x96s\xf3\x95\x91T\x93\x9dB\xc2\x0b\x8aW\xfc\x99q\
\x0c\xf192D;\xf1=\xcb\x1d8\x05G\x9e\x8c@\
\x8d\xa1\x91C\xfc.\x07\xb0\x95\x00i\x82Q\xe9B\x9a\
,V\xa2\xda\x85\x1f\xdb!.\x87%\xfd\x1d\x0d\x1f\x88\
\x91\x12L\x15\x15\xa4$\xa5\xb3s\xa8ai\xf7\xb3\x0f\
E~,K\x5c!\xe9qI/9f\xda\xa0P\x0c\
\x90\x03\xc8!\xdc\xcbyLj'f\xb5\x0f2g\xec\
\xd8\xb4\xd6\xf2\xc6\xad\x98\xe8\x8d|\xf7*\xc0\xaf\xe4s\
\x0d\x08R+\xfe~\x07!\xddQ\xdcX\xacJt\xa6\
ba?f\x98\xa9\xaba\xb2*\x9d\xa9\x1fR\xb4\x0a\
46\x8b\x98\xd3Lr;\xd9\xb5_`\x96W\x16\xf1\
\x85aB\x92Sdo\xce\x01\xec5L\xe9m47\
?\xcd\xb3\x1b!i\x81\xf1\xae\xc1\x05\xec\xe0Z\xebH\
Z\x03Y\xa96B\xca5\x10\xd1\x8b13\xd9s\x06\
p\x1a\xed\xda\x8e/\x5c\x85V\xd8\xe4\xdff\xc2\xbf\x92\
\xf4\x03`\xdc+\xb8U\xf8\xc0\x97$\xfd\xb3\xa4G\xd0\
\xa24`\x0d\x01\xe4W\x92\xbe\xe0\xdf\xd3h\x94\x17(\
\xefnR\xd3\xf8\xe6!\x04\xe24\x02\xda\xaa\xa8\xce\xea\
\x11,\xc7.4\xb7\xd6\xc5\x99\xcf\xf3\xb9&I\xffK\
h4\x12G\x90\xb3?\x02\xdc&L\xe6\xab\x8a*\x19\
Z\x8a\xfc\xe10\xa4\xe4\x0dI\xff\xad\xb0lv\xb7Q\
\x8d\xd0\xfcF\xd1b\xfaV|e\xca\x85 '!>\
\x7f\x87A\xf6Mc)\xcc\x12\x98oM\x15\x99\xf5q\
\xe7J\x0c\xf0\x1f\x00\xfcKI\x9f(\xca\xcd\xef\x07\xf0\
6\xbe\xaf\x1e\xe6\xbe\x1c\xe0\xff\x13+2\x1c7\x90g\
\x0bp\x05&\xec\xd7\xa48[\xa6\xf8\xae\xe5\x5c5\x98\
\xcb\x9e{\xc81W\xa3=\xff\x22\xe9\x97.\xddW@\
\xd3:\x14%\xd3\xdfBs\xbb\xd1\x9c\xbc{\x9fe\xdc\
\xd7HT=\x97\xe5\xd7\xcd\xb4\xf7\xe1B\x06!L\xfd\
\xdc\xc3\xea\x9dG\xf9L\x87\xa2\xc5\x84\x97\xd0\xdcv\xbe\
w\x99\xa4\x07%\xfd\x8e\xfb\xfe\x09+\x10+M\x9e-\
\xc0\xd5\x8aVJ\xf6O\x03\xae\x5c,\xb6\x09-\xf8V\
3\xaf\xefVBt~+\xe9e|a\x15\x93\xd5\x8f\
\xd6\xbe\x86\xdf\xfb^\xa1\xd0\xdcLz\x9d\x8b\x8f\x1ff\
\xf2\xd7ai\xaa]Ll\xe6y\x14\xa1\xfb\x01Ks\
\x8a\xef\xbd\x01\xe8\xa3\xce\xc7\xf7C\xe0.!\xd4;\x11\
\x9a*\x9e\xf9e,\xc2\xbf\xe2\x96F\x172\xc0\x96l\
XG\xb6$s\x97\xcf\xd60\x09m3\xe4d3\x10\
\x9a\x83S\x80{[\xd21\xb2k\xef\x01\xc8\xa8{\xfe\
\xe5h\xfa^\xae\xcd\xdc\xab\xd9\x81\x90\x9a&\xb40-\
\xed\xc1,\x9f\xe3^G\x01{\x00\x8d\xeeC\x00\xec\xb3\
\xafr/[3\xdf\x8c\x86\x0f\xf0\x9c\x1dq\x09\xa1f\
\xab\xc1\xf7\xdb34S\xca.\x0d\x18O\xa1\x1d\xb6\xd4\
f\xe0\x1eE3\x0e\xbb\xdc\xb8\x09\xd9z\xe2\xd3g\xf0\
\x89\xedd\xa6\xfc\xea\xd1T\xb1\xbd=\x7f\x8d\xcb\x8cm\
F3\x1fUT\x88`\xf9\xf8\x8b.\x8e\xbe\x88{\xb0\
E\x8a}<\xbb\xb9\x96\x97\xd0x#n\x0b\xb2l\xd6\
$\xbf\x0bsV}\x97\xef\x19C\xeb\xa6*\x067\xf3\
\xba\x0b\xcd}\x04S+\xcc\xe4qI\x7f\x96\xf46\xfe\
;\xe7\x04b\x97B\xc9\xcf6\xc2\x98\xcc\x14qx\xce\
\x99\xdb\x5cQ\x22#\xeb\x04\xa1\x82\xefm\xc0\xe2\xec\xc0\
\xdc\x1f\x86\xa5w\xbbT\xee\xdf\xf8\x9bJ\xc2\xb7z\xc8\
\xd6N\xb8\xc3U\xe7\xd3\x0b\x0bQ\x83G`\x99Gy\
\xb9\xa6i\xb4y\x14p\xff\x81\xf4OLa\x9a\xd7A\
^\xf63\xb9)\xbe\xff\x14>\xd7\x83\x9b!\x166m\
\x7f\x9e\xb0\xa5\xd2%>F\x00\xe3&W\x8f#Tc\
\x08T\xad{\xee\x15hp\xb3&\x17\xb2\xef\xc6\x05\xad\
!\x0a8\xa2\xd0\x96r\x0d\xe0\x8d\xcc=\x86\xc04\xf2\
lg\xc9\x0d\x7fWnS=[\x80Ga\xb1\xad\x10\
\xa9\x1dLX\x85K\xb6\x8f`\xae>PT\xa5\xd1U\
D\xb0RL\xce>H\x98%1rL\xce!I\xef\
0\x99\x1e\xdc\xe7a\xd9\xcf8\x82ga\xd9-\xb2X\
'\xb8\xbeE\x9b\x86\xa6\xc8d\xd5\x00\xe06\xac\xc1N\
L\xfc\x0a\x85j\x8c5\xf0\x02\xebr<\x5c\x04\xf2!\
>\xdf\x82\xb6g\x99\x93\x17\x00\xb7KQ\xe9La\xa1\
\x01le*\x06\xc0S\xf80\xcb\x0d\x8f\xf0r\xdf\xa0\
\xbdS1\xcb\x0a\xe7Cw:R\xd5K|\xfb.\xac\
u\x1cPZ\x14\xady\xfeAQ\xef\x92u\x1dN\xf0\
7V\x93\xf4!\x04\xa9\x1b\xad\x1d\x9dF\x8b\xd2X\x97\
o\x11\xc2MX\x91\xe7\xf0\xa7\x0d\x0e\xb0g\x9c\x85:\
\xc4\xbb\xe7H\xb6\xbcMf\xcb\xd6\x9f\xab`\xf0\xcf\x10\
6}\x89\xe5Xp\x99\xac\x1c\xe0\x1e!\xffk\xd5\x84\
\xb6\xae<\x80\x89\xec\x9e\xe2\x05M{\x9f\xc0\xbcYn\
y\x18p\x0e\xa3\x81\x96\xfdj\x80\xb5\xbe\xc2\xc45\xbb\
\xc4\xc75b\xe3\xb7a\xc0\x9d\xdc;\x7f\x0fB:\xc4\
u\x83\xbf\xbb\x80P\x1et\xe6\xbf\x02\xe0\xf6!\xb8\x03\
\xdc\xaf\x17\xe11\x01y\x88g\xb4\xd8\xfb\x09\xc0=\xab\
\xd2\xd7E\x97,\x17m1\xea\xc0\x0c\xa1Ha\x9a\xfb\
\xb61i\x9b\x9d\x99\xbd\x85\xf6~\xe1L[5a\xd3\
\xaf\x9dYN3\xb9\x1dh\xd4\xeb.\xf11\x9bZ\xab\
<\xefq\x06\x81\xb9\x86\xef>\x88\xd9\xaeF\xa8\x9e\xe6\
\xb9\xae\x92\xfc\x18\xc2\xbf\x7f\x0e\xc0\x96\x98\xb1<\xfan\
\xb2a\x83\xe5\xd2\xe2\xb9ZM\xba\xdf%F\xab<\xdc\
\x86v\xa4\xd0\xd6\xf3\x98\xd8N\xe7/W\xc3\x94\x9fC\
\xa3\xd2.\xa5\xf8\x86\xa2\x1a\xa8\x13\xf7\xa8\xb5w\x1b\x13\
\x00\xfb\x19\xdf7\x86\xd5\xd8\x00hm\xb8\x87\x8b\x08A\
\x07\xf74\x22\xb9\x1fKV\x8b\xbb\xdaNdp\xa9\x5c\
\x00\x97c\xef\x0b\xebj\xd8\x03\x89\xc98\xed\xfd\x02_\
:\xe0\x04a\xa7\xa2\xc2@\xeb\x1a\xc83\xb9\xefI\xfa\
\x0b&\xb5_sWAa\xc5\x80'$\xfd\x15.p\
\xcd\x09\x9cuB\xee\x02D\x8b*\xce\xe2\xae\xba]\x84\
\xd0\xeer\xd6\xa9\xa5\x02p\x06\xe6\xf9\x08\x04\xc6&\xb5\
\x13\xcd\xb9\xe9&s-\x04n;`[c\xdaQB\
\xa8\x93*M\x1f\xae\xe5\xbe\xbf\x05\xe4\xa3\x98b9\x97\
\xf1\x1c\xcfgq\xf7U>\xe7\x931\xad,\x96X(\
\xb7\xe8\x01N)Tg\xac\x85\x90\x08\xf3l\xbd\xc0\xfd\
.7\xbd\x0d\x80\x9b\x9ci>\x0f\xa99>\xc7\x9a;\
\x1d\xbf\xf8\x1a->\xeb\x12-\xd6\x0b\xbcEa\x89t\
\x10\x92\xf6\xbd\x13\x86J\xc0}\x90\xf7^\x12\x1a\xdc\xa0\
P\x95a\xe6\xf9&\x13s\xd3Mb\x13\x00ou!\
\xd4 \x84\xe6\x13Lz\xa9\x93\x08yL\xeeG0\xe2\
~G\xfc\xd6\xb3\xa8\xd1\xe6\x22\x87n\x124\xb7\x9c@\
7\xf3\x0euKE\x83\x1b\x01\xb8\xd6Mb\x17\x00\xdb\
zj\x16b\xf3\x10\x9f\xcf\x10jt\x12\x0a\x9d\xd3\xfc\
\x95\xca\x8cA\xa6\x8e\xa3\xa1\xe3\xbc\xc7r\xfc\xb05\x7f\
\x0b\xf7q\x06\x80\xcdm\xf8\xf7M-\x05\x0d\xaeW(\
\x851\x80\xaf3\x89\xa3.\x09\xb2\x91\xab\xc2\x11\x99\xd3\
\x90\xb0R\x9a\xe6\xe9\xfc\xf1I\xee?\xee|\xf1VG\
\x14\xc5\xe7.\xba\xbc\xb5\x09\xc2\x03hpj)hp\
\xad\xc2\xf6H>+v\xc5M^\x96\x89[\xe3B9\
\x03\xb8\xb3\x0c\xf9]k\x13=\xa7\xb0\x80PA\x08g\
\xa5J)\xb4\xdd\x92;\xa3\xees\x8dE\xa9\xdcE\x0b\
\xb0\x95\xc06)\xb4\xca\xd8zk\xafc\x9f\x95\x08\x81\
%5L\x8b\xce\xbb\x90e>\x87\xf9\xd7N\xa7\x9d\xb6\
\xdc\xd8\xaa\xc9[>\x8d!\xb0\xb63\x81\xad\x98\xb5\xa8\
\xb4m,e\x07\xd8\x96\xe4j\x15\x1a\xc1l\x91\xa0\xdf\
I\xbcmehm\x18F`\xfa\x99\xb8r-\xc1\x8d\
+l[\x98s\x02\xdb\xe8R\xad\xa6\xed\xbd\x10B\xff\
\xde\xf5\x9a\x9fV\xd2\xb2jp\x85\x03\xd7\xfc\xdb\x88&\
\xd7U\x99\x96W\x17MZ?\xc2P\xae\xbeac\xf1\
\xb7\x1d\xc0i|\xab\xef \xb4\x9e'_Jk\xabW\
\xd9\xc5\x0epVw\xee\xfb1V4\x19\xc5\x9d\xff\x06\
\xf0\x80\xca_\x7fl\x1d\x89\xf9\xa2g\xf5\xed?f\xa6\
\xc7\x8b\xe6\xb9J\xf3\xd7T_V\x92U\x5cJ3\xd3\
\xe7\x8a5\xa8\xdcc\xba\x9c{\x1c\x9f\xb5,\x00[\xed\
q\xa1\xc8?e\x8b@\x1f/\x8as3\x0a\x0d\xce\xe5\
\xdc\x98\xb4R\xa1\xd3\xc1kk\xb1\x05\xca\x16ik\x9e\
w\xca/v\x80\xad\xf1\xba\xd8\xc4U;\xe0l\x9dv\
\xd4M\x9aUOV\x97\x11\xe0\x94\xc2Zo\xa6(F\
\x1e*\x02\xb8F\x93s\xcfV\xe1\x92[\xcc\x00\x9b\xb4\
\x0f),\x80\xdbd\xd49\xdf<A\xd8\xd4\xe7>\x97\
\x99\x82Y\xcf\xf7\xc8(\xd4qe\x9cE\xba\xad\xc9\x9b\
\x81gyN\xeb\xc6(\x14q\x88Eo\xa2\x8d\x89\x8e\
\x17\x85\x10>7=B8b\x1b\x88Y\x11\xfd\x06E\
\x89\xfeT\x19\xe6\xa9\x9e\x8c\x94m\x93\xe0c\xde\x1e\x85\
\x22|\xab\xce\xf4\x99\xabQ>7\xef]\x0f\xf3\x0d\xb0\
\xad\xb5\xdet\xd2\x9cA+\xda\x1cs\xce\x91\xd9\xba\xea\
\xb2V5\x8ar\xd3k\xcb\xc0Fm\xdb\xc5\x8d\x84p\
\xb6\xb2u\x83\xc4\xcb\x10\xeff\xda\xdb\xec\x92\x1a\x16\xe2\
Y\x89\xcf\xa2\xd6`\xf1\xb2\xb6\x1b\x9b\xf9\xac\x15\x0a\xdb\
\xf2\x1a\xc0\x17\xb9|\xeew\xbb\xa2\xc4\xfd|\xfb\xe2*\
E+[\x0f\xb9g\xb4]u.\xbbg\xac\xe1=\x9a\
\x9d5\x1aD\x08\xe6\xa2\xe2$\xf6\x00[\xb7\xc2\x05\xa4\
\xde\x9ea\x95\xa2z\xa6*G\xc6.(Z\x83\xb5\xb8\
\xb3R\xa1Bb\xdd<&\x0d*x\xbe\xdd\x8a\xd6\x7f\
+4y\x01\xe2\x92\x03\xaeN\xd1\x02D\xb3\x13@{\
\xdf\xb2l\x10^\x0e\x0d\xeeQ\x94\xb4\xefs\xfeu%\
\x93g\x04\xc6V\x98Nkr\xe9l\xbd\xa2N\x82'\
5?e0\xb6\x1a\xf4\x84\xa2^a\xbfYy\x97\xa2\
\xb2\x9e\xab\xee=\x1a\xb02+\x1c\xc1\xeaFP\x07\x96\
B\x1cl%7\x1d\x98\xadQ'\xf9\xed\x0a\x95\x0f\xd6\
\x1e\xf3\xad\xa2b\xb6\xdb\xfc\xaeRQ\x91\xbd\xed\xa7Y\
\xea\xe4}5\x96\xe5g\xdc\xd7\xb4\xb7W\xd1\xba\xf4w\
N3m3\xd7m\x0a\xdbR\xe5\x10T\xb3DZ\x0a\
\x1a<\xceK\x9fR(P3\x12\xb3\xd7\x99\xb7\x09L\
\xdb'\x0ak\xc5\xa6%\xfb\x155\x87\xb7\x17\xa5\x09\xe7\
:\xa9\xd1\xce}\xac\x16\xdb\x1f5\xf0\xbeB\x17\xa1\xd5\
_=\x06\xd3\xaeT8v\xe7\xbc\xa2U\xa8\x91\xa5\x02\
p\x013}\xdc\x997\xc1\xa2\x9fP\xa8C6\x7f\xfd\
%\x93i\xcd\xe3\x19EU\x14\xbfP\xd4\xe85\xd7 \
\xa7\x1c\xb8/smP\xa8\xe8\xecR\xb4\xed\xa2\xaf\xdd\
\xb6\x02\x85g\x9dy\xb6r\xda\x13*\xdd~\xd1\xb1\x04\
\xd8\x98\xf4\x09\x85\x1e\x5ca\x9a\xb7**\x86\xb7^\xe2\
<\xda\xf2\x8e\xa2\x8a\xc5\x1e\xc7j\xb7*\xea\xae\xff\x1d\
\xe6\xb3v\x0e\xde\xc7\xd6x\xb7\xf3\xbd\xbf\xe7>\xd5\x8e\
0\x1dSTl\xff\x83\xe3\x06m\x90\xb0\x87q7\x16\
\xcb\x9fA\x10\x06\xcb4\xcfe;\xb3aL\xa1\xbe\xea\
a\x00\xf2\xcde'\x15\x16\xcdm\xeb\xfc\xd71\x93{\
\x99\xc4ZE5Q\xb5\xf8\xbc\xbfa\xf6o\xe8\xfe[\
E,\x7f\xdc\x8a\x0f}\x11\x0b\xb1E\xa1\xf2sPa\
_h\xab\xe8\xb4L\xdc#<\xf7J\xde\xc3\x1a\xe8\xbe\
\x82P\x8e-5\x80mw\xf7O\x91\xfc\x0d\x0a\xad\x98\
\xbb\x14\xd5\x1c[c\x98\x95\xc1\xbc\xaf\xd0lm\xc0\xd6\
@\xcc\xfe\x08\x19:\xac\xa8\xea\xf2\x0a\xda6\xac\x99\xcb\
{l\xbf\xac\x06|\xe7\x1e\x08\xd5\x13\x84F\x16\xb6Y\
\x8d\xf4\xeb\x08\xd2-\xacK\x05\xcf\xfe\x13\xfe\xb6\xd6\x85\
P_ \xc0e=\xd3\xb0\x9c\xa7\xae\x8cb\xc2>U\
\xd8\x8a\xc9\xce\x1f\xfa9\x1an\x9b\x84Zf\xeb\x7f\x9c\
\x196shm\x9e\x16\x83\x9e\x84y\x9f\xc0\xbc\xf7+\
l\x13l\xf9o\xdbvx9\xe4n\x17\xa0\xee\xe4\xff\
\xf5\xce\xe7\x0e\x10\xae\xfd\x05\x80/+\xb4\xb3\xb6\x22\x10\
/\xf0\xdc\x19\x85\x86\xf7Ox\x86\xb12\xceqY\x01\
\xce\xa3e\x1f+T'\xaeP\xd8\xf3\xe2e4\xf7\x90\
\xc2\x8e\xaf\x1d\x8a:\x1a\x86\x14m\xb3\xb4G!\x87m\
{r<\x00`\xd7\x10\x8a.\xfe~\x00\xa1\xb2=\x96\
\x9b\xd0\xd25\xf8\xd0U\x0a\x85q\xb6@\xd0\x8b\x99\xfd\
/x\xc0E\xe7w\x1b!U\x07y\xfeJ\x17B}\
\x88\x90\xf5h\x09\x9f\x9bd!\xd39\xcc\xef\x16&\xcc\
\xfc\xeb\xe3\x08@?\x13v\x1b\x90/(j:\xeb\x01\
\xc0g\x01\xa9\xda\x01\xddDZ\xd1\xba\xff\x061\xd7\xe3\
\x0a;\xf3\xd5\x01\xe82M\xdeC$\x8f \x5cF\x0b\
\x0f!\x84W\x14\x96\xfb\xac\x93\xff\x15\x84\xccz\x94\x06\
\x14\x8e\xda\xf9N\xa5\xdbL}\xc1\x00l\x89\x8f\xcf\x9d\
&mWh\xd7|Va\x13\xd1\xcf\x14*/\xad\xf1\
\xfa2q\xe6S\x0a]\x06\x95\x8e4-w\xacV\x9a\
\xbcf\xeb/\xab\xd4\xb0~\xe3S\xb8\x8e\x0f\xd1\xe0^\
\x17\xef6\x91I{\x15\xdf\xdb\xaa\xd0\xcez^\xd1\xce\
w\xc7\x5crfI\x03,&\xee\x0aZ\xbc\x06\xed\xb5\
\xd8\xb6\x0dvj9akN\xb36\xcf\xa3h\xf4\xd7\
\x0a;\x05\xac\x83\xcd68\xb0\xd3\xd3\x08\x97\x08gn\
+4\x81\x7f\x83\xe6~\xc1\xefF\x5c\xfc\xbd\x02p_\
\xc1\xf7\xaev\xac\xb9\x13\xcd}\x07\xc1\x8b\xc5\xa1\x22q\
9^\xd6L\xf5k\x00sP\xa1]t\xb5\xa2c\x07\
\xcc\xa4~\x8c_\x1dQ\xd8\xa8\xac\x97\x84\xc8FB\x96\
]\xfcl\xb5\xc8\xb6I\xb8\xdf\x08m\x5c\xe1l\x8a\xf3\
\x10\xa2\xaf\xf0\xb3\xb7\x14v\xe5\xb1\xaa\x93\xd5X\x94\xdf\
\xf2o\xab\x03\xb7KQ;\xeb_\x15\xda[\x94\x00<\
y\x0c1\xc9\x7fB\xf3\x0e(l\xa1\xb0\x12s\xd8\x82\
\x96\x1f\x06\x94>\x85\x9ai;i\xe4\x0c\xe6\xbb\x91\xbf\
[\xc9\xcfV\xd3\xe5\x8ff\xbf\xce\xdf\xf4(Tf\xf8\
\xd2\x5c;\x0bb\x03\xcc\xfe%\xacD\x93\x03\xf7:\xcf\
\xf3g\x18|\xac\xce{\x8a\x13\xc0\xe6\x8f\xbfT8\xe6\
\xee\x80\xc2i0\xcd\x10\x9a\x16X\xeb{\xf8\xc9k\x0a\
\xf5NV\x1f\xd5\xe5b\x5c+\xb4\xafp\xd9\xb1\x1c\x7f\
3\xa8\xb0\x97tq\xd1\x5c\xb5\xc26\x13/\xf0o\xbb\
B\xd3\xdc\x18\xf7~[\xd1.\x03e\x8fy\xe3\x0e\xb0\
1X;\xde\xce\xf6\x9c~\x11\x0d\xaaF\x0b\xb7\xe1\x0b\
7\x93$\xf9\x1c\x1f\xdc\xe9\x12\x1b\x06\xe2\xc0]\xd2\x84\
\x1e\xd4\x8c\x13\x8a5\x98z[&\xdc\xa1\xc9\xbb\xe9\xda\
\xfe_\x87\x08\xa1\x8ec\x01bw\x98W\xdc\x006\x90\
\xfb\x01y\x18\xffz\x00\x96\xbc\xdc%\x18\x1a\x09\x85v\
\x03\xf0i\xfc\xdfe\xcc\xa6u \x14\xee\x92{63\
\xbc\x12`\xdb\x11\xa2Ga\xf4\xcdE\xda\xdf\xc7\xbd\x0e\
\x13\xae\x9dT\x99\xaa5\x16*\xc0\x06\xf2 \xe6\xba\x87\
l\xd6\x8b\x8a\x96\xe3\xac\x9b\xaf\xca\xf9\xd7\xdd\x98\xe5\xb3\
\xc4\x9f\x17\x14\xce?\xb26\x12;\x98\xc3@\xb5\x1a\xe7\
\x06L\xf1FL\xff\x83\x0a\xc7\xfb\x15\xef\xa0\xd7\xc53\
\xbd\x03\xc0\x97\x14\xd3\x8d\xc0\xe3\x0e\xb0\xdc\xa4\x9eG\x1b\
\xbf\x07\xe4g\x15\xd5e\xd9N\xaf\x06v-\xcc\xfbi\
@\x1d\x80\x0d\xdb\x86hf\xbe\xfdy\x0d\xcd\x5cVs\
]\xbc\x87\xa5\x15\x1e\xf4\xc0\xae?\xc6\xe7~\xcdw\x8f\
+\xe6#\xab\xf8\x0f+\x10\xf8\x0c\x8d9\xa6h\xc7\xbb\
'1\xa9\x06N\x05\x97%6\xec\xe8\xd5\xb1\x19r\xd1\
\x95NKSE\xb1\xf9(\x82q\x05w\xf1\x1e\xda{\
%\xce&y!\x02\xec\xfd\xf2\x10\x9asF\xd1\x86i\
\x8fc\xb6\x1ft\xbe\xd2\x9f]X\xa3\xb0\x93\xc0\xdd\xbe\
?\xc7em\xa2\xdf\x03\xe81\xee\xd7\xe12Z\x0bf\
d\xb5\xb0\x865b\xf7*l:\xfa\xa1\xa2<\xf6&\
\xd8\xf6:|j\xbd&\xf72\xa5\xa6`\xcf\xbe\xeb\xa0\
\x0bf\xdc\x81[8\xc7\xbf\x97\x9c\xc6\x16\x16\xd8|-\
8\x80\xe52Q}\x8a\xd6hm\x03\xb2\xd5\x8aJy\
\xd6A\x92Z\x14\xf6q\xb6m\x82}\x1cl\xad\xa0}\
\x8e\xc8\x19\xc0\xb6\xdfsn\xa1\x02\xbb\x90\x01.\x06\xda\
\xd2\x8eF\xc4\xac\x07\xd9\xce%\xb4\x03*\xad?\xd7V\
\x8b\x86\xf8\x9b^\x85~\xa9\x9c~\xdc\x11\xb3\x09\xc0%\
\xf4\xd1y\xdd\xd9t}\xddi\xeeT\x07D/*0\
\x173\xc0\xf7\x0a\xfa\x92\x1bi%c\xb1\x8c)wE\
Hkr\xa2=\xad;;\xee\x93\x11\xff\x91\x99\x02\xb3\
\xbc\xa4\xf1,l\xd1\x8eY\xb5m\x81\xd6*\xb4E&\
#\xde\xc3\xf6\xe0jQh\x8e\xb7$\xcf\xed\xac\xa2\x14\
\xdcz\x85\xcd\xbc\xda\x15\x15\xbc-\xd7\xcc'\x95%#\
\x1e.\xb6IQ5\x8b\xb5\xd5\xfa\x93gnd\x15\xed\
\xa4z@\xe1@\xa9\xf5\x8a\x0e\xbe\xd8\xc3\x87r\xc9<\
\xc6\xda4\xdb\x89/V>dg;\x9d\x91\xd4\x9dU\
T$\xb6\x9a\xcbvc[\xcb\x1f\x96\xed0\x89d\xdc\
3\xb1\xb2\x98\xdf\x1a\xce\x07\x14\x95\x1e\x1d\x91\xd4\x97U\
\x94o}]\xe1d\x93:>\x5c\x97\xcc\xdf\x82\x19\x96\
\xf4\x19P\x94;\x7fK\xd1\x8a\xd7HV\xa1-\xc4v\
}\xdd\xabP\x0b\x95\x8c\x851\xc6\x14%u\x0c\xdc\x0f\
\x14\xd5\x9aM\xa4\x0a\x85\x82%<V(*(\xdb\x8b\
MoVXJKF<\xb5\xd6v\xfa\xe9Q\xb4\xf8\
r\x0c\xcd\xbda\xdc\xc9\x006FV\x89i6\xda\xbd\
,\x018\xd6\xc36>\xed\x06\xd4\x01x\xd3\xff/i\
z\x80\xbd\xe3\xb65\xd5t\x92\xf0X\x10Zl\x8b$\
w\x829\x05\xc0\xc9Xd\x81r2\x12\x80\x93\x91\x00\
\x9c\x8c\x04\xe0d$\x00'#\x018\x19\x09\xc0\xc9H\
\x00N\x00NF\x02p2\x12\x80\x93\x91\x00\x9c\x8c\x04\
\xe0d$\x00'#\x018\x018\x19\x09\xc0\xc9X`\
\xe3\xff\x00\x84\x89\xe7\xbf\x92\xd1\xb4\xae\x00\x00\x00\x00I\
END\xaeB`\x82\
\x00\x00\x12X\
\x89\
PNG\x0d\x0a\x1a\x0a\x00\x00\x00\x0dIHDR\x00\
\x00\x00\x80\x00\x00\x00\x80\x08\x06\x00\x00\x00\xc3>a\xcb\
\x00\x00\x0aFzTXtRaw prof\
ile type exif\x00\x00x\
\xda\xadYm\x96\xe3*\x0e\xfd\xcf*f\x09 !\x04\
\xcb\xe1\xf3\x9c\xb7\x83Y\xfe\x5ca'\x15'\xe9\xaaJ\
\xcfK\xbac\x87\xd8 t\xaf\xae$\x97\x9b\xff\xfdg\
\xb9\xff\xe0\xc5Y\xc8E\xd1\x9cJJ\x1e\xafXb\xa1\
\x8a\x93\xec\x8f\xd7q\x0c>\xee\xcf\x87\xa1\xfd\xfd2\xee\
\xee?\x10\x86\x18G>\xbe\xa6y^_1._7\
h<\xc7\xdbu\xdci?\xe7\xc9\xe7D\xe7\x0f\xb7\x09\
\xd9V&\x9c\x8c\xd3\xa2s\x22\xa6c<\x9c\xdf]\xa1\
\xe3\xa4\xa6\x87\xed\x9c\xffY\xf7\x14\xf7\x8b\x9f\xbfG\x85\
3\x86`\x90\xc9\xd1\xe4\xc0~\x7f\xd2\xb1\x12\xc3\x0a.\
\x5cm\x1c\x9f\x9e3.\xf4{\x849\xed\x917\xfes\
w\xd7\xbdq\xe0\xfd\xec\xc9\x7f\xbe\x9f\xe3\xfc\xe5\x8ec\
\xa2\xdb\xb6\xd2\x93\x9f\xce\xf1 \xef\xfd\xb7\xbd\xf4hQ\
\xa0\xfb\xca\xf4h\xd1\x8a7\x17\xbf\xfao\xad\x91\xd7\x9a\
\xc7\xeejL\x0e\xeeJ\xe7\xa6n[\xd9g\xb8\xb0\xc1\
\x9d\xbcoKx+\xfe\x0b\xceu\xbf\x0b\xde\xd9W\xdf\
\x83-\xd6}s\xbe\xe1K\x09\x04\xcf\xae\x10\xc3\x085\
\xac0\xf7\xb1\x87\x0e\x13#MR\x1c\x89:\xf1\x1e\xcb\
\xacT\xa8oP\xa2\xbd\xc3\x22u@cp\x06V\x1d\
\xc81\x86\xe9nK\xd8\xeb\x16[\x0f\x8be\xac<\x02\
\xae\xa4\x80\xc9\x80\xf1\xf5\xed\x9e\x07\xfe\xf6}\x99h-\
\xa3y\x08>\xdf}\x05\xbb\xc8\xf8\x053\x0c9\xfb\xc4\
U\x00$\xac\xd3\xa7\xb2\xfd\x1b\xdcq\xf0\xcf/\x03\x96\
\x81\xa0l7gl\xb0\xfavL\xd1$|q\x8b7\
\xce\xec\xc5\xe1\xd2\xe8\x0f\xca\x07\x1d\xe7\x04p\x11\xd6\x16\
\x18\x13\x18\x08\xf8\x14XB\x0a^\x894\x04\xf81\x03\
\x9f\x0a\xcb\x89#5 \x10\xc4\x09\x0dXI\x11\xec\x07\
8\x88\x06\xac\x8d{4\xeckI\xe8\x18\x86\xbc\x00\x08\
A\x88(\xa0A\xb8\x00\xac\x18%&\xc4[\x06\x85\xaa\
\x13\x96(\x22IT\xb2\x14\xa9\x89SL\x92R\xd2d\
:U\x955\xaahR\xd5\xacEk\xe6\x1c\xb3\xe4\x94\
5\xe7\x5cr-T\x182&\xae\xa4\xa2%\x97Rj\
\xc5\xa25V\xccUq}\xc5@\xa3\xc6-6i\xa9\
i\xcb\xad\xb4\xdaA\x9f\x1e\xbb\xf4\xd4\xb5\xe7^z\x1d\
4x@\x02\xdcHCG\x1ee\xd4\x19&\xa84\xe3\
\x94\x99\xa6\xce<\xcb\xac\x0b\x5c[\xbc\xe2\x92\x95\x96\xae\
\xbc\xca\xaaw\xd4NT\xaf\xa8=#\xf7=j\xe1D\
\x8d6Pv\x9d~\xa1\x86a\xd5\xdb\x14\xc1\xe4D\x0c\
3 F1\x00q5\x04@h2\xcc|\x0e1\x92\
!g\x98\xf9B\xec\x98\x85`\xa5\x188#\x18b@\
0\xce@\xb2\xc2\x1d\xbb/\xe4\xfe\x88\x9b\x83w?\xc5\
\x8d\xde!\xe7\x0c\xba\x7f\x039g\xd0= \xf7\x8a\xdb\
\x1b\xd4F\xddr\xcb\x1b \x8bB\xf8\x14\x0a\xc9\x08?\
\x5cT)\xe3\x1f\xd2\xc9\x07\xc7\x14\x1by|\xa5\x19]\
\x8a\x00\xd6\xeb\x08\x92\x1b\xc5A\xb1\xe5\xc5\xa1)\xd2\x05\
\x5c]\xd3\x8c\xc3\xb2\xa5\xe0w-\x0c\xd7\xfe\xe1\xab\xfb\
\xfe\xe7_}-\xb0d\xb8\x0e\xff\xe6Qe\xf4\xbch\
v\xe5\xd6T#T3\x08\xdc\xfd\xfb\x9d\xba\xfb@&\
8j2\xb4\xc0$kM\x15\xc4P\xd0\xb2 \xe1\xd9\
\xc6\xb2.\xc6\xda\xbd\xd8-%\x8d\x12\xe0\xa2\x0c\xde\x84\
\x22\x5c\x1c\x0c\xe9T2\x14%H\x1d+q\xd3\xb5\xca\
\x84\xf3KeX\x98\x96M\xc2\xdd>\x85\xa3\x0f\xd8\x8d\
\x80\x0a#\xcfac\x13K\xcd\x9a\xb2[-\x0c\x0b\x22\
\x80<\xf6\xe6\xe3x\x98\xd1\xfb\xeb\x9c0\xd5\xe6|\x9d\
q\xbas\xc2s>X\xfe~\xc6\x1fmt\xafF\xbe\
\xb71('dBM\xb3O\x84E\x0a\x19)\xae,\
\xa9}\xc1q\x12\x1c|7z\xed\x1c\x06\xcc\xa4bc\
Q\xacn\xf9\xf5\xf1@\x04\xcc\xde\xa0lH\x10\x11\xbe\
m\x93\xf3\x8a\xba:\xafrX\x14W\xc2\xf6\xc2J\x05\
Q\xb2\xc0\x17\xaa\xda\x18w\xad\x16W\xd7\x05\xd8\x9cg\
\xa9F\x80\x8a\xcd\xda\x12\xe2\x7f<\xbe\x92\x02\xdb\x82\xd4\
>\xdb\x00\x0b\x10\x8eP\x8e7{Ni\xcc>H\x0b\
D8\xcdU8\xa3B\x83\x09UP\xd5\xa6`{\x0d\
\xad}r*^\x80c\xd7\xcak\x86\xd5gs\x942\
\xbc\xfe\xb2\xe7\x88\xe5\x91G\xa1m\xd0\x9f\xaa\x04MJ\
\xa8Q \x9d\x19\x01\x14QQ4\xd3\xae\x9c\x22vF\
\x02a\x03\x8c+\xf5\x81\x1c\xf7#@\xe1\xd9\x0aJM\
*Xb\x81\xe5\xee\x91\x05Zu\xdc\xb2=\x822\xe6\
p\x11\xee\x86\xa4j\x1d\x88v\xc4\xd4l\x98\xb6\xc4\x1d\
M\x1bGP\xcap\xe4\x9a\xdc\xc17\xdb\xbf\xe5\x1f\x00\
8\x86\x05\xf1\xc7\xa7\xae\xccm\xdb&\xf7\x9a\x02'\xb2\
1b#i&3\xe8s*\xc1\xd5\x862\x1f\xd9\x1b\
\x9dhPTd\x04\xaf\x11\xb6\xefAz\xab\xf5$#\
\x85!\x99\x80\x15a6)4\xe7 .\xaa\x5c\x12\xef\
\xc8\x89\xb3\xe8`j\x19\xb7)-\xa7\xa1\xfb>R\x95\
\xc4\x1d\xd4\x18\xdc,\xb5\x22\x97\x94\x15\xeb\xd8\x88n\xbe\
\x82it\xfau\xdbnN\x85\xa7\xee\xd4t_\xdcL\
\xb8\x05\x8b\xb7\x02\xf7\xf2v/J50\x92o\xfe\x87\
\xb10\x04\xbf\x18S6\x85\x0f\xae\x18\x85\x11\xfd\x829\
\xb1'\xd2\xc9\x80\x14\x12\x875m\xe3\xf9n\xcaO\xc7\
^\x10\x1c\xceHx\xc4\x06H\x08\x9fn\xa6@F\x8c\
)\xb5Z\xaf\x93\xf6Z\xb8\xfe\xbe\x9a%Oz\x82\x03\
\x85\xd6\xb0\x1d\xe4\xaa0\xd1\xc7^\xe6\xe9\xe0h\x9c\xed\
\xbe\x14\xee\x0d^\xb0\x0d\x92\x00\xef\xa8\xd4\xbb\x1a0\x96\
=\xc2m\xc4)\x92Y,im?\xcf/?\xd3\x98\
>\x95\xb1\xd0\x1c\x81\xa5q\x01\x0d$t\xea)\x07\x14\
\x0e\x88\xe9d\xd3\x84\x90\xa0\x91\x15\x1d\x93\xab\xdc\x84\xeb\
%\xb5\xd0\x16\xa5\x8b\x1c`{\xcf\xd1Q\xb2\xadyP\
\x1e 9\xa0d~=@\xd9\xba\x81M\xa0\xce\xa6\xb6\
Y\xf9\xc0\xc9\x0d\xf7S`\xf8\xb8\xb6H\x11\xba\xa3_\
f@\xa6\xf4\x15\x02\xfe\x0c\x82\xb86\x8fP`\x9c<\
2\xf1\x04\xf0\xc7\x82[|\xf7\x92\xc8\x15U\xa5\xc7\xb9\
\x99\x9foN/\xedj\x17X\x1f\x96\xc3\x11\xee\xec(\
\x1dZ\x83\xf6a\xe5\xf1\x04M\x1a[\x9b0U+\xc5\
|\x9b\xf30\x00\xac\xed\x02>\xe3\xa0\xa7\xc3\xdc\x10\xb1\
\x1e[*5F\x8fe\xa0\xe4\xc3\xcfh\x17!\x8a\x10\
\x10\x96\xc2\xb6\x9d\x16\x9em!Y\xaf\xb5s h\xc6\
O\x13\x15\xcb\x83\xf9\x96Ya\xb1\xdf\xb9\xf0\xd7\xd3(\
\x98\xfd\xc14y):\xba\x8c}\x95E~5\xf0\x18\
\xd1\xae\xb6\x19v\x91,\xc0\x8cs\xd8\x0d\xde\xfe\xc2\x8e\
\xdf\x93\xc3}\xcf\x0eD?j\xd0\x89:\xb5\xc3uM\
\xa0@(\xaaLt\xa2t\xd3U\xbf2w\x88\x5cv\
j+\xd0\xc4lc\x95\xaa\xbd\x15\x9e\xb6\x99\x84\xcco\
'\xb5A\xe4bL\xa9\xc5\xda\xe7\x04\x07\x16\xc1\x17\xda\
\x91Lp\x05V\x95fTso\xd2=\xca\x0b\xdd\xf1\
\xbe\x99v\xd2\x0c\xf9\xeaL\xa4_b\x81lq\x88\x13\
\xc2\xc9\x9d\xda\x84\x02\xd8_\x95\x09Z\x81.\x226\xd8\
\xbfX\xa7\xa2\x97\xe6\xa5[w\xe1\xba&b\xea\xcb}\
X}\xa0\xd0\xa3\x81[\xa1\xc0\x82\x16\x01\xd9\x10\xcd\x10\
\x17\x0f\xb91\xdf\xa29\x90\x82\x22\x1a\x8d\xbby!\xb5\
@U^.\x83`u\xec\x03\x05\xfb\xf5j\x18\x97\xdf\
\xca\xb4\xbf\x0a\xf5c\x15c:\xed>\x12\xea\xabL_\
\x94\xd3\xbd\x08u\xa9\x13\xa5;\x05\xcb\xac^\x0f\xb1\xc2\
\xd5\x19\x8d\xc8\xde\x94\xd7\x1dC\xab\x8eH~RKc\
\xa0\xbc\x8d\x8e\xb0<X\x9aj\xaf\xaf\x97\xc2w\x03\xe6\
V\xf36d\xce\x0a\xc2Y\x07\x96\x80nV(\xea\xc3\
O;\xf7\xa3*\xf44\xfe?\x12\xb8\xcb\xce\xff@\x82\
[\xa9\xf6\x1d\x19\x9c\xb1A;^%X\x13\xd5\xf2\xf6\
nE\x83:\x87G\xcb\xa5\xd8\xb7\xd8\x0d-X_\x97\
\x18\xaf\xec;\xa7\x8a\x08\x86\x13Q\x98\xec\x8a\xc8\xfd\xa2\
\xf4\xb9\xa7\xe8\xef\xea\x1e\xf7X\xf8\x08\x08\xd7\xfb\x08\xd5\
\x8bh\x07/2\x84\x11\x85Y)4j2\xb6\x11%\
\x08u\xe4b\x9e\x91\xd5\x92\xc0%\x1d\x8d\xe1@\x97\x0d\
g\xf6\x9b\x1a\xa1A\xbcj\x11\xcc\xb5\x8a\x1e\xfe:\xea\
yK\x07\x8f\xf7\xdfow\xeb\xe9\xee{s\xf0\xe3\x0c\
\xc4\x03\xf5\xcdf\x1cz[\xc7\x03)\xa2\xe8\xeb4\x19\
\xaa\x8a\xb6\x0e\x8dwAI\x06\x01\xdf%6\xb4\x1f\x14\
\xa2\xd2\x91\x01\x905b\x0cV/yA^\x83J\xd5\
\x8e\xda\x01JUv2\x19\x1dn\x10{\xdaCH\xfd\
9X\x16\xaajj\xf6\xc0\x04\x84\xc8\xb5\xdc@\x82\xfc\
w\x8a?\xf77\xa5\xf0\xbbJ\xd8\xfdP\x0a\xcb\xbb\xec\
k\x1d\xd5\x93\x1a\xa0\xa9!\xdd\xd9\xfd\xb4\x92Q\x02!\
\x9b\x82\xefG\x81s\x94@6\x82\xcck>\x1fI \
\xfb\x9d\xa3u\x22\x07\xd7\x06\x15RWFUEy\x05\
\xb4Q^\x15\xe4\xdc\x08\xeau\x22\xbfS=J\x02O\
\x84d6C\xf0G\x91+\xb5Y9e\xf5\x80?\xb2\
\xbaU\xc2n\xcc\xb1+5o\x95\x9a0\x82\x8a\xb7\xb6\
}V\x8b\xd8\xa3\xfaok\x91\xdd\x0a>\xd5\xb0\x08\x91\
7\x85\xaa{\x1a\xf8@\xa5\xaf\x22\xed\xfe^\xa5\xaf\x22\
\xed,\xb3\x07\x84\xd3\xd5\xe7\x87\xfa\xa0\xb6\xa0\xda0\x86\
\xd5\x96L\xfb\xa3\xc3\xae\x8e\x1ec#\xd5\xd1\xd0\xbbu\
\xf7\x18\x04%\xbd\xba\x9e\xc6\x9f\x9b\xdb\xc78qg]\
\xfe\x18'\xfe)R.q\xf2\xdc\x97\xa2\x97D\xaf\xd5\
P\x1e\x9b\x8b\x8f\xf3\x97\xd3\xf4R&\xef\x22\xf0]\xe3\
\x9c\x9c\xc5\xc2\xe1\xfa\x9d\xbaI\xd2SwrD\xd9S\
\x08c\xf3H\xcb\x8f]\xbe\xfb\xb9\xcd\x7fQ\x8c\xb7\x8e\
@/b\xf4m\xefd\x03s\xd8\xc3\xa0\xdf\xb5\xa9\xee\
2\xcc\xa9W\x14\x96\x08\x12H*t\x0e\xeb\xa28+\
\xa7\x85\xdfj\x83\xfb^\x1c\x9e\xb4\xe1\x9b^\xde=e\
\xe83\x04/\x19\xfam\x91v\x8d>\xf3\xd1kS\xf7\
\xfb\xc7-\xf7\xa3d\xf7\xb0\xedx\xc0\x9f\xa5!M\x82\
#\xadZ\xf2\x08\xf0\x0c\xb1W3\x04\x88[G\x09\x00\
\xc9\x1e\x87iU\x94f\xd9\xb2\xd4Y\x8d\xecDu\x10\
\xce\x07{\x1c\xd6\x8f\xc7a\xc8x\xc1\xca\xfbr>\x0e\
\x1b\x8c,kJm\xac\xb8\xcdg\xcf\xc2\xaa\xba\xfb\x94\
k\xfda\xbe3\x03\xdfg\xb4\x07v\xaf3\xbag\x13\
\xff\xd6B\xe7#\xa2\x05q\x00=g$\xd0Zz\x02\
U\x8d\x88\x07\xad\xdbK\xbd\xb4\x1b\xec\x0bsM\xd0\xdc\
\xa7\xcf\x8c+\xab\xa6Bh\xbd\x1b:6\xa8\x0e\xca\xe2\
\xd8Qh\xcd\x83\xe9\xcbG\xfbS\x9551fG\x98\
\xfe\xc3\xaf\xee\x93\xabyRN\xb1\xe4\xe2s+H\xab\
3\xb5\xb4\x1f\x88\xa5\xc8\x106\x84\x92\xfd=\x02E\x86\
\x8e\xcfhx\x1e\x81\xc3(\xee\x7fP\xcc\xdc*\xb2\xfd\
=&\x00\x00\x01\x84iCCPICC pr\
ofile\x00\x00(\x91}\x91=H\xc3@\x1c\
\xc5_[\xa5\xa5T:\xd8A\xc4!Bu\xb2 *\
\xe2\xa8U(B\x85P+\xb4\xea`r\xe9\x174i\
HR\x5c\x1c\x05\xd7\x82\x83\x1f\x8bU\x07\x17g]\x1d\
\x5c\x05A\xf0\x03\xc4\xc5\xd5I\xd1EJ\xfc_Rh\
\x11\xe3\xc1q?\xde\xdd{\xdc\xbd\x03\xfc\xcd*S\xcd\
\x9eq@\xd5,#\x93J\x0a\xb9\xfc\xaa\x10|E\x18\
!D1\x8c\xb8\xc4L}N\x14\xd3\xf0\x1c_\xf7\xf0\
\xf1\xf5.\xc1\xb3\xbc\xcf\xfd9\xfa\x94\x82\xc9\x00\x9f@\
<\xcbt\xc3\x22\xde \x9e\xde\xb4t\xce\xfb\xc41V\
\x96\x14\xe2s\xe21\x83.H\xfc\xc8u\xd9\xe57\xce\
%\x87\xfd<3fd3\xf3\xc41b\xa1\xd4\xc5r\
\x17\xb3\xb2\xa1\x12O\x11\xc7\x15U\xa3|\x7f\xcee\x85\
\xf3\x16g\xb5Zg\xed{\xf2\x17F\x0a\xda\xca2\xd7\
i\x0e!\x85E,A\x84\x00\x19uTP\x85\x85\x04\
\xad\x1a)&2\xb4\x9f\xf4\xf0\x0f:~\x91\x5c2\xb9\
*`\xe4X@\x0d*$\xc7\x0f\xfe\x07\xbf\xbb5\x8b\
\x93\x13nR$\x09\xf4\xbe\xd8\xf6\xc7\x08\x10\xdc\x05Z\
\x0d\xdb\xfe>\xb6\xed\xd6\x09\x10x\x06\xae\xb4\x8e\xbf\xd6\
\x04f>Iot\xb4\xf8\x11\x10\xdd\x06.\xae;\x9a\
\xbc\x07\x5c\xee\x00\x03O\xbadH\x8e\x14\xa0\xe9/\x16\
\x81\xf73\xfa\xa6<\xd0\x7f\x0b\x84\xd7\xdc\xde\xda\xfb8\
}\x00\xb2\xd4U\xfa\x0688\x04FK\x94\xbd\xee\xf1\
\xeePwo\xff\x9ei\xf7\xf7\x03fdr\xa2MO\
9\x8f\x00\x00\x00\x06bKGD\x00\xff\x00\xff\x00\xff\
\xa0\xbd\xa7\x93\x00\x00\x00\x09pHYs\x00\x00\x0b\x13\
\x00\x00\x0b\x13\x01\x00\x9a\x9c\x18\x00\x00\x00\x07tIM\
E\x07\xe3\x0a\x08\x0f$\x00)\xb4UY\x00\x00\x06\x03\
IDATx\xda\xed\x9c]\x88\x15e\x18\xc7\xff\xcf\
\x99\xd3*\x8ba\xf6\xb5\xdb\x999\xb3\x87\x14\x8b\xd2@\
\xa3\xbc\x8aX+\x0c*\xc8\x8b2\xf03\xd0\x94\xa2.\
\xbc\x92\x08B\xba\xc8\x8b \x02\xf1\x03\x85\xbe\xb4,*\
\x82n\x02\xc9\x8d\x8aB\xf0J\x92`I<\xce\xbcg\
\x5csI\x85R\xdb=3O\x17\xae\xe6\xc7Y\xf7\xa3\
=s\xe6\xcc\xfb\xff\xc1\xde\xccY\x96y\xe7\xff\x9b\xf7\
y\xde\xf7\xcc\x8e\xa8*\x88\xbd\x14x\x09(\x00\xa1\x00\
\xc4V\x8a\xb6\x0c\xb4Z\xadN\xef\xe8\xe8\x98aS\xb8\
\xf5z=\xf6}\xff\xf4\x8d~G\xf2\xde\x04\x1e;v\
\xa2\xc7q\x92m\x22X\x02\xc0\xb1\xf0&7\x22\xba\xd9\
\xf3\xbc\xdd\xd6\x09088x\xf3\xf9\xf3\xff\x1c\x06P\
\xb1}\xaa\x17\xd1u\x8d$\xc8u\x0fp\xee\xdc\x85\x17\
\x19\xfeET\xe5M\x0b\x9b\xc0\xc2<F\x7f\x19/\x08\
\x82YV\x09 \x92p\x95se\xc7_,:\x5c\x06\
\x12\x0a@,\xdc\x07h\xc0o\x80\xbc\x9e\xaf\x92\x87E\
\xaa\xba\x89\x02\x8c\x8f?\xcb\xe5\xd2\xd7y\x1aP\x18F\
,\x01\x84\x02\x10\x0a@(\x00\xa1\x00\x84\x02\x10\x0a@\
(\x00\xa1\x00\x84\x02\x10\x0a@(\x00\xa1\x00\x84\x02\x90\
\x11n\xf8u\xf0\xf1\xe3\xd1\xc2BA\x1f\x10\xd16\xfd\
\xdaX\xee\xb9\xc1\x87]\xc6\x98\xb5\x0d\xee\x09\x05\x92\xd3\
\xf5z\xfd@\xa5R9c\xa5\x00Q\x14u\xc6\xb1\xee\
+\x14\xf0\x0c\x00\xa8J\x1e\xc7>GUv]\x7fX\
\x01\x08\x1c\xe7\xa6\xb3a\x18\xad\xc9\xdb3\x03\xe3*\x01\
q\xac\xef\x00\x17\xc3\xb7\x98\x99\x80~\x1a\x04\xc1\xdd\xb6\
\x09P\x04\xb0\x9a\xd5\x11\x000]\xc4Yn\x95\x00\xb5\
Zm&\x80Nf\x7f\x99\x92U=\x80\x88\xc8\xc5:\
H.]\x92f\xfeqc\xcc\xc3\x00\xbc$I\xfa\xc6\
\xfaGN.\x03s&V\x18\xd6\xb6\xab\xcaAU\xf9\
R\xc4\xe9\xafV\xa3{)\x80%\xe1\x07A\xb4\x13\xc0\
\x86+\x8e\xdd\xee8\x13{\xa4\xbb\xe9\xfb\x00\xa3\x9c\xfb\
\xd2\xfc=Nm\x0e\x01\xf2`\x9a\xe1\x8b\xe8\xba\xeb\x16\
\xa0\x8a\x19\x9c\x01,\xb8\xf3\x1b\x85\x0f \x06dg\x1b\
\xcc\x00\xa4\x19\xe1\x8b\xe8\xear\xd9\xddO\x01r\x1a\xbe\
1\xb5\x1d\x22\x185|\xcf\xf3\xf6fb\x1f\x804'\
|U\xbc\x94\xb5\xf0)@k\xc3OZ\x1d>\x05h\
m\xf8\xabZ\x1d>{\x80&\x86\x1f\x86\xb5\xed@\xb6\
\xc3\xe7\x0c\xd0\xdc\xf0\xd7gu\xda\xa7\x00\xad\x0d\x7fO\
\x96N\x98\x02X\x1c>\x05\x98\xda\xf0\xb7\x8d\x16\xbe*\
\xd6d1|\x0a0\xb5\xe1o\x18-|\xdfw?\xce\
\xea\xc9s\x15\xd0\xbc\xf0\xa1\x8aO\x0a\x05=e\x8cy\
2\x8d\x93Q\xc5\x02\x11\xa1\x00i\x11\x04\xd1{\x22\x8d\
\xc3\x07\x00\x11\xacP\x95\x15\xa9\xd98\x89GWX\x02\
&\x891f\x8e\x88\xbe\xda\xee\xe3\xa0\x00\x93\xe7\xb6<\
\x0c\x82\x02L\x12\xcf\xf3\x0e\x01\xf8\xb5\xdd\xc7\xc1\x1e`\
\xf2\xc4@\xb2\x04(\xf4\x01\x98;JU\xfeA\x15a\
z=\x80z\x00\x1e\xa5\x00)Q.\x97\xa30\x0c{\
G\x93@D{\xe2\xd8Y]\xa9tW\xd38\x9f0\
\x8c\x9e\x05tB\x02\xb0\x04L\x81\x04@\xd2\x0b\xa0\xbf\
\xc1\xb2\xac\xa7X\x8c\xbf\xafV\x07*\xec\x01\xae\xee\xa0\
\x97\x06A\xb4\xc7\x98\xe8mc\xcc\xad\x94\xc0\x22\x01\x82\
\xa0\xf6\xbc\xaa|%\xa2\xcbUu\x93*~<z\xf4\
\xe4\x9d\x94\xc0\x12\x01Dp\xcd\xc6\x88\xdc\xd7\xd1\x11\x1f\
\xa0\x04\x96\x08\xa0*'\x1b\x1c\xbd\x9f\x12X\x22@\xb1\
\x88\xb7\x00D\x94 \x1b\x12\xa4.@\xa9T\x0a\x0a\x05\
\xf4R\x82lH\xd0\x92U\x80\xeb\xba\xfdcI00\
0p\x07%\xc8\xa9\x00\xe3\x91`x8\xe9\xa3\x049\
\x16\x80\x12dC\x82\x96\xef\x04R\x82\xff$0\xc6\xb8\
\xd6\x090>\x09\xec\xe8\x09T\xe5\x0d+\x05\x18[\x02\
\xcc\xb3A\x02@\xef\xb2V\x00J\x00\x00\x85}V\x0b\
`\x9b\x04CC\xc5G\x00\xbc+\x82/T\xb1\xac\x5c\
.\xa5.@&\x9f\x07p]\xb7\xbfV\xab\xf5&\x09\
\xfap\xfdk\xda\xe6\x0d\x0f\xc7\xdf\x0d\x0c\x0c<\xd6\xdd\
\xdd}\xaa\x9d%\x98=\xbb\xeb\x0f\x00\x1b\xad\xdc\x07\xf8\
\x9f3\xc1\xfc\x11\x09\xda~&h5\x93\x98\x01\xf4\x95\
04O\xa7w\x8a\xd2\x8f\xc6/k\x9c\x9f\x97\x99\xa0\
\xcd\x04\xc0\xe3M~w\xe2D\x98?<\x1c\x7f\x0b\xe0\
!\x00\x09\xe3\xccQ\x09\x98\x00\x0b\x83\xe0\xc4\x02Fi\
\xaf\x00\x10\xa9\x9fa\x94\xd6\x0a\xa0[\xcb\xe5\xf2QF\
\x99R\x0f \x22[Tq0\xc5\x80_\x00\xb0\xac\xe1\
'*\xbb|\xdf}\x8d1\xa6(\x80*\x0e\xa6\xf5\xaa\
Xc\xccrUyn\xf4\xf0K\xeb\xc1W\x9b\xe7\xb3\
\x04\x8c\x84\xffQ\xa3sd\xf89\x17\xc0\x18\xb3\x82\xe1\
[*\xc0H\xf8\x1f2|\x0b\x05`\xf8\x16\x0b\x10\x04\
\xb5\x95\x0c\xdfR\x01\x82\xa0\xb6R\x04\x1f0|\x0b\x05\
`\xf8\x16\x0b\x10\x04\xb5U\x0c\xdfR\x01F\xc2\x7f\x9f\
\xe1[(\x00\xc3\xb7X\x80 \x88\x9e`\xf8\x16\x0b \
\xa2\x1b\x18~vH\xfd\xa1PU\x9c\xbb\xf6\x8d\x96\x19\
\x0f\x7fm\x18\xd6\xd6\xe4\xf5\x86n\xc1S\xc1\xf1\x16\xc0\
y\x0a\xc0\xac\x91\x03;|\xbf\xf4r\x86\xef|g\xe4\
\x873\xc0T\xe0\xfb\xfe\x91(\x8a\xe6\xd6\xeb\xba\xd8q\
\x10\xba\xae\xfb\x0b'b\x8b\x04\x00\x80R\xa94\x08\xe0\
s^\xfe\xb4\xcb\xafjf\xf6\x01H\xea\x9cw]\xf7\
,\x05\xb0\xf6\xee\x97\xbd\x00\xea\x14\xc0N\xf6wvv\
l\xccL\x0f\xd0f\xfc$\x22\x9f\xb5i\xcd\xaf'\x89\
\x1c\xee\xe9)\xfd\x9c\xa9&\xb0\xcd8\xe2y\xa5\xady\
\x1d\x1cK\x80\xe5P\x00\x0a@(\x00\xa1\x00\x84\x02\x10\
\x0a@(\x00\xa1\x00\x84\x02\x10\x0a@(\x00\xa1\x00\x84\
\x02\x90\x1c3\x89\x97DaQ\x18F9\xbb\x0cr\x0b\
\x05\x18'\xaa\xba\x89\xf7\x0dK\x00\xa1\x00$\x97\x02\xd4\
\xeb\xf5\x98\x97\xe5*b\xab\x04\xf0}\xff4\x00\xc3\xdc\
/\xf5<8l]\x09\x10\xd1\xcd\x8c\x1e\x00\xf0\xfb\xb4\
i\xc5=\xd6\x09\xe0y\xden\x11]g\xf1LP\x07\
\xf0\x8d\xe3\xc8\xe2\xae\xae\xae\xbf\xf3<Pi\xf0\xefb\
W\x11\x04\xc1\xacb\xb1\xe8\xd8\x94\xfe\xd0\xd0\xd0_\x95\
J\xe5\x82\x0dc\x1dS\x00\xc2e \xa1\x00\x84\x02\x90\
\x5c\xf2/\xa7\xa3+\xb0\x04\xf6E$\x00\x00\x00\x00I\
END\xaeB`\x82\
\x00\x00\x09\x93\
\x89\
PNG\x0d\x0a\x1a\x0a\x00\x00\x00\x0dIHDR\x00\
\x00\x00<\x00\x00\x00<\x08\x06\x00\x00\x00:\xfc\xd9r\
\x00\x00\x02\xe2zTXtRaw prof\
ile type exif\x00\x00x\
\xda\xed\x97Mr$)\x0c\x85\xf7\x9c\xa2\x8f\x80$\x84\
\xe08\xfcF\xcc\x0d\xe6\xf8\xfd q\x96\xab\xec\x99\x88\
\xee\x9e\xc5,\x0a\x5cI\xa6J\xf9$\xf4\x01\xb6\xdd\xf8\
\xfb\xaf\xe9~\xa0Q\x16vA-\xc5\x1c\xa3G\x0b9\
d.\xb8I\xfej\xd7H>\xec\xebn\xd2\xcew\xf4\
lw\xf7\x17\x0c\x93,\xcf\xeb1\x8e\xe3_`\xd7\xc7\
\x0b\x16\x8e\xbd>\xdb\x9d\x1d!NG\x88n\xe1+\x83\
\x15y\xdd\xf7\x93\xe4\x11\x12\xbe\xect\x9e]>/\x94\
\xf8i:\xe7\xc3\xed\xc8\x1e\xf1\xd7\xe7`(FW\xe8\
\xa1F<\x84\xc4\xef+_\x91\x04YH\x96\xb2\xec\xb8\
zIp\xf4\xdb\x22\xa2\x97\xfdk\xfd\xdc]\xbao\x0a\
x\xdf\xbd\xd4\xcf\x7fd&\x8fr\x5cB\x1f\xd3\x8a/\
u:v\xd2\x17\xbb\xdca\xf8)#\xe2;2\x7f\xce\
\xc8\xe4\x0e\xf1\xa5~s\xf64\xe7\xb8fWBt(\
W<\x93\xfa\x98\xca\xbe\x83cE9e\xbf\x16\xd1\x0d\
\x1f\xc5\xbd\xed\x9e\xd1\x93/\xbe\x81Z\xc7T\xab\xf3\x15\
\x0f\x99\x18\x15\x9c\x14\xa8S\xa1Ic\x8f\x8d\x1aR\x0c\
<\xd8027\x96mKb\x9c\xb9m(au\x9a\
l\x0e4\xba$\xb0j '0\xf3\x9d\x0b\xed\xb8y\
\xc5C\xb0\x84\xc8\x9d\xe0\xc9\x0410~\xee\xee\xd5\xf0\
\xbb\xfdIh\xce\xb5\xcc\x89|\xbak\x85\xbcx\xad/\
\xa4\xb1\xc8\xad+\xbc\x00\x84\xe6\xa9\xa9\xee\xfa\x92\xbb\x06\
\xff\xda\x16X\x01A\xddeN\x98`\xf1\xf5\x92\xa8J\
\x8f\xb5%\x9b\xb3xup\x0d\xfe\xda/d\xfd\x08\xa0\
D\x88\xadH\x86\x04\x04|$Q\x8a\xe4\x8d\xd9\x88P\
\xc7\x04>\x05\x99\xb3\x04\xae @\xea\x94;\xb2\xe4 \
\x12\x01\x07\xbb\x01\xb1\xf1\x8e\xd1\xf6e\xe5\xcb\x8c\xe3\x05\
 T\xa2\x18\xd0`\xbb\x00V\x08\x1a\x22\xf6[\xc2\x12\
*NE\x83\xaaF5M\x9a\xb5D\x89!j\x8c\xd1\
\xe2:\xa7\x8a\x89\x05S\x8bf\x96,[I\x92B\xd2\
\x14\x93\xa5\x94r*\x99\xb3\xe0\x18S\x97c\xb6\x9cr\
\xce\xa5 h\x09\x05Z\x05\xfe\x05\x86\xcaUj\xa8Z\
c\xb5\x9aj\xae\xa5a\xf9\xb4\xd0\xb4\xc5f-\xb5\xdc\
J\xe7.\x1dG\x80\xeb\xb1[O=\xf72h`)\
\x8d0t\xc4a#\x8d<\xca\xc4Z\x9b2\xc3\xd4\x19\
\xa7\xcd4\xf3,7\xb5C\xf5\x99\xda+\xb9\x7f\xa7F\
\x87\x1aoP\xcb\xcf\x1e\xd4`6\xfb\x90\xa0u\x9c\xe8\
b\x06b\x1c\x08\xc4m\x11\xc0\x82\xe6\xc5\xcc'\x0a\x81\
\x17\xb9\xc5\xccg\x16\x87\xb3\x8a\x91\xa5.8\x9d\x161\
\x10\x0c\x83X'\xdd\xec\x1e\xe4\xfe\x91\x9bCu\x7f\x95\
\x1b\x7fG\xce-t\xff\x059\xb7\xd0}\x22\xf7\x95\xdb\
7\xd4z\xd9\xc7\xadl@k\x17\xa2\xa68!\x05\xdb\
\x0fN\x85\x13~\xf0\xeb\xe4\xf7F\xe7\xffP\xe0-\xf4\
\x16z\x0b\xbd\x85\xdeBo\xa1\xb7\xd0\xffJH&\xfe\
x\xc8\xf8w\xea'1\xdc\x92 \xc9\x8f\xfcI\x00\x00\
\x01\x84iCCPICC profil\
e\x00\x00(\x91}\x91=H\xc3@\x1c\xc5_[\xa5\
\xa5T:\xd8A\xc4!Bu\xb2 *\xe2\xa8U(\
B\x85P+\xb4\xea`r\xe9\x174iHR\x5c\x1c\
\x05\xd7\x82\x83\x1f\x8bU\x07\x17g]\x1d\x5c\x05A\xf0\
\x03\xc4\xc5\xd5I\xd1EJ\xfc_Rh\x11\xe3\xc1q\
?\xde\xdd{\xdc\xbd\x03\xfc\xcd*S\xcd\x9eq@\xd5\
,#\x93J\x0a\xb9\xfc\xaa\x10|E\x18!D1\x8c\
\xb8\xc4L}N\x14\xd3\xf0\x1c_\xf7\xf0\xf1\xf5.\xc1\
\xb3\xbc\xcf\xfd9\xfa\x94\x82\xc9\x00\x9f@<\xcbt\xc3\
\x22\xde \x9e\xde\xb4t\xce\xfb\xc41V\x96\x14\xe2s\
\xe21\x83.H\xfc\xc8u\xd9\xe57\xce%\x87\xfd<\
3fd3\xf3\xc41b\xa1\xd4\xc5r\x17\xb3\xb2\xa1\
\x12O\x11\xc7\x15U\xa3|\x7f\xcee\x85\xf3\x16g\xb5\
Zg\xed{\xf2\x17F\x0a\xda\xca2\xd7i\x0e!\x85\
E,A\x84\x00\x19uTP\x85\x85\x04\xad\x1a)&\
2\xb4\x9f\xf4\xf0\x0f:~\x91\x5c2\xb9*`\xe4X\
@\x0d*$\xc7\x0f\xfe\x07\xbf\xbb5\x8b\x93\x13nR\
$\x09\xf4\xbe\xd8\xf6\xc7\x08\x10\xdc\x05Z\x0d\xdb\xfe>\
\xb6\xed\xd6\x09\x10x\x06\xae\xb4\x8e\xbf\xd6\x04f>I\
ot\xb4\xf8\x11\x10\xdd\x06.\xae;\x9a\xbc\x07\x5c\xee\
\x00\x03O\xbadH\x8e\x14\xa0\xe9/\x16\x81\xf73\xfa\
\xa6<\xd0\x7f\x0b\x84\xd7\xdc\xde\xda\xfb8}\x00\xb2\xd4\
U\xfa\x0688\x04FK\x94\xbd\xee\xf1\xeePwo\
\xff\x9ei\xf7\xf7\x03fdr\xa2MO9\x8f\x00\x00\
\x00\x06bKGD\x00\xff\x00\xff\x00\xff\xa0\xbd\xa7\x93\
\x00\x00\x00\x09pHYs\x00\x00.#\x00\x00.#\
\x01x\xa5?v\x00\x00\x00\x07tIME\x07\xe3\x0a\
\x08\x0f#\x0b\xf1'\x1a\x16\x00\x00\x04\xa2IDAT\
h\xde\xed\x9am\x88\x15U\x18\xc7\x7fso\x97]\xd7\
V]\xdcJ\xdb\x16*\xa5\x02\xadV\xb6\xa8\xb4$\xd8\
\xa8\x0fQd/V\x14\xfb!\x08,\x08\xa2\xa06\x11\
\xbfH\x1f\xb4\xd0\x12\xb1\x17\xa2\x82\x08B,\x88\x84\xfa\
`\x90\x06\x11,E\x1a%\xf4&R\x89\x85\x91\xbd\xa1\
\xde{\xe7\xfe\xfbp\x9f\xdb\x1e\xc7\x99m\xf6\xde\x99\xfb\
\xb2;\x0f\x1c\xee\xdc3sf\xce\x7f\xces\xfe\xcf\xdb\
x\x92\x98I\x92c\x86I\x068\x03\x9c\x01\xce\x00g\
\x803\xc0\x19\xe0\xd6\xc9\x19\xd3\x08\xcb\x5c\xe0q\xe0\x22\
\xa0\x0fx\x07x)x\x917M\x5c\xcbU\xc03\xc0\
\xa2@\xffW\xc0w\xc0m\x9d\xae\xd2\x9e\xfd\x0e\x02o\
\xdaj.\x02J\xd6N\xd8\xf9%@\xf9\x94\x91\x92:\
\xb5\xad\x91\xf4\xab\xaaR\x92T\x96T\xd4\x84\xfc\x22\xe9\
\xc1\xe0\xb8N\x04:$i\xb7\x03\xacd\xad&\x7fI\
\xda*i l|'\x91V\x170\x06<\x01\xf4\x98\
\xea\x02\x14\xec\xf70\xf0*\xf0:\xf0}\xe4]:d\
Uo\x92\xf4E`U\xcbv|X\xd2\x98\xa4\xfe8\
\xf7jw\xa0\x03\x92^\x8b\x00*I\xdb$-\x98\xca\
=\xdbM\xa5g\x01\xbd@?p#\xb0\x0e\x98oL\
\x9b3v\xce\x03\xbf\x01\xb7\x03{\xdb\xdd\xf1\xe8\x05\xce\
\x01\xce\x05\x16X\x9bm}\xcb\x80\x0b\xec\x9a\xb9\x8e\xe9\
)\xdb<\xcb\x06\xf6[\xe0\x1e\xe0\xf3\xba\xecY\x0c\xc7\
\xa3\x0f\x186\x9b\xe7\x03\x07\x80\xf1\x98\xf7\xef\x01V\x00\
#\xc0\xd5\xe6\x05\x9d\x15\xf3E\xd7\x00z\xf6\xdc<\xf0\
\xbb\xbd\x98Cu\xbf\xf2I\xf4}\x96\xa4g%\x1d\xd1\
\xe9\xb2G\xd2\xd2\x88qyI#\x92\xb6K:\x182\
\xb6b{\xb1(\xe9\xa4\xb5\xa2\xf5\xf9v\xbe\xd6d}\
eIG%\xadl\x94\x17&\x03\xfb\x913I\xdf\xb1\
w\xbe\xf5\x1d\x93\xb4ZR\x8f\xa4\xd9\x92\x96IZ/\
\xe9\xeb\x00@\xdf!\x9bJ\x08\xa0(\xa9]S\xb4v\
C\x12D\x18ub\xad=\xf4\xb8\x03\xd0\x9d\xa4k\xe8\
\x0fJ:\x14\x00P\xf3z\xfc)\x00\x0c\x82u\x9f\xb3\
#)\xe6\x8f\xda\xc3\xfb\x80\xa5\x80\x1cv\xfco\x17\xd8\
\xff\x8a\x1d\xe7\x9d\xfe\x1a\x9b\xe6B\xfc\xde\xd8\xbb\xcc\xd9\
\xb7\x00?\x02\xd7\x01?%\xe2\x84\x87\x00\x1e2R\xf2\
\x9c\x89{!\x93\x0a\x1e{\x0d\x80\x0c\x82\x95\xbd\xd0\xbc\
\xcdg_Z\xf1p/\xf0J\xe0\x81r&B\x82\xe0\
&\x03\xed\xdb\xdc\x1eK\x12l\x10p?\xf0!pY\
\x84iP\x0a\xe0\xc2V\xb7d\xfe\xf1\x06`K\xe2q\
\xa5\xa3\xd27\x03k\xcc\xf1>\x01,\xb7\xbd\xe3\xaal\
Z\xa0]^\xf0\x80?\x81\xf3\x80\xbf\xd3\x04\x1c\x16d\
o\x02\x1e\xb5\xff\xf9\x94\xc1\xd6H\xaf\x00\xdc\x0d\xecH\
G\x8f\xfe\x9f\xcaG\xcd4\x14\xeb0/q\xcdO\xc5\
\x1c\x10I\xda\x90f@\x12\xf7\xc2\xed\x0eh%\x04:\
\x0c\xecsiG`q\x93x]\xe6\xac_\xe2\xd8\xde\
F\xf7\xb3\x1cb,\x00\xcf;\xdb\xa7\xe5y\xe9\x93\xc0\
Cv}\xc5!\x175\xb8o}\x03\xfbB3\xc0N\
5k\xb9\x17x\xd2&\xe87\x08\xdasL\xde\xc7\xc0\
\xc3\xed\x9a\x88\xdfdc\x9e\xb6\xff%\xc7\xb5d\x12\xaf\
\xcc\xf5\x9e\x5c\xef\xcds\xee\xd5\x9c\xfcn\x9d\x89\xf8;\
\x81\xad\xc0B\xa7\xaf\xb6\xeaQ\x9a\x94\x0fl\x91.\xcb\
)\xdf\xdf\x09\xb5\xa5\x9d\xc0\x95\xc0f\xe0\x07g\xa5\x0b\
\x11-o/c\x1c\xf8\xc3\xc0\x0a8\xda\xf4\x0c~\x02\
\xa5\x96\x82yE\x83\x96\xfd\xbf\x108\xeed\xfc\xbb\x80\
\xd5\xc0\xc5\xc0\x1d\x06z#0j\x11\xd0`\xa7\x01\x8e\
#\xd7\x00\x9f\x00\xf7\x02oY\xdf~`\x0ep~'\
\xa8\xf4T\x19y3\xf0>\xf0\xb6\x13_\xcf\x01\xb65\
[\xa5\x9b\x91\xb5\x5co\x91\xd8\x0a\xc7\x94]\x0b\x9c\x09\
\xbc8\xdd\x00/\xa7Z\xb3]\xe20\xb8,\xce}9\
\x8dh(\x89\xe0\xa1\xdev\xb6\xe5\xban\x09\xf4/\x94\
\xf4M\xdc\xd2H\xd2-\xad=|\xab\xb1\xf1\x1b\xc0{\
\x81sc\xc0\xbb\xad0II\xb0\xf40\xb0\x12(\x02\
\x03\xc0bK\xb8\x0f\x02\xff\x00\xf38\xb5 })\xb0\
\x1b\xb8\x1c8\xd2\x0a\xc0\xb9\x06\xd9\xb7`\x8e\xc4:\xe0\
)\xab0\xec\xb2\xc4\xdb\x97\xc0U\xce\xf5\xf3me\xf7\
\xb4\x0al\xa3\xa4%\xe0Ss6vR\xad\xcb\xeeg\
\xa2n;j\xbe\xf7\x10\xd5\xda\xedZ\xaa\xb5\xa3\x03\xb4\
Pr\x09\x8c\x1f\x07\x1e\x01>s\x5c\xccnS\xed\x1c\
p\x17p\x85\xa9\xfc\x88ya\x1bi\xd5\xf7%\x09\xb1\
_>\xa4T3,\xa9\xcf>Q\xd8%\xe9z;\xd7\
m5\xdf-\xad`\xe9\xb4]\xcb\xc5\xc6\xd2\xf7qz\
ys\x1ep\xac\x13\x83\x87(n\xf0\x81\x07\x80\x9f\x81\
\x0fh\x13I{\x85\xbb\x99\xf8fjF\x00n;\xc9\
\xbe\xa6\xcd\x00g\x803\xc0\x19\xe0v\x96\x7f\x01\x04\xb1\
L\x5cm\x05\xea\xf2\x00\x00\x00\x00IEND\xaeB\
`\x82\
\x00\x00\x01\xec\
\x89\
PNG\x0d\x0a\x1a\x0a\x00\x00\x00\x0dIHDR\x00\
\x00\x00@\x00\x00\x00@\x08\x06\x00\x00\x00\xaaiq\xde\
\x00\x00\x01\xb3IDATx\xda\xed\x97kQ\xc3P\
\x14\x84o\x1dP\x07\xc1\x01u\x10\x1c !8\xc0\x01\
EA\x07\x05\xc4\x018 \x0e\xc0A\xe3\x00\x1c\xb4\xe7\
\x0c\xfd\x93W\xf3:'\x9b\x90\xdd\x99\xfd\x91L\x93\xb3\
\xf3\xb5\xbd{\xef&\xac\x5c\x1bt\x00\xb4\x08\x00\x1d\x00\
-\x02@\x07@\x8b\x00\xd0\x01\xd0\x22\x00\xa3\xf7\x9c\x1c\
fy\xbc\x93\x00\x08\xc0\x09\xc0bE\x00\xe8\x00h\x11\
\xc0\x80g~\xc47\x063O\x1d\xef\xf7\xd5N\xfc\xed\
\x05 \x11\xbf\x8d\x0c\xe8\x0d \x15?z\x01\xf8\x12\xdf\
\xcd\x1c\x80j+\xfe\xb5\x06\x10\x8b?\x0d\xc2M\x01\xe0\
E\xbc\xb7\x06\xa0?\xfdd!\x00r\xf1\xad%\x80H\
|4\x086\x15\x00\x95\xae\x03\xa9\x15\x80\xbd\xf8ya\
\x002\xf1\xbd\x15\x80\xb1\xd5\x87\x00\x10.\x00\xb2\xb1\x00\
\x920\xbe\xfaP\x00\xd2\xd0R\x89]\x00XT\x1f\x0a\
\x80J\x17\xc3|(\x808\xd8T\x1f\x12\xc0\xd5Jl\
\x03\xf0.~X8\x00\xdd\x10m\x87\x00\x88\x82]\xf5\
u\x9d\xe9\x01@\xd5X\x89\xd7\xc2\x1c\xc4O\xc6A\xf2\
\xd0\xbeA\xd1\xbf\x5cl<W\x0fG\xbb>\x00\xb4\xf2\
\x8e\xc1\xae\xfa2\xf1\xab\xf8\xa3\xe3\xe7\xa3\xf0\xb7\xefH\
\x0c!\xd4Vb\x13\x00\x1d\xecQ}}\xe5^\x89M\
\xc1\xf4\xdb\x8f\xfe\x19\x00U\xa5\x12\xeb\x82\xc5\xc1\xaf\xfa\
\xd0\x00*\x95X\x17\xcc\xb3\xfa\xd0\x00*\x95X\x0e\x16\
\x05L\xf5M\x05@U\xa8\xc4r0\x8f\xea\x9b\x1b\x80\
B%\x96\x83Y\x9e\xfa\xe6\x0a\xa0\x90\xa7\x1c\xcc} \
\x01\x10\x00\x01\x10\x00\x01\x10\x00\x01\xcc\x16\xc0\xeaD\x00\
\xe8\x00h\x11@\xe9z\xf5\x8b \x01\x10\x00\x01\xac\x1b\
\xc0\xeaD\x00\xe8\x00h\x11\x00:\x00Z\x04\x80\x0e\x80\
\x16\x01\xa0\x03\xa0u\x06\xb3%pA\xfb\xde\x5c\xea\x00\
\x00\x00\x00IEND\xaeB`\x82\
\x00\x00\x06\xa7\
\x89\
PNG\x0d\x0a\x1a\x0a\x00\x00\x00\x0dIHDR\x00\
\x00\x002\x00\x00\x000\x08\x06\x00\x00\x00S\xf7)\xba\
\x00\x00\x00\x04sBIT\x08\x08\x08\x08|\x08d\x88\
\x00\x00\x00\x09pHYs\x00\x00!\xb5\x00\x00!\xb5\
\x01i\x95\xd0`\x00\x00\x00\x19tEXtSof\
tware\x00www.inksca\
pe.org\x9b\xee<\x1a\x00\x00\x06$ID\
ATh\x81\xbd\x99]l\x1c\xd5\x15\xc7\x7f\xe7\xce\xae\
\x1d{v\x16g\xbdNLB\x91J?P\xfb\xd0\x86\
\x96\x82TA[\x15\xb55E\x84\xc6T)H\x04\x85\
\xd8[K\x95\xda\x0a\xa9RU\xa9\x95\xe0\xb1}\xa2A\
TJ\x83\x1d\x85\x0f\x09\x91'\xc4\x0b\x12/\xb4OE\
E\x88\x17\x9e\xa26\x86b'1\xf68\xfbA\x1cg\
w\xee\xe9\xc3\xec\x8e7\xce\xda\xde\x19\xcf\xf0\x97,\xed\
\xde;s\xce\xf9\xef9\xf7\xde\xff=\x86\x8cQ\x9f+\
}\xbd~z\xf4kY\xfb1Y;\xc0\xca$0\x99\
\xb5\x9b\xec\x89\xc0$\xd8\xcc\x89H\x96\xc6\xaf\x9c\xbe\xe5\
\x8b\x8e8\xff\x05\x084\xb8c\xa4R\xbd\x90\x95\xafL\
3\x923\xce\x91^\x9f\xb3@\xa6DT\xf9y\xf4\x19\
\x1e\xcd\xd2Wf\xa5\xd5836\xaeA\xb0\xc0\xc6\x8f\
e\x8d\x98/\xb8S\xcb\x8bY\xf8\xcb,#\x1a\xb4&\
\x01\x83\x89\xbc\x18\xab\xc1\xcf\xb2\xf2\x97]i\x89<\x0a\
\xa0\x05E]\xed\x0cf\xb6{eRZ\xb5\xb3\xde\xa8\
4\xf3\x97\x80\x9c\x1e\xb4\xa0 \x8b\x06 \xd0\xa09^\
\x9c\xa9/\xa7\xed3\x9b\x8c4\xf3\x8f\x009\x04\xd4U\
\xb4\xa0 \x0a\xe0`\xf2\x0fg\xe12\x13\x22\xa6s\x92\
\xbbJ\xb4F\xdc0\xf9\xc6dS^\xa9\x13\xf9t\xb6\
\xec)<\x00\xa0\x9eF\xe3\xd6\xb3\x00\xa8\xf2\xa3\x95W\
J\xc5\xb4\xfd\xa6NdH\x83\x87\x81=H\xb8\xd0#\
x\xda^\x91:8\xb8\xa6\x0f\xa5\xed7u\x22\xda\xde\
\x99tX\xc1\xb9\xd1\x93\x0e\x87\xc44\x83\xf2J\x95\x88\
\xbe~\xdb\x90\xc0\x04\x10f`3:c\xcaO\xf5\xd4\
\x81\xe14}\xa7J\xa4^_\x9bPp\xc3\xb2\xbay\
\xbekl\xb8\xee\xac\xff8M\xdf\xe9\x96\x96\xb6w\xab\
! \xd7##9\x0d\xe7\x80\xb4\xa5\xbd4^\x1c=\
\xa6hZ{\xfb\x04\xe0\xe9>\x8b\x96z\x10\x01\xc4\x17\
d\xc9\x00\xd4\x81\xb7\xd2p*\xc8\x9b\xa2\x8a|6[\
\xfa\x8d\x22\x7f\x06\x1dL\xc3\xb0~)@\xf3[8m\
\x82\xfc\xc7\xe9=\x19\x1b\xb2.\xe8\xef\xdd)\xffd$\
Q>\x9b+\x7f\xcbZ\xfb\x1a\xf0\x95\xe8\xb9!\xd0^\
%\xb2\x1d\xf2\x8a\xee\xdb\xfe\x1dY\x12h\xc6SG\xd2\
\x12X\xbba\xe8\xbc1\xe61\xf7\xc4\xf2\xfb\xb0Ik\
-\xbd0V\xd83\xd8\xfa\x9b \xc7\x00p\xc0\xdej\
\xa1\x10\x93L\xca\x90\xab\x82,\x08\x04Q\xb8\xe7\x9a\x81\
VJ3\xab\xd5\xe8\x99^/6fG\x9fT\xd5\x17\
\x80\x02\x80\x96,:\xa6\x19_\x8c{@AV\x04Y\
6\x9d\xefk\x22\xfc\xa10\xed\xffu\xf3\xa3[\x86V\
\xfb{\xf9\xabb\xf45\xd0\xbb\x00t\x8f\xa2\x07\x14\x06\
>\x9f\xecH\xb3\xad\x98\xd7\xa2\x10?\xc4\xf2\x0b\xef\x97\
\xfe\x87=\x9f\xdf\xce\x98\x9ed\xb0\xe1\x96\xfe\x82\xf2k\
@0\xa0\xe3\x16-fKF\xea\x82\x5c4`\xdbq\
\xa0/{EwF\x8e~\xb2\xb6\xe5;\xfd\x18\xae\xcd\
\x96\x0f\x8b\xda9`\x14@\x8b\x16\x1d\xd7\xf4\x05\x8e\x82\
|*\x88\x1f\x19\xae\x02\x15o\xda?\xb7\xd3\xab}W\
\xfd\xd5\xd3\xa5\xdb\x02\xe1U\xe0{\x00\x0c(z\xc0\xa2\
{\x12\x04\xdc\x0b\xd7\x05\xb3``=\x0a\xec\xdd\x96\x06\
\x8f\xf7\xdbB\x8a\xb5|\xf5u\x9cF\xb5\xf4'\x84?\
\x02\x8e\x8a\xc2>E\xf7\xee\xae\xd4\xa4&p\xc9 m\
\xa5\x8f\xf0|\xa1\xe5\xffNfh\xf6m#\x89\xe3\xfa\
\xdc\xc8\xf7\x09\xcc\xab\x08\x07\x01((\xf6\xa0\x8do\xad\
}\x05\x96\xbat\xbe/\x80y\xc2\xab,\xbf\x137\xa6\
DU\xee\x9d\xb8\xf2\x0f\xb5\xcdC*\xfc\x1b\x80kI\
\xac\x84\x90\xf6\xae\xa4\xf0\x9e\xda\xe6\xa1$$`\x17\xcb\
\xb58S_\x16e\x00\xda\xaa6In\x05\xb4}s\
\x14\x18\xd8MS\x221\x91\xea\x8bc_\x06\xbe\x09\xf4\
\xbe{\xf4\x8b\x0di\xff\x8d\xdal\xf9\xce\xa4f\x12\x13\
\x11Za\x0b\xd4\xd9\xb8\xf9%\x81\xba]7\xc9]4\
\xf0\x12\x131H\xd8\x94\xf6v\x90.\xda\xfe\xdb\x0em\
-\x17\xd9L\x14O\x02\x5c=;zP\xe1\x1e\x00\xbb\
\x8d\xa0\x94&\x98\x8f\x0d\xf2\x91\x81\xeb[\xb3\xb5\xed\xd2\
T\xb8g\xed\xd4\xde\xdb\x93\xc4\x94\x88H\xd0b\x92\xb6\
d\xc1\xdd\xe2\x02U\x13\xe4\x82\x03k\x82\x5c\x13\xcc\xbc\
\x09\xcf\x8b^p#\x95 -c\x12\x95W\xb2\xd2\xd2\
\xf0\x9a\x1av\x107\xcf\x81\xb9hB\xc1\x17nH+\
\xc0\x0a6<3\xccEss\xa9\xdd\xd8:Jt\x05\
\x8eM\xa4v\xca+\x83\xdc\x07\xdc\xbc[]\x17\xcc\xbc\
\x03U\xe9\xc4\xf7n\xa0\xc1w\x1c\xe5\x10\xf0O\x00\xaa\
\xed\xecl>{:DD\xefo\x9c\x19\x1b\x8f\x1bW\
\xfc\x8c\xe4\xf2G\xe8\xf4u\xbb\xd6\x87\xd4\x04\x99\x8f\xb4\
\x92E8\xe9\x06\xfe\xfd#\x95\xea\x85\xe1\x8a\xffI\xa1\
\xe8\xff\x10\xe5Y `]\xe0#\x83\xacv\xa5s#\
\xbb\xc6\xda v\x0f!>\x11\xed\xea\xeb\x0a\x10\xb4e\
\xc6b\xa4\x95.\x8b\xf0\xa07\xe5\xff\xb6[+\xc9Q\
\x02\xaf\xe2?\x83\xb1\x0f\xa0,\x88\x0ar\xd9\x84B1\
\x00\xed^o\x1a\xbf\xbcb\x9d\xc7\xabgFFr\x81\
\xb9\x0c\x0c\xe8\xad\x16\x1d\x00\xb3h\xe8\x92vo\x8b\xe6\
\x8e\x15*K\x97\xb7\xb3S;\xe5\x95\x8d30\xd7\xe9\
\xdeh\x0e\xf4@\x80\xb4\x0c\xb2(\x00\xcd\xe0z\xb0\x7f\
\xe4W\xd5\xd5~c\x8b\x95\x91\xbc\x95\x87 \x94%\xac\
\x0b\xe6\xe3\x0e\x09Y\x17\xe1\xe9\xc2\x94\xff\x93\x9dH@\
(o\xdc\xa9\x95GDx\x1ad]Z`\xfe\xe7\x84\
\x9a-\xfci\xf3\xb9\xbc\x89\xd5\x1f\x8eE\xa4\xfb\x9f\x9b\
\xe2K\xa8^a\xde\xaa\xfe\xa00\xe5?'\xb2\xe3\xd1\
\x17A\x04-L\xf9\xcf\x19#\xdf\x05\xce\xa3\x1b6a\
\xa3\x87\xdc/\xfa&\x12\xf6jes\x9b\xf3\x5c\xd3\xb1\
w\xddR\xf1\xff\x15\xc7i7\xdc\x13\xcb\xef_\x13\xf3\
mE_\xde45q\xe9\xa5\xfdn\xbfv\xfa&\xd2\
\xc8]{\x10\xe84\x9e\x1b\x82\x1c\xf7\xa6\xfd\xa3{\x9f\
\xbar\xa5_\x1b[alj\xb9^\x9c^}R\x90\
\xe3@\x03\x00a\xc8m6'\xfa\xb5\xd1\x7fii\x94\
\xea\x0fT\xcc\xdd\x85\xe9\x95\xb31b\xed\x0b\x85\xe9\x95\
\xb3*\xe6n\xe0\x83M>wD_\xbb\x96\x9ed\xb0\
1\x5cZR\xf4\x8d\x9d\xba\x19i\xa0\xab{s\xbc\xe0\
\x14\xf7\xcbS\xf3\xbb\xb8\xbau\xa1:7zom\xb6\
|8\x15c1P\x9b-\x1f\xae\xce\x8d\xde\xdb\xcf\xb3\
\xff\x07\x10\xa49S\xa9\xe59\x8b\x00\x00\x00\x00IE\
ND\xaeB`\x82\
\x00\x00\x0be\
\x89\
PNG\x0d\x0a\x1a\x0a\x00\x00\x00\x0dIHDR\x00\
\x00\x00\x80\x00\x00\x00\x80\x08\x06\x00\x00\x00\xc3>a\xcb\
\x00\x00\x02\xe1zTXtRaw prof\
ile type exif\x00\x00x\
\xda\xed\x97Mr\x1c!\x0c\x85\xf7\x9c\x22G@\x12B\
p\x1ch\xa0*7\xc8\xf1\xf3\xa0\x99\x9e\x1f;\xa9\x8a\
\x93E\x16\xd3x\x9aF\xa3~\x12\xfa\x00\xdb\xae\xff\xf8\
>\xdc7\x5c\x94\x85]PK1\xc7\xe8q\x85\x1c2\
\x17<$\x7f^gO>\xac\xfb\x83i\x8d\x9f\xec\xee\
\xfa\x82a\x12\xf4r\x0ec\xdf\xfe\x05v\xbd\xbf`a\
\xdb\xeb\xb3\xdd\xd9\xb1u\xd2\x16\xa2Kx]2#\xcf\
\xe7\xb63\xdaB\xc2\xa7\x9d\xf6\xd8\xe5\xfdB\x89\x0f\xd3\
\xd9\x1f>\xb6\xec\x16\x7f\x1d\x07C1\x9aB\x0f5\xe2\
.$~\xdd\xf9\x8c$\xc8B\xb2\x94i\xc7\xddK\x82\
\xa3_\x16Yw^\x9e/\xf5sW\xe9>)\xe0\xf5\
\xf4R?\x7f\xcbL\xee\xe58\x85n\xd3\x8a/u\xda\
v\xd2\x17\xbb\x5ca\xf8)#\xe2+2?fdr\
\x85\xf8P\xbf1Z\x1a\xa3\x9f\xb3+!:\x94+\xee\
I\xdd\xa6\xb2\x9e\xe0XQNY\xafE4\xc3G\xf1\
l\xabe\xb4\xe4\x8b?@\xada\xaa\xd5\xf9\x8aA&\
Fe\x07\x05jThP_\xfdA\x07R\x0c\xdc\xd9\
\xd03\x1f,\xcb\x96\xc48\xf3\xb1\xa0\x84\xd9h\xb09\
ph\x92@\xe2\x009\x81\x99\xaf\x5ch\xc5\xcd3\x1e\
\x82%Dn\x04O&\x88\xd1d\xf7\xd8\xdc\xab\xe1\xab\
\xedIh\x8c\xb9\xcc\x89|\xbaj\x85\xbcx\xae\x1a\xa4\
1\xc9\xcd;\xbc\x00\x84\xc6\xae\xa9\xae\xfa\x92;;\xff\
zM\xb0\x02\x82\xba\xca\x9c0\xc1\xe2\xeb)Q\x95\xee\
kK\x16g\xf1\xea\xe0\x1a\xfc\xb9_\xc8\xda\x16@\x89\
\x10[\x91\x0c\x09\x08\xf8H\xa2\x14\xc9\x1b\xb3\x11\xa1\x8e\
\x09|\x0a2g\x09\x5cA\x80\xd4)7d\xc9A$\
\x02\x0ev\x03b\xe3\x1d\xa3\xe5\xcb\xca\xa7\x19\xc7\x0b@\
\xa8D1\xa0\xc1F\x01\xac\x104D\xec\xb7\x84%T\
\x9c\x8a\x06U\x8dj\x9a4k\x89\x12C\xd4\x18\xa3\xc5\
yN\x15\x13\x0b\xa6\x16\xcd,Y\xb6\x92$\x85\xa4)\
&K)\xe5T2g\xc11\xa6.\xc7l9\xe5\x9c\
KA\xd0\x12\x0a\xb4\x0a\xfc\x0b\x0c\x95\xab\xd4P\xb5\xc6\
j5\xd5\x5c\xcb\x81\xe5s\x84C\x8fx\xd8\x91\x8e|\
\x94\xc6M\x1a\x8e\x00\xd7b\xb3\x96Zn\xa5S\xc7R\
\xea\xa1k\x8f\xddz\xea\xb9\x97\x81\xb56d\x84\xa1#\
\x0e\x1bi\xe4Q.j\x9b\xea3\xb5Wr\xbf\xa7F\
\x9b\x1a/P\xd3\xcf\xee\xd4`6\xbbI\xd0<Nt\
2\x031\x0e\x04\xe26\x09`A\xf3d\xe6\x13\x85\xc0\
\x93\xdcd\xe63\x8b\x13QF\x96:\xe14\x9a\xc4@\
0tb\x1dt\xb1\xbb\x93\xfb%7\x87\xea\xfe)7\
\xfe\x8c\x9c\x9b\xe8\xfe\x0597\xd1=\x90\xfb\xc8\xed\x13\
j\xad\xac\xe3V\x16\xa0\xb9\x0bQS\x9c\x90\x82\xed\x07\
\xa7\xc2\x09?\xf8u\xf2\xb5\xde\xf9\xbf\x14x\x0b\xbd\x85\
\xdeBo\xa1\xb7\xd0[\xe8-\xf4_\x09\xc9\xc0\x1f\x0f\
\x19\xffN\xfd\x04)z\x91\xcb\x8cD\x22\xcd\x00\x00\x01\
\x84iCCPICC profile\
\x00\x00(\x91}\x91=H\xc3@\x1c\xc5_[\xa5\xa5\
T:\xd8A\xc4!Bu\xb2 *\xe2\xa8U(B\
\x85P+\xb4\xea`r\xe9\x174iHR\x5c\x1c\x05\
\xd7\x82\x83\x1f\x8bU\x07\x17g]\x1d\x5c\x05A\xf0\x03\
\xc4\xc5\xd5I\xd1EJ\xfc_Rh\x11\xe3\xc1q?\
\xde\xdd{\xdc\xbd\x03\xfc\xcd*S\xcd\x9eq@\xd5,\
#\x93J\x0a\xb9\xfc\xaa\x10|E\x18!D1\x8c\xb8\
\xc4L}N\x14\xd3\xf0\x1c_\xf7\xf0\xf1\xf5.\xc1\xb3\
\xbc\xcf\xfd9\xfa\x94\x82\xc9\x00\x9f@<\xcbt\xc3\x22\
\xde \x9e\xde\xb4t\xce\xfb\xc41V\x96\x14\xe2s\xe2\
1\x83.H\xfc\xc8u\xd9\xe57\xce%\x87\xfd<3\
fd3\xf3\xc41b\xa1\xd4\xc5r\x17\xb3\xb2\xa1\x12\
O\x11\xc7\x15U\xa3|\x7f\xcee\x85\xf3\x16g\xb5Z\
g\xed{\xf2\x17F\x0a\xda\xca2\xd7i\x0e!\x85E\
,A\x84\x00\x19uTP\x85\x85\x04\xad\x1a)&2\
\xb4\x9f\xf4\xf0\x0f:~\x91\x5c2\xb9*`\xe4X@\
\x0d*$\xc7\x0f\xfe\x07\xbf\xbb5\x8b\x93\x13nR$\
\x09\xf4\xbe\xd8\xf6\xc7\x08\x10\xdc\x05Z\x0d\xdb\xfe>\xb6\
\xed\xd6\x09\x10x\x06\xae\xb4\x8e\xbf\xd6\x04f>Io\
t\xb4\xf8\x11\x10\xdd\x06.\xae;\x9a\xbc\x07\x5c\xee\x00\
\x03O\xbadH\x8e\x14\xa0\xe9/\x16\x81\xf73\xfa\xa6\
<\xd0\x7f\x0b\x84\xd7\xdc\xde\xda\xfb8}\x00\xb2\xd4U\
\xfa\x0688\x04FK\x94\xbd\xee\xf1\xeePwo\xff\
\x9ei\xf7\xf7\x03fdr\xa2MO9\x8f\x00\x00\x00\
\x06bKGD\x00\xff\x00\xff\x00\xff\xa0\xbd\xa7\x93\x00\
\x00\x00\x09pHYs\x00\x00.#\x00\x00.#\x01\
x\xa5?v\x00\x00\x00\x07tIME\x07\xe3\x0a\x08\
\x0f'\x17\x81J\x83]\x00\x00\x06uIDATx\
\xda\xed\x9d\xcbk\x1de\x18\xc6\x7fsIbRc\x8b\
\x17\xb0E\xb1[).D\x82\x08U\x04q\xdb.\x5c\
\xe8BA\xdc\xa8\xd4?\xc1\x85;\xff\x00\x17.t+\
n\x5c\x0b\x0aRA\x10\xdc\xab\x08^\xc0M\xeaBi\
1\xc9\xe4r.\xe3\xe2|_\xcew\xa63\xf3\x9d\xa3\
\x89\x99y\xcf\xf3@i\x1bN\xc8d\xe67\xcf{y\
\xce$IY\x96H\xcb\xabT\xa7@\x00H\x02@\x12\
\x00\x92\x00\x90\x04\x80$\x00$\x01 \x09\x00I\x00H\
\x02@\x12\x00\x92i\xe55\x1fK:p\x5cJ\xa8\xce\
\x00\x80\xd4\x9d\xf8\xae\x9c\xfc\xae\x1d\x8fy\x00\xc6\xee\xef\
U ;\xe3\x13\x7f\x14\x1cO\x22\x08N\x17\x00\x7f\x82\
\xb7\x80\xab\xc0E`\xc3]\x80\xb3(\x07c\xe0/\xe0\
\x17\xe0s\xe0\x8e 8=%\xee\x0d!/\x03\xd7\xdc\
\xc9\x1ft\xe0dg\xce\x89n\x01\x1f:\x18\xd2\xc0\x15\
\xa4\x13\x04\xe0i\xe0\x06p\xe0.|\xd2\x91c\x1b\x03\
\xeb\xce\x01\xde\x07\xfe\x90\x13\x9cN\xa3\xf5\xbc;\xd9\xa5\
\xfb\x7f\xd2\x91?\x19\xb0\x0f\x5c\x00\xde\x016;\x06\xa8\
\x19\x00.\x01\xc3\x8e\xee\x04<\x04\x97\x817\x81\x95\x0e\
\x8d\xaaf\x008\xd7q[\xcd\x80]\xe0I\xe05\xb9\
\xc0\xe9\xcc\xda]\x97\x87\xe0\x05\xe0\xba+Y\xdab\x9e\
\x10\x00}:\xd6=\xe0%\xe0YA\xb0|\x00x\x1d\
\x01\xaf\x03W\x04\xc1\xf2\x01\x900]P\xbd\x05<\xc2\
\xd9-\xac\x04\xc0\x19B0pc\xe1\x0d\xe0\xbc\x1a\xc3\
\xe5\x02\xc0\x1f\xf7\x01\xf0(\xf06\xb0\xa6\xf1p\xb9\x00\
\x08'\x83'\x5cO\xe0]@\x10,\xa0\xbc\xe7\xc7\xef\
!x\x8eI\x80\xf4\x99\x9a\xc2c\x95\xcb\x00@8\x1e\
^w\x10\xdc\xd4\xb5\x9f\xe9\x97|\xe3l\x16\x00\xafC\
\xe0U\xe0o\xe0\x07\x14\x1c\x8d\x98&\xbb\x8d\xe7\x22)\
\xcb\xf2#C\x96\xe77\x9b\x85n~\x0a`\x1b\xf8\x0a\
\xf8\xb1\x09\x02K\x0e\x10\xee\x086u\xfd\xb9\x8f\xc9\x9e\
d\x0b\xf8\x04\xf8\x82\x9a\xf7T\xe4\xc6\xbei?\x01\x0c\
u\xfd\x8f\xcbb\x0e\xbc\x02\xfc\xca\xe4\x8d53}A\
n\xf4\x1b\xd7(8\x9d\x92\x86L\xf6$/\x02\x7f\xba\
\xa9ih\xd5\x01\xa4z\x08\x0e\x80\xa7\x98\xe4'\xb7\x81\
o\x80/\x17\x01@o\xcf\xb6\xa15&\xdb\xd37\x80\
\xc7\x80\x8f\xf3\x05>q\xa5\xc7\x10\xf4\x1d\xde\x93:\xfe\
\x91\xeb\x0b\x0e\x99,\xcf~\xcb\xe7\xf8\xc2\x19\xf0\x13\xf0\
\xbb\xfb\xf7\x7f\xa9\xb9\xc9\x09}\xbc\xeb_7\xe9\xe0\xf1\
\x8c\x81\x87\xdc\x9d?p0<\x93\xcfq\xf1\xf7\x80\x0f\
\x5c\xf3 \xf5[\xeb\xc0{\x0e\x84\x01\xf0p\xcc\x012\
`\xc75\x11\xff\xe7\x8e]\xfd\xc6\xe9\xe8\xc8M\x00\xde\
1\xca|\x0e\xeb(\x9c}\xe8\xa1\x8c~\x8f\xc5%\x93\
\x87m6\x9d\xfdg\xc0N\x1a\xb9\x0b}\xd0\xa2\x8bo\
C\xf7\xb8\xc9\xcf\xe7\x03{\xe9\x9c\x0e\xb0H\xc3%u\
W\xf7\x06\x8d|\x14\x80cJ\x04\x80\x89\x12\x00\x93g\
@2\xe7\xe8\x19\xb0\x1bs\x80T\x00\x98\xd2\xc6\x22%\
\xc07\x0e\x8aV\xed\xe8\x1c\xb3\x0f\x03E{\x80a\xe0\
\x00\x1a\xcdl\x94\x00?\xf9\x8db\x00\xa4\xfeE:\x7f\
\xa6J\x80\x8f\x83G\xf3:\x80J@\xffU\x06\x0e\xe0\
\xdf43\x8c5\x81~\x7f\xac\x12`\x0b\x80r\x1e\x07\
(\x03JT\x02\xec\x00\xb0\xe1.\xbc\x07 \xea\x00\x03\
&9\x80\xd4\x7f\x85?\x0b\xc2\xf7wE\x0c\x80\xc2\xbd\
P%\xa0\xff\x13@V)\x01\xfb\xc0 6\x05\xec\xa1\
7XZQ\x1e\x94\x00\x1f\xf3\x0f\xdbz\x00\x0f\x80\xee\
|;#`\xb8\x05,\x80\xf1<% \xb4\x11\xa9\xbf\
\xf29\xc0L\xc6\x13\x9b\x02\x94\x03\xd8\xe9\x016\x02\x00\
\xd2\x18\x00a\x0f \x00\xec8@\xce4\x09,\xda\x00\
P\x10d\xb7\x04x\x87\x8f:\x80\x82 \x9b%\x00\xbf\
\x03h\x03@A\x90M\x07H\x02\x00\xe6r\x00\x95\x80\
\xfe+\x5c\x03\x87AP\xb4\x07P\x10d\x0b\x80\xbb\xd6\
\xc0M\x00(\x08\xb2\x0b\xc0L\x10\x14s\x00\x05Av\
\x94\xba\x12\x10\xde\xdc\xfb1\x00\x14\x04\xd9\x99\x00|\x10\
\xe4{\x80}w\x83\xb7N\x01\x0a\x82\xec(\x0f\x9a@\
\x1f\x04\x8d\xdaz\x00\x05A\xb6\x14\x06A3O{\xc5\
J@h#R\xbfw\x00a\x10t|m\xdb\xa6\x00\
\xe5\x00vz\x00\xbf\x05\x1c3\x9b\xf1D{\x00\x01`\
\xc7\x01\xaa%\x00 M\x1b\xa8\x19\xa3-\xa0\xc5\x12\xe0\
U\xc4\x1c \xcc\x01\xd4\x08\xda)\x01P\x09\xf9\xd2\x06\
\xfbW\x10d\xcf\x01\x92\x9a\x9b\xbb\xd1\x01\x14\x04\xd9P\
]\x104\x8a\x95\x00\x05A\xf6\x00\x08\x83\xa0\xd6\x12\xa0\
 \xc8.\x00a\x10\xb4\x17s\x00\x05AvT\x17\x04\
EK\x80\x82 ;\x13@5\x08:p7x#\x00\
\x0a\x82l\xa9\x1a\x04\xed\x867w]\x0f\xa0 \xc8\x96\
\x1a\x83\xa0\xb6\x12\xa05\xb0\xad\x1d@m\x10T\x07\x80\
\xa7DI\xa0\x9d\x1e\xa01\x08\x92\x03,\x8f\x03\xe45\
7wZ\x07\x80\x82 \xbb%\xc0;|\xd4\x01\x14\x04\
\xd9,\x01\xb5\xd76\xad\x19\x01Gr\x00s\x0e\x10\x06\
AE\xcc\x01\x86\xe8\x97CXP\xd3\x13A\xad%\xa0\
\xda\x03\xa8\x04\xf4\x1f\x800\x08\x1a\xb7\x95\x00\x05Av\
\x01\x18-\xe2\x00\x0a\x82\xec\xa8\x1a\x04E{\x00\x05A\
\xb6&\x80j\x10TP\xc9x\xea\xa6\x00\x05Av\xd4\
\xf8DPS\x0f\xa0 \xc8\x96Z\x83\xa0\xa6\x12\xa05\
\xb0\xad\x1d@c\x10\xd4T\x02\x14\x04\xd9\xe9\x01Z\x83\
\xa0\xa61P\x0e`\xcb\x01j\x9f\x08jr\x80\xb1v\
\x00&K\x80\xbf\xc1\x8b6\x07\xa8\xe6\x00j\x04\xed\x94\
\x00h\x08\xf9\xd2\xca'\xe9\x89 {\x0eP\xfbDP\
S\x09\xd0\x1a\xd8\x86Z\x7f4\x5c\x13\x00\x0a\x82\xec\x01\
P\x0d\x82\x8a\xa6\x12\xa0 \xc8.\x00a\x10\xb4\x1b+\
\x01\x03\xe0P\xe7\xcf\x842Z\x9e\x08\x0a\x01\x08\x83\x83\
\x1d\xa6I\xa0J@\xff]`#(\x01\xfb\xd4d<\
\xb9\xb3|\xdf,\xac\x03\x17\x80;h\x11\xd4\xe7\x11\xb0\
\x04.\x01\xe7\xddE_\x05n\x07\x00\x94!\x00\xdb\xc0\
\xe3\xce\xfa\xef\x07\xdeu/N\xe5\x02\xbd\xd6\x83\xc0\x1a\
p\xe4n\xf0[\x95\x86\xf0\x18\x80\xaf\x81+\x8e\x9c#\
\xe7\x00\x0f\xe8\xfc\xf5^C\xd7\xd3\xad\xb8\x9b\xfb\xdb\xba\
\x17\xe5\xc0w\xc0e\xe0\x9a#c\x80\xde\x0f`A\xe1\
/\x8a\xfc\x14\xf89\x18\xf5\xa7\xf5\xa2,K_3\xb6\
\x80\xab\xc0\xc5\xca\x02A\xea_\xf3\x97\xba\x86~\x1b\xb8\
\x09|\x1f\xf4\x06T\x01\xa8~l\x95i\x86,\xf5\xb7\
\x11\xf4%\x80\xa6\x8b_\x05\xc07}\xba\xf0\xb6@\xb8\
\xcb\xf6c\x0e \xdb\xb7S\x0a\xa2\xca\xff\xed'Jv\
:EI\x00H\x02@\x12\x00\x92\x00\x90\x04\x80$\x00\
$\x01 \x09\x00I\x00H\x02@\x12\x00\x92]\xfd\x03\
3#\x12$\xd3\xd0\xbc\xd7\x00\x00\x00\x00IEND\
\xaeB`\x82\
\x00\x00\x06\x80\
\x89\
PNG\x0d\x0a\x1a\x0a\x00\x00\x00\x0dIHDR\x00\
\x00\x00@\x00\x00\x00@\x08\x06\x00\x00\x00\xaaiq\xde\
\x00\x00\x02\xe1zTXtRaw prof\
ile type exif\x00\x00x\
\xda\xed\x97Mr$)\x0c\x85\xf7\x9c\xa2\x8f\x80$\x84\
\xe08\xfcF\xcc\x0d\xe6\xf8\xfd q\x96\xab\xec\x99\x88\
\xee\x9e\xc5,\x0a\x5c\x09\xa8\xc8'\xa1\x0f\xb0\xed\xc6\xdf\
\x7fM\xf7\x03\x85\xb2\xb0\x0bj)\xe6\x18=J\xc8!\
sA'\xf9\xab\x5c-\xf9\xb0\x9f\xbb\x84\xf3\x15\xc6O\
vw\x7f\xc10\x09Z\xb9\x86q\x9c\xf9\x05v}\xbc\
`\xe7\x05\xaa\xcfvg\xed\xe8\xa4#D\xb7\xf0.\xb2\
<\xaf~?A\x1e!\xe1\xcbNg\xec\xf2y\xa1\xc4\
O\xcb9\x1fnG\xf6\x88\xbf\x8e\x83!\x19]\xa1\x87\
\x1c\xf1\x10\x12\xbf\x9f|y\x12D!Y\xca\xb2\xe3\xe9\
%a\xa2\xdf\x96\xb0-$\xf25\x7f\xeeN\xdd7\x09\
\xbc{/\xf9\xf3\x1f\x91\xc9#\x1d\x97\xd0\xc7\xb2\xe2K\
\x9e\x8e\x9d\xf4\xc5.\xb7\x1b~\x8a\x88\xf8\xf6\xcc\x9f#\
2\xb9]|\xc9\xdf\x9c=\xcd9\xae\xd5\x95\x10\x1d\xd2\
\x15\xcf\xa2>\x96\xb2{\x98X\x91\xce+\x1b\x11\xd5\xf0\
Q\xf4m\xd7\x8c\x9a|\xf1\x0d\xd4:\x96Z\x9d\xaf\x18\
dbdvR\xa0N\x85&\x8d\xdd6j\x081\xf0\
`C\xcb\xdcX\xb6-\x89q\xe6\xb6\xa1\x84Ui\xb2\
9\xd0\xe8\x92\xc0\xaa\x81\x9c\xc0\xccw,\xb4\xfd\xe6\xe5\
\x0f\xce\x12<w\xc2L&\x88\x81\xf1su\xaf\x86\xdf\
\xadOBs\xaemN\xe4\xd3\x9d+\xc4\xc5k\x7f!\
\x8cEn=1\x0b@h\x9e\x9c\xea\xce/\xb9\xab\xf1\
\xafe\x81\x15\x10\xd4\x9d\xe6\x84\x05\x16_/\x89\xaa\xf4\
\xd8[\xb29\x8bW\x87\xa9\xe1\x1ci\xb2~\x04\x90\x22\
\xf8V\x04C\x02\x02>\x92(E\xf2\xc6lD\xc8c\
\x02\x9f\x82\xc8Y\x02W\x10 u\xca\x1dQr\x10\x89\
\x80\x83\xd3\x00\xdfx\xc7h\xcfe\xe5\xcb\x8c\xeb\x05 \
T\xa2\x18\xd0\xe0\xb8\x00V\x08\x1a\x22\xce[\xc2\x16*\
NE\x83\xaaF5M\x9a\xb5D\x89!j\x8c\xd1\xe2\
\xba\xa7\x8a\x89\x05S\x8bf\x96,[I\x92B\xd2\x14\
\x93\xa5\x94r*\x99\xb3\xe0\x1aS\x97c\xb6\x9cr\xce\
\xa5\xc0i\x09\x05Z\x05\xf3\x0b\x0c\x95\xab\xd4P\xb5\xc6\
j5\xd5\x5cK\xc3\xf6i\xa1i\x8b\xcdZj\xb9\x95\
\xce]:\xae\x00\xd7c\xb7\x9ez\xeee\xd0\xc0V\x1a\
a\xe8\x88\xc3F\x1ay\x94\x89\xbd6e\x86\xa93N\
\x9bi\xe6Ynj\x87\xea3\xb5Wr\xffN\x8d\x0e\
5\xde\xa0\xd6<{P\x83\xd9\xecC\x82\xd6u\xa2\x8b\
\x19\x88q \x10\xb7E\x00\x1b\x9a\x173\x9f(\x04^\
\xe4\x163\x9fY\x9c\x882\xa2\xd4\x05\xa7\xd3\x22\x06\x82\
a\x10\xeb\xa4\x9b\xdd\x83\xdc?rs\xc8\xee\xafr\xe3\
\xef\xc8\xb9\x85\xee\xbf \xe7\x16\xbaO\xe4\xber\xfb\x86\
Z/\xfb\xba\x95\x0dh\x9dB\xe4\x147\xa4\xe0\xf8a\
R\xe1\x84\x1f\xfc:\xf9\xbd\xd6\xf9?\x14x\x0b\xbd\x85\
\xdeBo\xa1\xb7\xd0[\xe8-\xf4\xbf\x12\x92\x89?\x1e\
2\xfe\x9d\xfa\x09A\x07\x91\xbb\x0a]<&\x00\x00\x01\
\x84iCCPICC profile\
\x00\x00(\x91}\x91=H\xc3@\x1c\xc5_[\xa5\xa5\
T:\xd8A\xc4!Bu\xb2 *\xe2\xa8U(B\
\x85P+\xb4\xea`r\xe9\x174iHR\x5c\x1c\x05\
\xd7\x82\x83\x1f\x8bU\x07\x17g]\x1d\x5c\x05A\xf0\x03\
\xc4\xc5\xd5I\xd1EJ\xfc_Rh\x11\xe3\xc1q?\
\xde\xdd{\xdc\xbd\x03\xfc\xcd*S\xcd\x9eq@\xd5,\
#\x93J\x0a\xb9\xfc\xaa\x10|E\x18!D1\x8c\xb8\
\xc4L}N\x14\xd3\xf0\x1c_\xf7\xf0\xf1\xf5.\xc1\xb3\
\xbc\xcf\xfd9\xfa\x94\x82\xc9\x00\x9f@<\xcbt\xc3\x22\
\xde \x9e\xde\xb4t\xce\xfb\xc41V\x96\x14\xe2s\xe2\
1\x83.H\xfc\xc8u\xd9\xe57\xce%\x87\xfd<3\
fd3\xf3\xc41b\xa1\xd4\xc5r\x17\xb3\xb2\xa1\x12\
O\x11\xc7\x15U\xa3|\x7f\xcee\x85\xf3\x16g\xb5Z\
g\xed{\xf2\x17F\x0a\xda\xca2\xd7i\x0e!\x85E\
,A\x84\x00\x19uTP\x85\x85\x04\xad\x1a)&2\
\xb4\x9f\xf4\xf0\x0f:~\x91\x5c2\xb9*`\xe4X@\
\x0d*$\xc7\x0f\xfe\x07\xbf\xbb5\x8b\x93\x13nR$\
\x09\xf4\xbe\xd8\xf6\xc7\x08\x10\xdc\x05Z\x0d\xdb\xfe>\xb6\
\xed\xd6\x09\x10x\x06\xae\xb4\x8e\xbf\xd6\x04f>Io\
t\xb4\xf8\x11\x10\xdd\x06.\xae;\x9a\xbc\x07\x5c\xee\x00\
\x03O\xbadH\x8e\x14\xa0\xe9/\x16\x81\xf73\xfa\xa6\
<\xd0\x7f\x0b\x84\xd7\xdc\xde\xda\xfb8}\x00\xb2\xd4U\
\xfa\x0688\x04FK\x94\xbd\xee\xf1\xeePwo\xff\
\x9ei\xf7\xf7\x03fdr\xa2MO9\x8f\x00\x00\x00\
\x06bKGD\x00\xff\x00\xff\x00\xff\xa0\xbd\xa7\x93\x00\
\x00\x00\x09pHYs\x00\x00.#\x00\x00.#\x01\
x\xa5?v\x00\x00\x00\x07tIME\x07\xe3\x0a\x08\
\x0f(\x0d\xfb\xb0f\xe8\x00\x00\x01\x90IDATx\
\xda\xed\x99\xe1m\xc20\x14\x84\xcf\x16\x03\xd0\x0d\xc2\x06\
\x8c\xd0n\xd0N@\x98\x80nT6\xe8\x0a\xd9\xa0#\
\x94\x0d`\x83\xf4\x8f+!\xd2\xa6\xcf\xee{\x8e\x8d\xef\
\xa4\xfc\x89P\x12\x7f\xdc\xbbs\xc0\x8d\xe3\x88\x96\xe5\xd1\
\xb8\x08\x80\x00\x08\x80\x00\x08\x80\x00\x1a\xd6J\xe9:\x92\
\xdd\x94+\xe0\x9at\x00\x01\x18\x8d\x803x6G\x07\
\x10\x00\x01\x14\x09\xe0\x1c**\xf5\xb8\xae9\xc9\xf9\xd8\
ck\x09\xa0\x07\xb0.\xfcK=D%m\xe4/B\
\x1f\xb1\x84g\xd2}\x14\x9eO\xd1\x03\x80\x8b\xb6\x03\x1e\
\x15\x16\x9fK\xaf\x16#\xb0\xab(\xdbv\xda\x00\xba0\
\xff\xb5H\xfc\xbcR\x005->\xca\x05\xd2\x10<+\
\xa6\x7f\x8e\x10\xfc\xd6\x13\x80\xe1\xbf\x0e\xa8\xa1\xfa\x92]\
 q\x80F\xf5-\xe5\x00\x00\xd8\x008\xa5:\xa0\xa6\
\xeaK\xca\xaf\xbf\x1c\xf0\x0e\xe0\xd9\xe857\x97\x03.\
ac\x14\xed\x80\xce`\xf1\xb7\x0b\xbe>\xac\xb4\x9es\
\x81\xd7\xdaS\x0bu\x12|f\xc8\xf9~\xe0S\xa8%\
h\x00\xf0\x12\x02IR]\x1b\x00G\xc5\xfboC\x9e\
\x893\xa0\x07\xf0f0\xf7\xb1\xd2\xcc\x83#\x80\xbd\x14\
\xc0g\xc8\x80{\x02\xf0c%\xfa_\xaa\xaf\xc3}\xaa\
\x978\xc0\xb2\xfa\x96v\xc0\xa4\x12}\xe6\xea[Z\x93\
p\xf7\x19\xaa\xaf4\x1d\xe6F@\xf3\xad\xaf\xc4\x11\x98\
<\xcf-\x00\xf3\x1b\x96\x06\x80\xff\x0b\x10\x00\x01\x10\x00\
\x01\x10@\xc3Z)\xf5\xb5\x95\x1c\x1d@\x00\x04\x905\
\x03\xf8.\xc0\x11 \x00\x02\xe0F\x88\x1b!\x8e\x00\x01\
\x10\x00\x01\x10\x00\x01\x10@\x0b\xfa\x02\x9ajr4\x08\
\x8cEi\x00\x00\x00\x00IEND\xaeB`\x82\
\x00\x00\x0ci\
\x89\
PNG\x0d\x0a\x1a\x0a\x00\x00\x00\x0dIHDR\x00\
\x00\x00\x80\x00\x00\x00\x80\x08\x06\x00\x00\x00\xc3>a\xcb\
\x00\x00\x00\x04sBIT\x08\x08\x08\x08|\x08d\x88\
\x00\x00\x00\x09pHYs\x00\x00\x0b\x13\x00\x00\x0b\x13\
\x01\x00\x9a\x9c\x18\x00\x00\x0c\x0bIDATx\x9c\xed\
\x9d}\x8c\x1ce\x1d\xc7\xbf\xbf\xdf\xec\x96Zv\xf1\xee\
\xea\xf5vv\xaf=!\xa5\xc5\x03yk)*j\x22\
A\x01\x15\x82ES\xde\x0a\x22\xf1%\x82\x221D1\
\xc6\x18\x14\x13\xa3\x18\x14\xfdCD-)\xef/j4\
jU\xb4\x88\xa81\x08\x94\xc2\x1d\x96\x96\x83\xde\xed\xcd\
\xec\xde\x89\xb4\x9d\xb1\x07w;\xcf\xcf?\xba5\x0di\
gf\xf7f\x9f\x99m\x9e\xcf\x9f7\xbfg\xe7;7\
\xbfy\xbe\xf3<\xf3\xbc\x00\x06\x83\xc1`0\x18\x0c\x06\
\x83\xc1`0\x18\x0c\x06\x83\xc1`0\x18\x0c\x06\x83\xc1\
`0\x18\x0c\x86\xc3\x0aJ[@R\x94\xcb\xe5\x15D\
t\x92\x88\xac\x04\xb0\x12\xc0\x12\xa5T\x81\x88\x8a\x00 \
\x22\x1e3\xfb\x00\xea\x00\x9e'\xa2m\x22\xf2\xb4\xe38\
\xcf\xa7\xa9;m\xba6\x01l\xdb^\x04\xe0\x02\x22\xfa\
\x80\x88\xbc\x87\x88\xecv~G)\xe50\xf3f\x11\xf9\
\xb5eY\xbf\xa8V\xab3\x09K\xcd4]\x97\x00\xa5\
Ri5\x11]MD\x17\x02(&\xfc\xf3{\x94R\
\x0f\x11\xd1\xf7]\xd7}2\xe1\xdf\xce$]\x93\x00\xb6\
m\xbf\x8b\x88\xbe\x0c\xe0}\x9aN\xb9ID\xbe\xee\xba\
\xee_5\x9d/\x152\x9f\x00\x95JePDn\x01\
pa\x1a\xe7\x17\x91\xfbs\xb9\xdcu\x13\x13\x13N\x1a\
\xe7\xef4V\xda\x02\xc2\xb0m\xfb\x1a\x00?\x07pr\
Z\x1a\x88\xe8x\x11\xf9D\xb1X\xdc\xedy\xde\xe3i\
\xe9\xe8\x14\x99\xac\x01\x86\x86\x86z\xe6\xe6\xe6~\x02\xe0\
Ciky\x1d\x0f-\x5c\xb8\xf0\xaa\xb1\xb1\xb1\xddi\
\x0bI\x8a\xcc%@\xa5R9VD6\x018&m\
-\x07CD^\xb0,\xeb\x9cj\xb5\xba#m-I\
\x90\xa9\x04(\x95J\xab\x99\xf97\x00\xfa\xe7\xf13{\
\x95R\xdb\x88h;\x80\x97\x01\xf8\xcd\xbf\x17\x00,\x16\
\x91\x15\xcc\xbc\x02\xc0\xa2y\x9ccJD\xce=\x1cZ\
\x0a\x99I\x80\xc1\xc1\xc15J\xa9\x87\xd1F\xd3N)\
\xf5\x14\x11\xdd'\x22\x7f\xaa\xd5jO\x02\x08\x22\x8aX\
\x83\x83\x83\xab\x82 8SD\xd61s;\xef\x18\x9e\
R\xea\xccZ\xad\xf6\xcf6\xcaf\x86L$@\xb9\x5c\
^\x09\xe01\x00o\x8a[FD\xe6Ddc.\x97\
\xbb\xa5Z\xad>3\x9f\xf3W*\x95\x13\x95R\xd7\x11\
\xd1e\x00r-\x14\x9d&\xa23&''\xb7\xcf\xe7\
\xfci\x92z\x02\x94J\xa5~f~\x1c\xc0P\xdc2\
\x22r?\x80\xeb]\xd7\x1dOR\xcb\xc0\xc0\xc0\x9b-\
\xcb\xba\x19\xc0\xda\x16\x8a\xbd\x08\xe04\xc7q^NR\
\x8b.8\xe5\xf3\x133oD\xcc\x9b/\x22\xae\x88\x9c\
\xe3\xba\xee\xba\xa4o>\x00\xd4\xeb\xf5\x97\x1c\xc7\xb9\x90\
\x88>\x08`*f\xb1\xa3Ed\x032\xf00\xb5C\
\xaa\xfd\x00\xb6m\x7f\x91\x88>\x19'VD6+\xa5\
\xce\xaa\xd5j[;\xad\xcb\xf3\xbc\xed\xbd\xbd\xbdw)\
\xa5\xd6 Fr\x12\xd1\x8ab\xb1\xe8y\x9e\xf7\xf7N\
kK\x9a\xd4\xb2\xb6\x5c.\xafPJ=\xc3\xcc\x0b\xa2\
b\x95R\xf7\xf5\xf5\xf5]>:::\xabC\xdb~\
\x96/_~\xc4\xde\xbd{\xefB\x8c^H\xa5\xd4\xab\
\xf9|\xfe\x84\x89\x89\x89\x174HK\x8c\xd4\x12\xa0T\
*\xfd\x81\x99\xcf\x8a\x11z\xb7\xe38\xeb\x01\xa8Nk\
:\x04l\xdb\xf6\xbdD\xf4\x91\x18\xb1\x9b\x1c\xc79\xb7\
\xe3\x8a\x12$\x95w\x00\xdb\xb6/\x88y\xf3\x7fg\xdb\
\xf6G\x91\xde\xcd\x07\x00\xd5\xdb\xdb{\x99\x88l\x8e\x11\
{N\xb9\x5c>\xaf\xe3\x8a\x12$\x95\x1a\xa0\x5c.?\
\x01\xe0\xd4\x88\xb0\x9d\xb9\x5c\xee\x94\xf1\xf1\xf1Wth\
\x8a\xa2T*\xf5\x03\xd8\xc2\xcc\xe5\x88\xd0\xc7\x1d\xc7Y\
\xa3CS\x12h\xaf\x01J\xa5\xd2\xb9\x88\xbe\xf9\x0a\xc0\
\xc5Y\xb9\xf9\x00P\xab\xd5\xa6-\xcb\xba\x14\x80D\x84\
\x9ef\xdb\xb6\xaeO\xd6\xf3F{\x020\xf3\xb5Q1\
\x22r\x9b\xe38\x99{\xa3\x9e\x9c\x9c|DD\xee\x88\
\x11\x1ay\x8dYA\xab\x05,]\xba\xb4\x1c\x04\xc18\
B\x9a\x9f\x22\xb2;\x9f\xcf\x1f\x9d\xa5\xa7\xff@\x06\x06\
\x06\x96X\x965\x06\xe0\xc8\x90\xb0F\xa3\xd1\x18\x9c\x9a\
\x9a\xaa\xeb\xd2\xd5.Zk\x80 \x08.AD\xdf\x03\
\x11\xfd \xab7\x1f\x00\xea\xf5\xfa\x94\x88\xfc0\x22,\
\x97\xcf\xe7/\xd1\x22h\x9e\xe8\xb6\x80\xf3\xc3\x0e\x8a\xc8\
\x5c\x10\x04\xdf\xd5%\xa6],\xcb\xfa\x0e\x22>8)\
\xa5B\xaf5+hK\x00\xdb\xb6\x17)\xa5N\x0f\x8b\
\x11\x91\xdf\xd6\xeb\xf5\xb8]\xb0\xa9Q\xadV'\x01\xfc\
1,FD\xde>44\xb4P\x93\xa4\xb6\xd1Y\x03\
\x9c\x11\xd5\xeb\xc7\xccw\xeb\x12\x93\x00\xa1Z\x99\xf9\x88\
F\xa3\xf1\x0e]b\xdaEg\x02D5\xfdDDB\
\x9f\xaa,\xc1\xcc\x0fG\xc5\x88H\xd45\xa7\x8e\xb6\x04\
h\xce\xd8\x09c\xd4u\xdd\x7fk\x11\x93\x00\xd5ju\
R)\x155,,\xea\x9aSGg\x0d\x10\xfa\xcfP\
J=\xabKHR0s\x94f\x93\x00\xff?QD\
\x17*\x11u\xe3\x1c\xbdma\x07E$\xaa\xdb8u\
t\xd6\x00\x85\x88\xe3\x99\x7f\xfb?\x08\xa1\x9a\xf7OL\
\xcd2\xda\x12@)\x15\xfa\xcf \x22O\x97\x96\xa4\x10\
\x91P\xcdQ\xd7\x9c\x05tZ@h\x0f\xa0R*j\
$o\xe6 \xa2F\xc4\xf1V\x06\x98\xa6\x82\xce\x1a\xc0\
\x0f;\xce\xccQ\x16\x919D$\xf4\x09\x8f\xaa!\xb2\
\x80\xcew\x80\xd0\x04\x10\x91\x1e]B\x92\x82\x88z\xc3\
\x8e3\xb3I\x80\x03\x08\x1d6MD\xcbu\x09I\x90\
(\xcd\x99\x1f*\xae-\x01\xa2\x9ayJ\xa9\xb7\xe8\xd2\
\x92 \xc7\x85\x1dTJe\xbei\xab\xb3\x06\x08m3\
\x038u\xf9\xf2\xe5GhQ\x92\x00\xfd\xfd\xfd\x05\x11\
9),\x86\x88\xa2\xae9ut\xd6\x00\xa1\xbdf\xcc\
\xbcpff&\xf3\x1fO\xf6cY\xd6;\x89(\x1f\
\x16\xc3\xcc#\xba\xf4\xb4\x8b\xb6\x04\x98\x9b\x9b\xfbsT\
\x8cR*\x95U@\xda\x81\x99\xa3\xb4J\xa3\xd1\x88\xbc\
\xe6\xb4\xd1\x96\x00\xd3\xd3\xd35\x00\xff\x0a\x8b\x11\x91\x8b\
V\xadZ\x15\xfaTe\x81\xa1\xa1\xa1\x85\x22\x125O\
`\xa4\x1b\xc66\xe8\x1e\x11\xb4)\xec 3/v]\
7\xf3C\xa9\x1a\x8d\xc6\x15D\xf4\xc6\xb0\x98\xe6\x22\x17\
\x99Gk\x02\x88\xc8\x9dQ1J\xa9\x1b\x90\xfe\xa4\xd5\
0r\x22\xf2\x85\xa8 \x22\xbaK\x87\x98\xf9\xa2\xf5\x1f\
\xed\xba\xee\x13\x00B_\x8c\x98ye\xa5R\xf9\xb8&\
I-c\xdb\xf6\xd5\x00\x8e\x0e\x8bQJmu\x1cg\
\x8b&I\xf3B\xfb\x93&\x22\xb7E\xc5\x04A\xf0\x8d\
\xe6L\x9cL\xb1l\xd92\x9b\x88n\x8c\x8ac\xe6\xc8\
k\xcc\x0aiT\xb5\xb7#\xe23*3\xf7\x11\xd1\x06\
dk\xce=\xcf\xce\xcen\x04pTD\x5c-\x9f\xcf\
\xffX\x87\xa0$\xd0\xbe>\x80\xef\xfbs\x85B!G\
D\xa1\x93C\x89\xe8\xd8B\xa1\xf0\x9a\xef\xfb\x8f\xe9\xd2\
\x16\x86m\xdb_e\xe6+c\x84\xdeX\xadV\x1f\xed\
\xb8\xa0\x84H\xebe\xeb{\x00vF\x05\x11\xd1M\xa5\
Ri\xbd\x06=\xa1\xd8\xb6}\x15\x11}%F\xe8X\
>\x9f\xbf\xb5\xe3\x82\x12$\x95\x15B\x9a\xb5\xc0\x8bD\
tQD(\x11\xd1y\x85B\xe1\x05\xdf\xf7\xe7\xb5\x10\
T\xbb\x94\xcb\xe5+\x88\xe8G\x88\xf1\xb0\x10\xd1\xfa\x89\
\x89\x89\xe74\xc8J\x8c\xd4\x96\x88\xf1}\x7f[\xb1X\
<\x19\x11\x1fT\x000\x11\xad-\x16\x8b\xff\xf5<\xef\
o:\xb4\xed\xc7\xb6\xed\x1b\x88\xe8V\xc4\xb8\xf9\x22\xf2\
\xa0\xe387i\x90\x95(\xa9\xbed\x0d\x0e\x0e\xf65\
\x1a\x8d-\xcc\xbc4f\x91\x9f\xe5\xf3\xf9\xabv\xee\xdc\
\xb9K\x83\xae\x0d\xcc\x1cw\xb1\x87\x97\xf2\xf9\xfc)\x9d\
\xd6\xd5\x09R\xedp\xa9V\xab\xffa\xe6u\x222\x17\
\xb3\xc8\xda\xd9\xd9\xd9Q\xdb\xb6;\xd6[X\xa9T.\
WJ=\x17\xf7\xe6+\xa5f\x99y]7\xde| \
#\xcd\xacR\xa9\xb4\x9e\x99\xef@\x0bzD\xe4\x1fD\
t\x93\xe38\xbfJ@\x02\xd9\xb6}~s?\x82\xd5\
-\x94\x13\x11\xb9\xd4u\xdd{\x12\xd0\x90\x0a\x99H\x00\
\x00(\x97\xcb\x9f\x07\xf0\xedV\xcb)\xa5\xb63\xf3\x9d\
\x00\xees\x1c\xa7\xa5\xef\xef\xb6m\x1fGD\xeb\x94R\
\x971s\xcb#\x92D\xe4s\xae\xebf~6s\x18\
\x99I\x00\x00(\x97\xcb\xd7\x03\xf8&\xda\xd4\xa5\x94\x9a\
d\xe6G\x01<\x07\xe0y\x00/\xef\x1fn\xde\x1c\xc0\
\xb9\x18\xc0\xca\xe6\xe8\xa3w\xc7X\xef\xe7P\x08\x80\xeb\
\x1d\xc7\xb9\xb9\xcd\xf2\x99!S\x09\x00\xeckva_\
oaV\x87T\x0b\x80\x8f9\x8e\xb3!m!I\x90\
\xb9\xafn\x8e\xe3\xdcAD\xef\x15\x117m-\x87\x80\
D\xa4\x1b\x07\xb0\x1e\x94\xcc\xd5\x00\xfbi\xae\xc5\xb3\x11\
\xfa6\x89j\x85@)\xf5\xb6n_*\x1e\xc8p\x02\
\xec\xa7\xd9B\xf8\x16\x80\x81\xb4\xb5\xbc\x8eg\x17-Z\
\xb4z\xc7\x8e\x1d\xaf\xa5-d>dz\xd3(\x00\xf0\
}\x7fk__\xdf\xedA\x10XDt\x12\x80\xc8\xb5\
\x855\xb1dvv\x16\xbe\xef\xc7YA4\xb3d\xbe\
\x068\x90r\xb9\xbcXD\xaem\xae0\xbe\xa4C\xa7\
\x99\xc6\xbe%\xe0\xe2l)\x13\x88\xc8\xe9\xcd\x81.]\
IW%\xc0\x01\xe4*\x95\xca\xd9A\x10\xac\x07p6\
3\xcfkZ\x99R\xea\x15f\xde\xa4\x94\xdaX\xab\xd5\
~_*\x95.`\xe6\x07c\x16\x7f\xb6\xa7\xa7g\x95\
\xee\x95\xcc\x93\xa2[\x13\xe0@\xd8\xb6\xedS\x88\xe8=\
\x00N\xdc\xbfy\xf4\xa1\x06m\x8a\xc8n\x00\xdb\x9a\x93\
6\x9e\x16\x91\xcd\xae\xebn\xc1\xeb\x16\xa4.\x95J\xf7\
2\xf3\xba8\x02D\xe4k\xae\xeb\xc6\xf9\x5c\x9c9\x0e\
\x87\x048(\xc3\xc3\xc3\x0bv\xed\xdaU\x0c\x82\xe0(\
\x00\xb0,kOOO\x8f\x17\xf7Imne3\x82\
x;\x98\x05\x22\xb2\xa6\x1bw\x11;l\x13 \x09*\
\x95\xca\x87E\xe4\x818\xb1\x22\xf2Loo\xef\xean\
\xb3\x82\xcc\xb7\x02\xd2\xc4\xf3\xbc\xd1B\xa10LD\xc7\
G\xc5\x12\xd1\xc0\xcc\xcc\x8c\xf8\xbe\xff\x88\x06i\x89a\
j\x80\x08\x9aV0\x8ax[\xda5\x00\xacq\x1c\xe7\
\xa9\x0e\xcbJ\x8c\xccu\x05g\x8dZ\xad6MD\x9f\
\x8e\x19\x9eSJm\x18\x1e\x1e\xceJ_E$\xc6\x02\
b\xd0\xb4\x82\xe3[\xb0\x02\xd5-V`, &\xcd\
o\x13#\x88o\x05\xa7u\xc3\xec c\x011i\xce\
\xf4\xbd:fx\xd7X\x81\xb1\x80\x16\xf0<o\xa4P\
(\x9c@D\xc3Q\xb1DTz\xf5\xd5W\x03\xcf\xf3\
2\xbdF\x80\xb1\x80\x16\x19\x18\x18XBD\xa3\xcc\xbc\
8Fx\xe6\xad\xc0X@\x8b\xd4\xeb\xf5)fn\xc9\
\x0a\xb2\xbc\xe8\x85\xb1\x806\xf0<o\xb4X,\x9e\x00\
 \x96\x15\xf8\xbe\x9fY+0\x16\xd0&K\x96,\x19\
`\xe6\x91\xb8V@D\xab'''\x9f\xee\xb8\xb0\x16\
1\x16\xd0&SSS\xf5V\xac \x08\x82LZ\x81\
\xb1\x80y\xd0\xb4\x82\xb7\x02\x88\x5c\xe4\xb2i\x05\x8d\xac\
Y\x81\xb1\x80y\xd2\xedV`,`\x9e4\xad\xe0\x9a\
\x98\xe1\xb9 \x08~\x9a%+0\x16\x90\x00\x9e\xe7\x8d\
\x14\x8b\xc5\x13\x11\xcf\x0al\xdf\xf7\xe7<\xcf\xcb\xc4*\
\x22\xc6\x02\x12\xa2\xbf\xbf\xbfdY\xd6\x083\xf7E\xc5\
\x8a\xc8\x1c3\xaf\x9e\x9c\x9c\xdc\xaaC[\x18\xc6\x02\x12\
bzz\xbaFD\xb1\xac\x80\x88\xf2\x22\x92\x09+0\
\x16\x90 \xbe\xef\x8f\x14\x8b\xc5\x93\x10\xbd\xea\x09\x00\xd8\
\xbe\xef\xcf\xa6m\x05\xc6\x02\x12\xa6U+\xb0,kU\
\xb5ZMe\xfd#\xc0X@\xe24\xad\xe03qb\
\x89(\x9f\xf6\xb7\x02c\x01\x1d\xc0\xf7\xfdgc.\x80\
\x05\xec\xb3\x82\xd7<\xcf\xfbK\xa7u\x1d\x0cc\x01\x1d\
b\xd9\xb2e\xf6\xec\xec\xec\x083\x87n,\x05\xec\xb3\
\x02\xa5\xd4)\xf5z]\xfb\x06\x13\xa6\x06\xe8\x10\xbbw\
\xef\xf6\x8b\xc5b\x95\x88\xd6F\xc5\x12\x91\xc5\xcc\x03\x9e\
\xe7\xdd\xafC\xdb\x81\x98w\x80\x0e\xe2\xba\xee\xddJ\xa9\
_\xc6\x89UJ\xbd\x1f)<\x90&\x01:\x8b,X\
\xb0\xe0SJ\xa9W\xa2\x02\x99\xf9\x0d\xc7\x1cs\x8c\xf6\
\xcd3M\x02t\x98\xf1\xf1q\x17\xc0gc\x84zc\
cc\xda7\x9a4\x09\xa0\x81Z\xadvW\x94\x15(\
\xa5\x1e\xc0\xebf(\xeb\xc0$\x80\x1e$\x97\xcb]\xa9\
\x94:\xd4g\xe0q\xa5\xd4\x97\xb4*jbZ\x01\x9a\
\xd8\xb3g\xcf\xcc\x91G\x1e\xb9\x91\x88\x1aD4\x04\xa0\
\x07\xc0\x1e\x11\xb9'\x9f\xcf_\xec8N-m\x8d\x06\
\xbd\xe4`\xfaa\x0c\x06\x83\xc1`0\x18\x0c\x06\x83\xc1\
`0\x18\x0c\x06\x83\xc1`0\x18\x0c\x06\x83\xc1`0\
t\x80\xff\x01\xderzYC\xce\xf8\xef\x00\x00\x00\x00\
IEND\xaeB`\x82\
\x00\x00\x09c\
\x89\
PNG\x0d\x0a\x1a\x0a\x00\x00\x00\x0dIHDR\x00\
\x00\x00c\x00\x00\x00c\x08\x06\x00\x00\x00\x8f;\xbe\x95\
\x00\x00\x02\xe1zTXtRaw prof\
ile type exif\x00\x00x\
\xda\xed\x97Q\x92\xdb \x0c\x86\xdf9E\x8f\x80$\x84\
\xe08``\xa67\xe8\xf1\xfb\x83\x89\xb3\xc9\xa6\x9d\xe9\
\xb6\x0f}\x88Il,\xcb\x92\xf8?`7\xae\xff\xf8\
>\xdc7\x1c\x94\x85]PK1\xc7\xe8q\x84\x1c2\
\x17t\x92?\x8f\xf3J>\xac\xf3:\xa2\xecg\xf4h\
w\xd7\x03\x86i\xf6\xf7}\xec\xdb\xbf\xc0\xae\xf7\x17,\
l{}\xb4;;v\x9c\xb4\x03\xed\x07\xb7\x8023\
3:m\x17\xb9\x03\x09\x9fv\xda\xf7.\xf3\xd9)\xf1\
\xc3p\xf6Wl\x85\xb8\x9c\x9f\xef\x83A\x8c\xa60B\
#\xeeB\xe2\xd7\x99\xcfL\x82*$K\x99v\x9c\xbd\
$8\xfae\x11\x89\xcbn\x9f\xf5s\x97t/\x04\xbc\
zO\xfa\xf9c\xdb\xe5.\xc7\x19\xe86\xac\xf8\xa4\xd3\
\xb6\x93\xbe\xd6o\xa9\xf4\xb1\x22\xe2+3\x7f\xac\xc8\xe4\
J\xf1I\xbf1Z\x1a\xa3\x9f\xa3+!:\xc8\x15\xf7\
\xa0nCY=8V\xc8)\xeb\xb5\x88f\xf8*\xfa\
\xb6ZFK\xbe\xf8\x03\xc27\x0c\xb5:_q\x93\x89\
\xa1\xec\xa0@\x8d\x0a\x0d\xea\xebz\xd0\x81\x12\x03w6\
\x5c\x99\x0f\x96eKb\x9c\xf9XP\xc2l4\xd8\x1c\
h4I`u\x80\x9c\xc0\xccW-\xb4\xf2\xe6\x99\x0f\
\xc9\x1227\x82'\x13\x82\x81\xf1cs\xcf\x86\xaf\xb6\
\x87@c\xcciN\xe4\xd3\xa5\x15\xea\xe29\xbfP\xc6\
$7\xcf\xf0\x02\x10\x1a[S]\xfa\x92;/\xfe\xf9\
\x98`\x05\x04u\xc9\x9c0\xc0\xe2\xeb\x19\xa2*\xdd\xe7\
\x96,\xce\xe2\xd5\xc15\xf8s\xca\x93\xb5\x1d\x00\x12!\
\xb7\xa2\x18\x12\x10\xf0\x91D)\x927f#\x82\x8e\x09\
|\x0a*g\x09\x5cA\x80\xd4)7T\xc9\x01\xb3\x1f\
p\xb0\x1a\x90\x1b\xef\x18-_V>\xcd\xd8^\x00B\
\xb1D\x0ch\xb0\x5c\x00+\x04\x0d\x11\xeb-a\x0a\x15\
\xa7\xa2AU\xa3\x9a&\xcdZ\xa2\xc4\x105\xc6hq\
\xeeS\xc5\xc4\x82\xa9E3K\x96\xad$I!i\x8a\
\xc9RJ9\x95\xccY\xb0\x8d\xa9\xcb1[N9\xe7\
R\x90\xb4\x84\x82X\x05\xfe\x05\x86\xcaUj\xa8Zc\
\xb5\x9aj\xae\xe5\xc0\xf49\xc2\xa1G<\xecHG>\
J\xe3&\x0d[\x80k\xb1YK-\xb7\xd2\xa9c*\
\xf5\xd0\xb5\xc7n=\xf5\xdc\xcb\xc0\x5c\x1b2\xc2\xd0\x11\
\x87\x8d4\xf2(\x17\xb5M\xf5\x91\xda3\xb9\xdfS\xa3\
M\x8d\x17\xa8\xe9gwj0\x9b\xddB\xd0\xdcNt\
2\x031\x0e\x04\xe26\x09`B\xf3d\xe6\x13\x85\xc0\
\x93\xdcd\xe63\x8b\x13QF\x95:\xe14\x9a\xc4@\
0tb\x1dt\xb1\xbb\x93\xfb%7\x07u\xff\x94\x1b\
\xbf\x22\xe7&\xba\x7fA\xceMt\x1f\xc8}\xe6\xf6\x82\
Z+k\xbb\x95\x05h\xaeBh\x8a\x1dR\xb0\xfc\xe0\
T8\xe1\x83?'_\xbb:\xff\x97\x01\xde\x81\xde\x81\
\xde\x81\xde\x81\xde\x81\xde\x81\xde\x81\xfe\xab@2\xf0\xcf\
C\xc6\xcf\xa9\x9f$w\x91\x83\x16'\x1f\x83\x00\x00\x01\
\x84iCCPICC profile\
\x00\x00(\x91}\x91=H\xc3@\x1c\xc5_[\xa5\xa5\
T:\xd8A\xc4!Bu\xb2 *\xe2\xa8U(B\
\x85P+\xb4\xea`r\xe9\x174iHR\x5c\x1c\x05\
\xd7\x82\x83\x1f\x8bU\x07\x17g]\x1d\x5c\x05A\xf0\x03\
\xc4\xc5\xd5I\xd1EJ\xfc_Rh\x11\xe3\xc1q?\
\xde\xdd{\xdc\xbd\x03\xfc\xcd*S\xcd\x9eq@\xd5,\
#\x93J\x0a\xb9\xfc\xaa\x10|E\x18!D1\x8c\xb8\
\xc4L}N\x14\xd3\xf0\x1c_\xf7\xf0\xf1\xf5.\xc1\xb3\
\xbc\xcf\xfd9\xfa\x94\x82\xc9\x00\x9f@<\xcbt\xc3\x22\
\xde \x9e\xde\xb4t\xce\xfb\xc41V\x96\x14\xe2s\xe2\
1\x83.H\xfc\xc8u\xd9\xe57\xce%\x87\xfd<3\
fd3\xf3\xc41b\xa1\xd4\xc5r\x17\xb3\xb2\xa1\x12\
O\x11\xc7\x15U\xa3|\x7f\xcee\x85\xf3\x16g\xb5Z\
g\xed{\xf2\x17F\x0a\xda\xca2\xd7i\x0e!\x85E\
,A\x84\x00\x19uTP\x85\x85\x04\xad\x1a)&2\
\xb4\x9f\xf4\xf0\x0f:~\x91\x5c2\xb9*`\xe4X@\
\x0d*$\xc7\x0f\xfe\x07\xbf\xbb5\x8b\x93\x13nR$\
\x09\xf4\xbe\xd8\xf6\xc7\x08\x10\xdc\x05Z\x0d\xdb\xfe>\xb6\
\xed\xd6\x09\x10x\x06\xae\xb4\x8e\xbf\xd6\x04f>Io\
t\xb4\xf8\x11\x10\xdd\x06.\xae;\x9a\xbc\x07\x5c\xee\x00\
\x03O\xbadH\x8e\x14\xa0\xe9/\x16\x81\xf73\xfa\xa6\
<\xd0\x7f\x0b\x84\xd7\xdc\xde\xda\xfb8}\x00\xb2\xd4U\
\xfa\x0688\x04FK\x94\xbd\xee\xf1\xeePwo\xff\
\x9ei\xf7\xf7\x03fdr\xa2MO9\x8f\x00\x00\x00\
\x06bKGD\x00\xff\x00\xff\x00\xff\xa0\xbd\xa7\x93\x00\
\x00\x00\x09pHYs\x00\x00\x0b\x13\x00\x00\x0b\x13\x01\
\x00\x9a\x9c\x18\x00\x00\x00\x07tIME\x07\xe3\x0a\x08\
\x0f$\x12\xda\x0d$\x11\x00\x00\x04sIDATx\
\xda\xed\xdd\x7f\xa8\x9ec\x1c\xc7\xf1\xd7\xb3\x1dsf6\
\x13k\x93\x1f35\xa6\x94tl~\x95_M:\x8a\
\x86Pb\x19\xf1\x87\x93?(\xa1\x14\xf9\x8f\xe2\x1f?\
\xd3\x861Ei\x225\xb4\x98\x14\xa1h\x0aMi\x86\
p\x9a_\xb3\xed\x98\xb6\x9d\xc7\x1f\xf7u\xf2xv\x9f\
,\x9e\xfb9\xd7\xfd\x9c\xef\xe7\xcf\xf3=u]\xcf\xf5\
\xbe\xbf\xd7\xf7\xc7u\xdd\xdd\x8df\xb3)\x94\x87\xfa\xba\
4N;\xf1F\xe6\xeb2!\xf3\x9d\x12\xcfc>\x0a\
\x18\x01#\x140\x02F(`\x04\x8cP'\xea\x8cn\
W~u\xab4\xab\x9eo#<#\xb6\xa9P\xc0\xa8\
Q\xcc(\xdd\xc3*\xdcs'{o\xaa\x19\x9e\x11\xdb\
T(`\x04\x8cP\xc0\x08\x18\xa1\x801\x09\xeb\x8cN\
\xabQ\xb3ui\x84g\xc46\x15\x0a\x18\xa1\x80\x110\
B\x01#`\x84:^g\xc4m\xe8\xf0\x8c\x80\x11\x0a\
\x18\xa1\xfd\x8d\x19\x8dX\x9aJ\x15g\xe0\xb1M\x85\x02\
F\xc0\xf8\xef\x8a\x18\xa5{\x87K\xfb\x13\xd0\x06p9\
vw\xa9\xe8\x9c\x8e\xcf\xb1:`\xec\xab3qW\x97\
\xc7\xfc('\x189\xc5\x8c?'`\xcc\x1d\x1132\
\xcf\xf7\x03\xc6\xc4\xccez\x04\xf0r\xed\xfe\x97'x\
\x0fF0\xda\xa1\xeck6\xb6\x06\x8cr}\x89u\xb8\
\xb0\xc4KF\xf0.\xee\xc0O\xe8\xef\x90'\xee\x0c\x18\
\xe5\xfa\x14\x8f\xa6'\xf6T\x1c\xd0b\xeb\xc7Q)\xe3\
z\x0e\xdfG\x9dQm\xd1\xb7-y\xc6\xd1i^\x8b\
[\xecSq\x12\xee\xc4^\xbc\x80\xed\x01\xa3\xda\xacf\
\x14O\xe0\xc0\xe4!\x0b\xdb\xfeo>\x86\x92\xfd\x91^\
\x83\x91kj\xbb\x06\x0fa\xb8\xc4v2\xae\xc65\x09\
\x0a=\xd2N\xc9\x15\xc6\xcfx\x05O\xe2\xdb\x12\xfb\x00\
n\xc09)\x9e\xf4\xc4\x99}_\xc6s\xfb\x01\x0f`\
\x1e.\xc3a-\xb6i87y\xce\x1e\xbc\x150\xaa\
\xd7N\xdc\x97\x82\xf5m%\xf6\xabR@\xdf\xae\xe83\
\xc56Uq`\xff\x0e\xcf\xe3\xb1\xe4\x05\xed\x1a\xc4-\
8\xa1\xee\xb1\xa3\xaf&\xf3\xfc8\x818\x0eg\xe3\xa0\
\x16X\x87b\x19\xb6\xa4\xc0\xbf)<\xa3z}\x81\xbb\
S%\xae-\x8b\x9a\xa9h\xbf/K1&`T\xac\
\xdd\xd8\x88\x87\xf1jI\x8d25mW7\xcb\xac\x01\
\xd8k\xdb\xd4\x98\xf6\xe0\xed\xb4\xd8s\xb1\xa4-N\x1c\
\x89+\x14\xfd\xab\xd5\xa9\xaa\x0f\x18\x15j\x04\xeb\x13\x90\
Y8\xb1\xcd\xbe\x08\xb7\xe3\xeb\x94\xf2\xee\xa8\xcb\x0f\xab\
\xeb\xe1\xd2oX\x8bU\xf8\xac\xc4>\x0f\xf7\xe3\xe2\x88\
\x19\xdd\xabA\xd6\xe0\xe9\x04d\xb4\xcd\xe3\x17\xe1&,\
\xafK\xca[W\x18c\x8b;\x9c\x8a\xbd-\xe3\xb4D\
\x8e\xc5\x82\x80Q}18\xa6\xb98|\x9c\x05\x7f\x1f\
\xaf\xabI\xef\xaaO\xbdu\x96\xa2o\xb5\xb8\x0dF\x13\
\x1f\xe2e|\x101\xa3z\x1d\x81\xeb\xb0\xb4\xc4+~\
\xc4\xca\x94\x06Gj[\xb1\xe6\xe0\x22\x5c\x92\xb6\xa8V\
mM[\xd3Z\xfc\x12\xd9T\xf5:\x1d\xf7\x96\x80\x90\
\xda%\xf7\xd4\xad\xe0\xab\xabg\x0c\xe2F\xc5\x05\x85v\
\xad\xc33\xca\x0f\xa4\xc23:\xac\xf9\xa9\xdd\xb1\xb4\xc4\
\xf6\x0d^T\xe3\x83\xa6:\xc1\x98\x83\x158\xcf\xbe\x8d\
\xc0\xe1T\x00n\x90\xd9]\xa8^\xdc\xa6f(\xeeL\
\xad\xc01m\xb6?R\xfa\xfa\xb8\xe2 JxF\xf5\
\xf5\xc4P\x09\x08xGq\x0aXk\x10u\x81\xb1P\
\xf1\x12\xcd\x05%\xb6\xaf\xf0\x12\xde\xd0\x03\xca\x1d\xc64\
\xdc\x9a\xaa\xecv\xed\xc2\x83xM\x8f(\xe7\x981\x1b\
W\xe2\xfc\x92z\xe2\xd7\xd4\xeaX\xaf\xfc\xa2[xF\
\x87\xe7\xb5\x04\xd7+.!\xb4j\xac\xef\xb4\x0a\x9b\xf5\
\x90r\xf5\x8cSp)N+\xb1mT\xdc6|O\
\x8f)G\xcf8\x18\xd7\xa64VI\x1a\xbbRq\xa0\
$`T\xab\xfe\x94\xc2\x0e\xfa\xfbR\xf3\xd8Y\xc4\x88\
\xe2\xfd\x8d7S\xf0\xee9\xf5e\x06\xe2\x0cE[\xfc\
\xf8\x96\xbf7RU\xbd!\xd5\x13\x9b\xf5\xa8r\x821\
\x90\xd2\xd8\x05%\xb6O\xf0\xac\xe224\xc5\x1d\xa9N\
\xa8\xe9\x9fg\xe7\x13\xaaF\xfa\x1ex\x0e\x9f\xe1Y\x8e\
\xa7\xc6Y\xe8\xdf\x15\xaf\x8emKs\x9d\xe2\xff\x1f\xa5\
\x1e\xa2h*\x0eM\xc0o-]\xef\x9c<c\xc68\
 \x9a\x8a\xfbQ\xb3*\x183\xabW\xd1r\x0a\xe0{\
\xc7\xf3\xde\x0a\xc7\x0c\x18\xa1\xfca\xf4O\xc0\x98\xb3r\
\x82\x91S\xcc\xd8\xa4\xe85\xed\xeaR\x8633\xb7*\
>\xa7lj2\xa9t\xbd#fD\xcc\x08\x05\x8c\x80\
\x11\x0a\x18\x01#TE\x9d\x11\xdf\xcf\x08\xcf\x08\x18\xa1\
\x80\x11\x1a/fD\xfb#<#\xd4\xaa\xbf\x00U\xe1\
\xcc\x89\x0dB\xe7\xed\x00\x00\x00\x00IEND\xaeB\
`\x82\
\x00\x00#\xfb\
\x89\
PNG\x0d\x0a\x1a\x0a\x00\x00\x00\x0dIHDR\x00\
\x00\x00\x80\x00\x00\x00\x80\x08\x06\x00\x00\x00\xc3>a\xcb\
\x00\x00\x00\x06bKGD\x00\x00\x00\x00\x00\x00\xf9C\
\xbb\x7f\x00\x00\x00\x09pHYs\x00\x00\x0b\x13\x00\x00\
\x0b\x13\x01\x00\x9a\x9c\x18\x00\x00\x00\x07tIME\x07\
\xe2\x02\x0c\x00+\x16%\xea\xb4\xc9\x00\x00 \x00ID\
ATx\xda\xed}y\x90\x9de\x9d\xee\xf3\x9cs\xfa\
\xf4\x92t:\xe9\xec[\x87$@\x02\x09Hd\x13Q\
Y\x95\xcd\x01A\xd4qF\xc5+\xe8\x0c8Z\xcc\x8c\
c95U\xde\xa5\xee\x9d\xa9\xba\xd7\x9a\x9a;Z\xea\
\x8c\x0a( \xcb\xa0\xacWPd\xcd@$\x84\xc5@\
HBB\x16HHw\x96\xde\x92\xdeN\x9fs~\xf7\
\x8f\xf7y\xd3_\xbe\xfe\xbe\xd3\xdfI\xba;\xdd\xc9y\
\xabN%\x95\x9c\xf3-\xef\xfb\xbc\xbf\xe5\xf9-/P\
\x19\x95Q\x19\x95Q\x19\x95Q\x19\xc7\xe3H\x8f\xe2\xbd\
2\x00\xa6\x03\xa8\x05\xd0\x0d\x00$++p\x1c\x01`\
\x01\x80\xcbH\x9eA2G\xb2\xdd\xcc\x0a\x95%8>\
\x000\x03\xc0'I~\x09\xc0\xe5\x00\xa6\x00\xd8\x0c`\
Oe\x09\x8e}\x00L\x05\xf0i\x927\x008\x17@\
#\x80&\x00Y\x92-\x00\x9a+\xcbp\xf4Ff\x84\
\xc15S;\xff\xcb\x00\xce\x01\x90\x0aH\x84?\x05\x90\
\x22\xd9mf\x1bG\xe9}k\x00\xd4\x91\xac\x05P\x0d\
 \x0b\xa0J\xcf\xea\x9f\xcd\xf4\xc9\x03\xe8\x07\x903\xb3\
^\x00\xbd\x00\xba\x00\xe4*\x00H>\xd9\xa7\x91\xfc3\
\xed|F\xa8\x85k\x01dH~\xcf\xcc\xb6\x03(\x0c\
3\x00\xabHf\xb4\xc8\x0df6\x1f\xc0|\x01s\x1a\
\x80\xc9\x00&\xeaY\xab\xf4\x8cE-|\x0f\x80\xfd\x00\
\xdaH\xee5\xb3f\x92\xef\x01xO@\xe873\x0f\
\x92b\x05\x00\x83G^\x13\x95\x8aX|\xe8\xdf\xe6\x09\
\x04\xed$\xef4\xb3\xf5\xc3\xf8^M\x00N\xd4\x9f\xf3\
\x00\xcc$9\xdd\xcc\xfc\xc2O\x020A^I6\xf0\
\x9c~\xf7\xe7\x04\x82.\x00\x9d\x00Z\x01\xec\x95\xdd\xf2\
>\x80\x1d\x00\xde\x05\xb0Ij\xacX\x01\xc0\xa1\xa3/\
\x95J\xbdnf\xbf\xd4\x04\x9f!\xb1\x1b\x1e\xb3\x00\xdc\
\x0c O\xf2v3\xdbz\x10!$\xcc,\xe9\xfd\xaa\
\x00L&9\x03\xc0B3\xfb \x80\xb3\x00|@ \
@\x19\xaeg\x95\x80\xd1\x10\xf3\xbb\x02\x80\xcd$_7\
\xb3\x97H\xbe\x01`;\x80\xbdf\xd69\xcc\x92l\xfc\
\x1a\x81f\x96#\xb9\x0e@\x9fD\xef\xf4\x98{\xd6\x00\
8I\x0b\xf8*\xc9\xbe\xb8\x1d\x15^@\x92Y\x92\x93\
\x01\x9c\x0a\xe03$o\x01p\x03\xc9\x8bH\x9e$\xa3\
s\xb8\x09\x87\x94\xa4\xc8b\x92\x1f\x03p\xa9\x80V\x0f\
\xa0\x8bd\x97\x9e\xb3x\xdc\x02 \xb0Py\x92\xcd\x12\
\xa5\xd3\x01\xcc\x8e\xb9o\xbd\xec\x82\x89\x00\xb6\x93l\x97\
8\x8e\x1c7\xdf|3\xd6\xacY3\x05\xc0\xb9$\xaf\
\xd7\xe7\x12-D\xa3\xa4M\xd5\x08,~\x10\x04Y\x81\
w\x8a\x00\xbe@\xa0\x9b#\xdb\xa0=\x9dN\xe7\xcd\x0c\
s\xe6\xccA}}=\xf6\xef\xdf\x7f|\xb9\x19\x1e\x08\
$\xa7\x93\xbc\x95\xe4z\x92V\xe2\xd3)\xbe`J\xdc\
\xe2\x91\xac!y2\x80/\x00\xb8\x97d\xc7\x10\xd7\x1c\
\xed\xcf\xfb$\x7f\x0c\xe0j\x92\xf3\x05D$\x91h\xc7\
\x1c\x0f\x10x\xc1\x1c\x80\x0e\x92M\xb2\x07b\xf5\xaf\x99\
\xbd+\x9d\xba'B\x8cf$v\xbfE\xf2\x16\x92g\
\xc7\xd8\x16\x91Z)\xe4\xea\x15\x03\xff\xc6\x04\xbfCB\
\x89R\x0f\xe0L\x92\xe7\x03\x98C\xf2\x1d\x92{\xc2\xf3\
R\xa6\x8d3\xee\x8c\xc00\x10f\x02\xb8\x0e\xc0\x051\
\x13L\x00\xfb\xcd\xec1\x00\x0f\xc9\xba\xce\x87\xbew2\
\xc9\xcf\x00\xb8\x0a\xc0)\xd2\xc3I\xc7~\x00[\xccl\
\x0b\xc9\xf7\x01\xb4\x00h\xd5\x02|\x90\xe4Ur\x0f\xc3\
\xa3\x07\xc0\x93z\x96\x93\x01,M8o\x040\x17\xc0\
\xd5\x00N\x00\xf0k\x00\x0f\x07\x88/\x96Rq\xc7\x0c\
\x00\xcc\x0c$\xa7\xc8P\xfa\x14\x80\x851\x93u\x00\xc0\
3\x00n\x03\xf0\x07y\x11(\x16\x8b 9AR\xe3\
\x93\x00>\x03`q\x82\xc9\xcb\xc9]k\xd6\x9f\xdb\x01\
l\x01\xb0\xdd\xcc\x9a\x01\xec \xd9\x0a`)\xc9\xa51\
\xd7\xe8\x06\xb0\xd6\xcc\xee\x07\xb0\x8f\xe4\x12\x81`\x9el\
\x99\xd9\x02M\xd5\x10d\xd8\x85\x00\xa6\x90\xac\x07\xf08\
\xc9\x0d\xc5b\xf1\xf8\x89\x83\x90\xbc\x86\xe4s${c\
tf?\xc9GI~*j2I^F\xf2~\x92\
\xbb\x87\xd0\xbdE]\xab\x8b\xe4K$\xff\x11\xc0'd\
\x7f\xd4\x93\xac\x93\xba\xc8\x04\xae}\x83Dt1t\xad\
\x02\xc9-\x00\xfe^\x0b\x9d%Y\xa7E\x5c\xa0w\xfa\
\x17\x92o\x90\xec\x8e\xf8}\xd4;\xb6\x90\xfc\xbf$\x97\
\x8f\x15\x1b`\xa4\x17>%6\xf0\xdfI\xb6\x96\x98\x98\
\xe7e\xc5\xd7\x84~\x9f\xd1\x02\xfd\x96d{\x82\x09\xde\
H\xf2\x07$\xafS\xd4q\x9e\xc8\x9e\xb8\xddy2\xc9\
\x1f\xeb\xb7\x16\x01\x80\x17\xa5jR\x83_\x8d\xf5$O\
 y.\xc9\xbf$\xf9`\x82g4\x92{H\xde-\
P\xa7\xc3 \x18m@dFX\xfc\xd7kW_\x1a\
\xa3\xaf\x8b\x00\xde\x02\xf03\x00O\x9bY\xaf7\x8cH\
6\xeaw_\x06pv\x89\x85\x0c_o\xbf\x99m\x01\
\xf0\xfa\x10\xe0\x9c\x0c\xe02\x00\x1f\x8d\x98\x07\x93\x01\xfa\
\x0a\x80\xb7#\x0cQ3\xb3\xfd$\xf7\x9b\xd96I\x8a\
\xad\x00\xde\x04\xf0\x11\x00+\x82$RhL\x03p\xa5\
\xd4\x1eI>-\xbe\x84\xba\xee1\xe3\x05dI\x9e\x09\
\xe0/\x01\x9c\x1ea=\x17\xa4\x97\x1f\x00p\xbb\x99\xb5\
\x05\x16\xa7\x0a\xc0\x15b\x08\xcfI\xb8\xf8\x07\xfds\x91\
Ci\x89e\xca\x80+\x86\x00\xb0\x0c\xc0\x8d\x00\xce\x8f\
\xb1\x1f^\x04\xf0\x1f\x00\xd6'\x90t=\x00v\x02X\
\x0b\x17+\x98(\xaa\xb9\xb6\x04\xf15W|\xc5\x96T\
*\xb5\xcb\x8e\x92;0\x92D\xd0\xa9\x00\xfe\x0b\x80\x8b\
\xf5\xc2Q\xd6\xf5C\x00~ \xa3,\xf8\xdb\xab\xf4\xdb\
\x8f\x96\xb1\xf8\x94~\x9f!V\xf0#\x00\xce\x04\xd0(\
R\xa9\xd5\x1b\x8e$\x17\xc0\xc5 \xae\x88\x91L\xbd\x00\
\xee\x12\x00\xfa\x86rs\xb5vy\x00\x07\x140\xda$\
\x092I\x04Q\xd4\xa8\x15a\x94\x01\xb0+\x93\xc9\xb4\
\x14\x8bE;V\x00PE\xf2\x0a\x007\xe8%\xa3\xac\
\xebg\x01\xfc\xc2\xcc\xd6\x04t_\x16\xc0r\x92\xdf\x14\
p\xea\x0f\x83\x9d\xab\xd1\xa2\xce\x11\x10\xe6\x02XHr\
\x8el\x8c.\x92\x97\x02\xf8\x92,\xfa\xf0\x1c\xf4\x03x\
\x09\xc0\xbdf\xb6\xc1\xfb\xebe\x8c~y\x1d\xef\xc3\x05\
\xa0\xce/\xf1\xdd\x1a\xb88E\xaeX,\xee\x0c\x82t\
\x5c\xdb\x00$\xcf\xd0\x0e\x9c\x15\xf3\x95\xcd\x00\xee1\xb3\
\x17\x82\xee\xa2\x16\xea+\x00>VB\x87\xe6\xb5hL\
\x08\x88e2\xe4.\x05\xf0\x12\xc9\x17\x00\x9c'pD\
\xb9o\xbb\xcc\xec>\x00\xeb\x02\xcfU\xee\xfbWI\xd7\
O\x92\xeaI\x95\xf8\xfa\x0cq\x05\x1d\x92:\xef\x1d\x0b\
F\xe0\xa5\x12\xdf\xb5\x11\xff\xb7O\xfa\xf5%\x913~\
4\x92\xfc\x88\xc8\xa2\xe9\x11\xbf+\x88+h\xd6\xc2\xcd\
\x94\xc8'\xe2C\xce\xc1wl\x92DY\x0e\x97\xa5T\
\x17\xa3\x96\xd6\x8a\xf8i9\xdc95\xb3\xe5\xca\x80\xba\
<!P\x97\x90\xbc\xc6\xcc\xde\x06\xb0{(\xb53\x96\
\x01\x90\xd6\xae\xff\xb0\x08\x9f(\x15\xf3\x1a\x80\x07\xe1\xe2\
\xe9Az\xf7\x02\x00\x9f\x15\xc9\x125Z\x05\x9cUZ\
\xa8&\xe9\xd7\xd9\xfasn\x09B\xc6\x8f)\xfa\xc4\x89\
\xeeu\x00\x1eN\xa5R\xdb\x0eS\x1f\xa7\x01\x9c.)\
\xf6\xd9\x18 \xc7I\xaa\xd3H~V\xf6\xd0\x0b!\xfb\
b\xdc\x00\xa0A\x86\xd5\x891\xc8\xdf\x07`\xa5\x99=\
+K\x1b\xd9l\x16\xfd\xfd\xfd\xf3\xc4\xf0}\xa2\xc4\xb5\
[\x01\xfc\xde\xcc\xee\xd1u\xa0\x85?\x83\xe4\xb9pY\
G'\xcahl\x90=Q\xce8\x00\xe0Y3\xbb\xef\
0\xb3\x95\xab\x00\x9c\xa2\x9d\x7fc\x8c\xe1\xeb=\x8c\xa8\
g\xab\x83\x0b\x1em\x03\xf0\xb6\x99\xed\x19\x0d\xc7`X\
\x8d@\x92\xf3H~Cn_x\x02:\x01<gf\
\xbf\x92\x0d\xe0\x1c\xf7bq\x1a\x5c~\xe0\x95C\xec\x98\
n\x00\xdbH\xbe\x09\xa0]\xff\xb6\x9f\xe4.\x89\xedg\
%!Z4\xc1\x931\x10c`\x02Q\xdc\x0a\xe0i\
]'\xe5\x8d\xb1l6\x8bt:\x8dB\xa10\xd4\x0e\
^N\xf2/\x00\xfcY\x84\xf1\xea\x9f\xa3W\xdcB\x8d\
>\xa9\x88\x0dI\x00{I\xee\xd4\xf7\xc7\x0d\x00R$\
W\x00\xb8E\x06Px\xec\x04p\x0f\x80'\x02/\x96\
\x96?~\xab\x8c\xb5\xa1$RW\xc0\xd7\xf6\xa3O\xb6\
\xc4\x1e\xb9_\xcd$w\x88c\xe8\xc1@\xda\xd7P\xef\
\xda\x0f\xc0\x94C\xd8.\xc0\xa2P(\x0c\xb5\xf8\x04\xb0\
\x82\xe4\x17\xe5Z\xce\x8a\xf9N\x97D\xfbm\xfa\xbb7\
\x12\xc3 h\x94\xbd\xb3\xee\x08\xec\x90\xd1g}\x01\xcc\
%\xf9\xb7\xe2\xc5\xa3(\xd0\x95!\x97\x88\x9a\xaco\x94\
\x88\x11\x84y\xfe\x8d$\xaf-C\xaf^\xa6\xfbv\x95\
\x11\xcb\xdf\x06\xe0\xaf\x01,M\xa7\xd3C\x81&\x03\x17\
L\xfa\x9e(\xde\xb8k\xf6\x91|J\x09\xb2\x90\x9d\xf0\
\xa3\x12y\x0c\xeb\xa5J\xeaFz\xe1R\xc3$\xfaI\
\xf2\xf4\x18Z\x15\xa2I\x9fC\xa0\x06@I\x1dg\x93\
\xbc\x0e\xc9\xc3\xab\xf3\xa4\xf7#\xbf\x9fJ\xa5\x0e!h\
$z\xe7\xc4x#qc\x01\xc9\xef\x92\xfc\xaf\xc5b\
\xf1\xb28\x0e@\xf7Z@\xf2V\x007\xc5H=\xaf\
\xf3W\x02\xf8!\x80{\xf5ok\x01\xfc?\xcdK\x94\
x\x99\x05\xe0\x0a\x92\xe7\x8c\x0b\x15\xa0\xa0\xcfU\xd2\xe5\
\xf5\x11\xfav\x95\xc4\xff[\xf2\xe3A\xb2\x01\xc0\x9f\x00\
\xf8\xf3\x04\xd6{\x10\xb0[\xe1\xf8\xf9A)c\x818\
B\x0a\xc0\xc5$o\x84\xe3\xe5\xab\xcb|\xa5jy\x15\
\xb3\x04\x9e-\x11\xae\xd9\x07\xa4\xf3\xaf+\xb1\xf8\xbd\xb2\
K~\x08\xe0\xf7A\x9dN\xb2[\xf3tZ\x84\xcdP\
#\xf5\xb0E\xee\xf2\xd8\x96\x00z\x91E\x88O\xc0|\
\x07\xc0[f\xd6\x13\x10\x9d\x0bE\xd0dc|\xfe(\
\x13\x98f\xb6\x1c.7`\x90xT\xee@FF\xe8\
\x17\xa4\x93'\xc6,L\x9b\xf4|>\xe6\x9d\x1a\xe5\x95\
|\x9d\xe4\xd5$ge\xb3\x07\x1f\xf5T\x00\x9f\x03p\
\xbd\xdc\xd0\xa8\xd1\x07`5\x80_\x00\xf8\x8d\x88\x1ez\
\x89bf;\xcc\xec\x11m\x8a\xa8w\x9d*U1w\
\x18\xd7iD$@F\xee\xcf\xd5p\xd92\xa9\x90\xf5\
\xdb\x0c\xe0\x11\x00/\xfb]\xa4\xd4\xed\xab\x01|\x1c\x83\
\xb3pL\xc6O>@\xf4\x04\xb5M\x03\xc9\x9d$_\
\x911\x15\xa6j\x9bH\xfe/I\xa48\x1d\xbaQb\
y\x87v_C\x04\xa0\xfd\xfcL\x87K/\xcf\x17\x0a\
\x85\xf5\x22\xacn\x05\xf0\xc5\x12\x8b\xdf\xaf\xc5\xbf\x0d\xc0\
\x9df\x96\x0b>g\xe0y\xbb\x14\x97h\x8a1\x08\xf3\
\x00ZI\xbe\xadk\x8e=\x1e\x80dVbvv\xc4\
\xee\xef\x07\xf0\xba\x99m\xc2\xa1%US\x00|H\x80\
\x89\x92&w\xc0U\x13\x7f:B|O\xd1\x0e\x9c\xe9\
\xadd3C*\x95\x82j\x01\xbe)*yR\xcc#\
w\x00\xf8-\x80\xbb\xe1\xca\xbe>\xa64\xb3\xf3cT\
QF\xcf\xf2ye\xfc\xd6\xe9\xd9\xa7\x85@\xeb\x9f\xdd\
G\x12\x7f\x02\xe01\xcf)D\x91:${\xcd\xec\x09\
yB3qh\xe0+\x0b`\x89H\xb5\x87\xc62\x11\
\xe4\x8b>\x22\x01`f\xaf\xc9=\xeb\x0f\x199\x0bc\
&\xbc\xdd\xcc\x1e'\xb9P\xd7]\x12!\xa9\x16\x008\
\x8b\xe4N3\xdb\x97J\xa5\xaa\xcc\xec,\xf9\xe0\xd7\xc5\
\x88}\xc8]|\x04.?\xef\x0d3\xeb\x17\xa9\xd4!\
\x95p\xbe\xb8\xf9\xa8q\x0a\x5c*\x9aO\x07OEH\
\x8c\x9ct\xf6\xcf\x01\xfc\xce\xcc:\xfd\xc2G\x91:\x0a\
\x01\xbf\x02\x97\xbbp\x01\x06G>\x1bu\xdf\xe9\xde-\
\x1d\xab\x008E\x08\x0e\x03 Gr\x83\x99\xbd\x17\xb0\
v\xa7\xea\xfb\x8d1\x5c\xfc[$\xb7\x8b\x98yA\xe2\
1\xbc\xa0Mpyvk\x01\xec+\x16\x8b\x9e\x84\xb9\
\x06\xf1\x11\xc4.-\xce\xcf\x00\xac\xd6\xe2C*\xeaQ\
\x00\xdb\xc4%\xc4\x19\xb2UC\x18\xab\xfd\xa2\xb9\xef\x12\
\xd5\xdd\x91\x90\xca\xcdi\x83\xbc\xab9IEx\x04K\
\x01\xec\x12\x196\xe6\x00P\x0d\x97\xf5\x1aE}v\x8a\
\x00\xea\x0b\xe8\xbeyp\x01\x99\x89\x11\xba\x7f\xaf\x99\xad\
\x94\x85\xdc\x22\xcb\xf9\x9a\x88\xefN\x91^>\x0f.\xd9\
\xf2kp\xe1\xe3RY\xc2+\x01|\x1f\xc0*3\xeb\
\x0f\x18c\xa6\x9d\xfa\x07I\x88f\xb8\x5c\x84\xf9e\xcc\
A^;\xf96\x00\x0f\x98YG\x84m\x12;\x94U\
\xf4\x9a\x80\x1d\xf6(\xeae\x0c\xaeW\xa6\xd3\x98\x02@\
\xda\xcc\xa6\xcb\xa5\x8b\xda\x11\xdb%Z\x83\xa2r\xb6\xc4\
z]\x04\x00\xf6\x89.\xee\x05\xd0\xa7\x9a\xbb-\xda\x19\
\xe1g\x9d\x0f\xe0\x1a\x92\x1f\x87\x8b\xba\xc5\xed\xce\x22\x80\
\xa7\x00\xdc\x0e\xe0)3\xcb\xf9l\xe3\x83$|]\x1d\
\xba\xbb\xbb\x0b\x92(\xad$\xfb\xe12\x90\x97\x95P'\
A\xb5\xb2Z>\xfe#f\xd6&{\xc4\xbb\xa4I\xa4\
\xc0V\x00k\xa4\x82\xc2\x00\x98\xa0\xe7\x98\xa1\xb9\x18S\
\x00\x98(]\x9e\x89\xe1\xd67\xc1\x05Y\x82\x00\x98)\
]Z\x1b\x03\x80?J\x15\x00.4\xfa\xac\xc8\x9c\xf9\
!\xb1\x5c'\x09`%\x16\xbf\x1b\xc0\x1b\x00~\x04\xe0\
\x99\xaa\xaa\xaa\xbe\x5c.w\xc8\xe2\x03@w\xf7!\x92\
u\x87\xc0R+[c(\x00\xb4\x8a\xe4z\xdc\xccv\
{w4\xb0\xbb\x93\xcc\xe3n\xb8\xd4\xb3\x8e\x88\xff\xab\
\xd3\x86\x996\xd6x\x00_ yB\x0c\x00\xda%\x01\
\xbaCn\xe7t-(#\xc4h\xb3>\x85\x80\x0ay\
Ln[!\xe2\xfeu\x88O\x19\xeb\xd5\xae\xfag\x00\
\xcf\x98Y{.\x97K$\x96\xcd\xac\xa8k'\xc9H\
j@\xf9\x99KQ\xa3\x05\x03Q\xce\xf0&\x9d#\xdb\
iL\x01\x80\xda\x1dq\xc5\x9e]f\xb6+@\xfe\xc0\
\xcc\xea\x84\xe4\xaa\x88\xdd\xdf\xa6\xddW\x0c|\xbf\xdf\xcc\
VI\xc4\xee.\xe3\xd9\xba\x01<\x0f\xe0gfv\xbf\
\x99\xb5\xc7\xb9b\x11c\x1e\xc9\xcf\x03\xb8\x08\xc9\xf2\x11\
'\xeb\xbb\x97\x93<\xb8H\xd5\xd5\xe5\x92\x8fh\x97*\
\x88\xaa\x1e\xad\x891\x9a\x8f\x1e\x00\xc4\xff\xd7(};\
\x15cu\x07\xb3[\x88\x81\xae\x1cQ\xcc\xdfND\xa7\
C\x15\xa5\xfbv`\xe8\xf6,\x05\x01\xe9\x19\x00\xdf7\
\xb3\xbbB;{(@\xcfU\x1a\xfb\xdf\xc2U\x19'\
\x1d\x1f\x84\xcb`\xbe\xdc\xe7\xfa\xf7\xf5\xf5\x953\x95\xd5\
\x9a\x97\x9e\x18\x00xi[?\xdc\x00\xc8\x1c\xa1\x04\xa8\
\x95E\x1e\x09\x00\x92\xbbe\xd0ywq\x1a\xa2s\xfd\
\x8a\xf2\x00Z\x02\xb3\x92\x22\x99)\x16\x8bg\xc1\x05\x99\
\xe6\x0f\xe1\x86\x15\x05\xb8'\xe5\x87\xafFy\xf5\xf9s\
H~\x0e\xc0W18\x915XT\x1a\x95[\x90\x92\
k\xfby\x01\xf07\x819\xb2\x12\x1b(],\x16g\
\x89H\xbb\x18\xc0%1;=\xa5y\x9e\x11\x03\x90\xa3\
\x06\x00/\x9a\xd21:\xb85\xa0\xbb\xab\xf4\x12\x93b\
\x16\xaf5 \xe6\xab\x00\x9c`fg\xc2e\x18]\x22\
\x7f\x98C\xb8b\x1b\xe02\x8d\x9f\x0eLtR\xb1\xff\
)\xb8\xc0T\x1c;\xd9%\x1d\xedwku\x84\xb1v\
!\x5c\x1b\x99wd\xb7X\x89y\x9fmf'\xc3\xa5\
\xae_\x08W\xff0\xb5\x84\xa4\xae\xd7\x5c\xbf3\x96\x00\
\xe0'#\x15Cp\xf4\x86\xee5\x11\xd1\xa1Y\xd3\x04\
w\x93\xac5\xb3\xd3\xc4\xb5_OrV\xc2\xe7)\x00\
\xd8ifk\xf5<Iw\xfft\x92\x9f\x14\x85|R\
\x09\xe9\xf2\xa6\xb8\x84\xa9p\x19\xcfQ\xde\xcf\x04\xd9\x03\
[E\x08\x85\x17+E2cf'\xc1EB?\xaf\
:\xc1\xa1Tq\xaa\x0c\xa3tT\xdd\xc0\x8cD;c\
v\xa4\x85^\xc2\xb7f\x8bbE\xab\xe0\xf2\xfan \
\xf9!\xb9\x8a\xe5\x94\x7fg\x01\x9cG\xf2\xaf\x01\xfc\x13\
\x5c\x89\xd8P\xbb\x7f\xaa2yn\x86\x8bf\x86A\xe9\
E\xf8:\x00\xbf\x04p\x9f\xa4\xdd\xdf\x09\xa0Q;\xb6\
I\xaa\xe4\x1d3\x0b\xa6u\xa5t\x8f/\x92\xbcP\xae\
]cB;\xcco\xb6\xea\xb1\x06\x00\x96x\x81A\x00\
\x90\xb1\x13\xa5\xc7\xabH~@~\xf7\xc9\x12\xf7\xe5\x1a\
\xa8i\xb9\xa4W\xc3\x95\x97?E\xb2\xab\x04\x00\xe6*\
\xbb\xe8\x0bp\xc9\xa4Q\xeff\x12\xe5?\x87\x8b!\xec\
1\xb3\x22\xc9\xfb\xa5\xca\xaeEt\x96q\x93\xa4\xd7n\
3\xfb\x9d\x9e\xebC\xca|\xbeD@H\x979\xcfU\
\x88O4\x1d\x93\x008$\xa6\xaf@x:\xe6\xfbU\
p\x89\x11~\xa7\xc4\xe9z\xaf*\xf2\x9a\x8cpP&\
\xad\xc5\xfc\x82$\xc03%\xc4\xfe\xe5p\xd9\xbbg\x94\
\xb8\xd7f\xed\xfa\xbb\xfc\xe2K\x5c\xadR\x14t!\x5c\
\xe41\x1d\xa3\x0a\xf6\x90|\xcf\xcc>I\xf2OE\x81\
g\x0e\xd3\xfb\xca\x90L\x0fw\xa6\xf0p\xc4\x02J\xf5\
\x01\x0cOh\xa1\x84a\x94dGt\x03\xb8S\x04\xd3\
\x85R\x19\xe1\x1dX\x0d\x97a\xbc\x13\x03M!\x0eY\
\x1c\xe5\xe6\xdd,1\x1c\xb7\xf8oK\xec\xff\x00@\x9b\
/\xde\x0cD\xf7^\x03\xf0/j^qN\x0cKz\
-\x5c\x13\xab\x19\x12\xf7UG0\xcfE\x0f\xc0\xb1\x04\
\x80p\x9f\x9d\xf0\x822\xc4\xae\xf5\x93\xcc\x1f\xc6}Z\
\xe5\xd6=\x03\xe0I3\xdb\xa3\x88a\x83\xe8`D\xec\
\xc0k\xd4\x86\xf6\xff` \x8d\xbcQ\x0d\xa8n\x90\x8d\
\x11\xa7\xf37\xc2e\xf2\xdckf\xad1\x1eE'\x80\
\x17\xcc\xecQ\x92\xd3%\xe6\x19\xda\x18S\x91\xacM\xdd\
~\x01n\x97\xd4\xc3)\xa1\xdf\x18\xd4\xb6v\xac\x01 \
/#\xc7b\xc4:C\x96t_\x99/\xd1.jx\
\x15\x5c\xc8v\x15\x5c\xc8\xb6\x00\xe0?\xb5\x83\x17!\xba\
\xb7O\x13\x5c\x93\xeauf\xf6\xa4D\xe8\xc7\x01|E\
\xa2\x981:\xdf\x8b\xfd\x07\xe0B\xc4\xa5\xdc\xc9}z\
\xae\x99p\x85-3\x13H\xc2\xb0Dk\x86\x0bS\xaf\
6\xb3n\x92\xd7\xc8\x15\x0d\x03 \xecU\x1du\x00x\
T\xee\x8fq\xb9\xc2\xba\xae\xa0\x17N\xfa\x12-\xda\xf1\
\xbf\x82\x0b\x10\xed2\xb3``i\x97\x99\xfdZ\xbb\xef\
\xe6\x08\xbd\x9a\xd6.\xff6\x5c\xfd\xc1$\xb8f\x13\xcb\
J,\xcaV\xdd\xef6\xb9\x94\x16\x08\x1b\xc7=\xe7\x1f\
\xe1j\x1d|\xcda\xd29\xed\x96\xb1z\x0f\x80\xff\xd4\
\xbb\x9d\x85\xe8\xde\x86\xa6y\xeb\x19k\x12 \x07\x17\xed\
\x8b\x9a\x9dj\x1c\x1aI\xeb\x17KV\x8a\xc9\xea\xd1\x0e\
|\x19.\x90\xf3\x9a\x99\x05\xa3\x83A\x1d\x5c\x00\xb0\xde\
\xcc\x1eT\xcf\xc0\x8fDp\x0c\x19\xb8\xec\xdd\xaf\xcbh\
\x8c\xf3\xb9\xfd\xce\xbf\x1f\xc0\x1djSWNm^\x8b\
\xde+\x9fpNW\xc1\x85\xa8W\x9a\xd9\xcbp\x0d\xa9\
}I[\x5c'\x15\xdf\xafxLI\x80>=X\x94\
\x04\xa8\x15\xf5\x9b\x15P|\xfaU\x5cj\x93\xaf\xfa\xb9\
Wz\xdeW\xf6X\x880\x08\xab\xa0W\xcd\xec\x0e5\
o:7fw\x9f3\x848\xde$\x91\xffK3\xdb\
\x5c\xc6\xe2\x93\xe4\x09\xb2\xf8\x9b\x12\xcc\xe7~\xb8\xd0\xf1\
\xbd\xf2Pv\x05\xde\xcf\x07\xd6\xa2\x1ad\x16\xa5\x0e\xf7\
\x8c5\x00\x84\xe9\xdeC\x0c13\xf3%\xdc9}g\
_\xc0 \x0b_\xabC\x22\xf1>3;\xa4Ad&\
\x93A>\x1fk;\xb6\x91|NF\xd8\x94\x18\xcb\x9e\
1\x06\x1f\xe4%<$Q\xbc\xa1\x8c\xc5\xf7\xbc\xc3M\
\xb2\xf6\xe7\x0f\xe1\xc9\x98\xa8\xee\xef\xfb]\x1f!1\xe7\
!:\xee\xef\x83\x5c\xfb\x86\x1b\x00\xa9#\x04\xc0\x01\xa1\
8\x0a\x00up\xc1\x8b\x9a\xc0v\xe9\xd4KX\xc4\x02\
\xd5\xc0\xe5\xfd\xb7\x84%J\x89\xc5\xf7\xa3\x19\xae\x09\xe3\
\x03p\x5c\xfcP\xee\x92?\x17`\x1b\x5c\x82\xe8\x9d\x00\
\xd6\x89\xe4I*\xf6O%\xf9U\xb8\xf8\x81\xcfpb\
\x82\xfbfH\xe6\x1a\x1b\x07\xc5||\xdf\xa0\xc9%\x00\
`c\x06\x00fV4\xb3\xceP\xc2gp\xd4\x93\x9c\
\x1d\xd2\xcb9\xed\x82($O\xd6DN\x00\xc0\xda\xda\
d\xd5\x5cZ\xb0\x82\x99\xad\x83\xeb\xe9\xf3\x04\x92%O\
\xee\x85+\xcf\xba\xdd\xcc\xde\xf4\x06_\x92\xc5'y\xba\
(\xe4\xaf\x22y\xee \xe1\x92a\xbe\x02`I[[\
[XZLE|F\xf2\xbe\x91\xd8\xfd\xc3!\x01:\
\xe1b\xf8Q\x00\x98\x02\xe0D5g\x0c\x8e\xddpA\
\x92\xbe\x88\xeb5\x8a\x11\xac\xee\xe9\xe9I\x0a\xc4\xe0\xdf\
w\xa9\xedL\x92\x1f\xb7\x01x9x>A\x82\x1d\x9c\
\x16Ho\x91G\x11\x97\xa4Q\x8c\xe1G&\xc2uO\
Y\x8cCc\x22SD\x817\xc4\xd8F\x1b\xc6\x22\x00\
\xbc\xd5\xbe\x13\xd1-M\xa6\x88\x96\xad\x8f\xb0\x98\xdf\x8e\
\xd8\xa5\x84\x0b\xce\x9c\x87\xe8\xb4\xec\xa1\xc6$5m\xbc\
\x02\xc92y\xa6\xc2\x15`~\xdc\x8b\xdd!Z\xb5\xa5\
\xe0\x1aK\xde\x02\x17\xc9\x9b^\xc2\xbd\xdb)\x83\xad7\
\xe2\x1d\x1b\x00\x9cef\xf3\x026C\x13\x5cN@c\
\x09\x00\xec\x1d\x09\x00\x1cqi\x982`\xae\x93\xf8\x8a\
\x22W~\x87@C\x08Y\xce\xb3\xe18\xf8I\x11\xcf\
c\xea\x1c\xdaV\xc6cLT\xa0\xe5F\xb84\xf2$\
\x94k\x9d\xdc\xc2Y\xea\x19\xdc\xee]\xd4t:\x1d\xa5\
\x0aN&y=\x80o >n\x9f\xc3@\x8f\xa1\xdd\
\xda\xf1q\xdf\xdd-\xef\xa3_\xa0\xbf\x16.\x1c\x1d6\
\xcc[\xcc\xec^\xb8\xe2\x91\x9e\xb1&\x01\xfcK\xbf\x85\
\x88j]\x196\x0bC\xa2m\x87^\xa63\x02,\x93\
\xe1R\xa3g\x96\x01\xce\x1a\x92\x1f\x06\xf0-\xb8f\xd4\
\xe5\x8e\x8b\x00\xfcO\xe5\x01\x9eP[[\x1b\xd5\x10b\
\xba\xfe\xff\xdb\x88\xcf\x12\xce\xc1\xe5\x0c\xfc\xc4\xcc\xbek\
f?2\xb3Wb\xbe{6\xc93uz\x19\xc4f\
.At\xb8\xb7M5\x03\xad#!\x01\x8e\x18\x00J\
\xdc\x8c\xebf\xe1\xfb\xfe-T\xeb4?\xde\x87\xab\x84\
\x89\x1a\x93\xcd\xec<3\x9b\x93\xe0\xf9j%\xc2\xbf\x03\
\xd7N6lS\x04\xff^J\xbc/\x02\xf05\x92\xdf\
\xee\xed\xed\xbd8\xec\xce\x92\xfc+\xb8\xb2\xb3\x09%T\
\xe1\x8bp\x85'\x0f\x02\xe8$\xf9G\x15\xb0\x22f^\
N\x80K=[\x01W\xcd\x1ce\xf5\x1e\x18I\xf1?\
,*@;\xb7^\x0d\x22\x9abt\xf7&\x19~\xfd\
\xd2\x01\xbe\xfe~\x1e\x06G\xf3R\xaa\xef\x7f\x0f\xf1\x0d\
\x14\xbc\x97\xe1\xc5\xfe\xe5\x18\x9ch\xc2\x80\xa8}\x0a.\
2\xd8\x10\xb3\x88>p\xb3P\xb6DNFb=\xc9\
+E5\x9f\x84\xf8\xcc\xa7\x83e\xe0\xe20@\xd2$\
-\xce\xd6}\xc3\xbf\xedT\xb6\xf2\x87\xd5\x1e/\x9c]\
\x9d\xd7\xbc=\x06\x17+\xe8\x1f\xab\x000\xb8*\x9es\
\xe0x\xf6p|~*\x5cF\xcd\xab\x01\xa3(/\xdb\
a\x11\x06\xa7a\x11\xc0\x09$\xb7\x92\x5c\xa9\xef\x0e\xa2\
\x99\xa57\xbf\x09\x97\x00\x12g0\xb6\xc2%h~W\
$\xd3,\x81\xae\xa6\x84]\xb0\x14\xae\xf3X\x0e.Q\
\xf4\x1fd\xccfb\xac\xfd5\x00~\x0a\xe0a3\xdb\
\x1btO\x05\xcaF]3|\xcf\x02\xc9Ij\x9bs\
b\x84\xf8\xef\x85+c\xbbG\x12\xb38f\x01\xa0Z\
\xbe\x15p\xa5\xcca\xa4Wi\xf7\xad\x09\xb0_\xfd$\
\xbb\x04\x80\xf3c\xa4J/\xdc!\x0d\xdbBm\xdb\xa8\
d\x8eo\xc1\xe5\x04dJ\x18Y\x0f\x03\xf8\x1e\x80M\
f\xb6\x83\xa4O\xd4lB|\xf9xZRi\xb9\x8e\
\xa6Y\x88\xe84\xb6\xbc\x0c\xbe\x1f\x02x\xc87\xbb\x0e\
\xf4\x000\x9f\x11M\xf2\x13\x88\xee\x022G\xdeD\x94\
\xee\xef\x14Cy\x1fF\xf0\xf4\xb1\xe1\xea\x12f\x00\xe6\
\xab~~Z\xc4\x8e\xec\x06\xf0~\xb0\xf5\x19\xc9\xa2D\
\xe3\x92\x18\x02d\x8a\xc0\xb3\x1a\x03%S5Z\xfc\x9b\
\xe02q\xeab\xe8\xdd=\x9a\xbc;\xe0N\xfc\xf0\x00\
\xda\xad\xf3\x8a{\x02\x16z&f^\x1a\x10]\x93\xe8\
w\xfe\xebp%d\x8f\xf8\x9dO\xb7\xea\xc1\xef\xf5\xe9\
=/\xc3\xe0f\x12\x19\x81 \x1dcS\xac\x86KC\
{\x1b#8\x86\xb3M\x5c\xb5\xac\xe5\xd3\x22&m\xa2\
@\xb0\x0e\x03\x01\x0d\x93\x18\x9c\x00WX\x11v\xddj\
\xb5\x00o\x93|W\xf3{6\x80\xbf\x92\xce\xaf\x8b\xd1\
\xf9\xadb\xf8\xee\x00\xb0\xc6\x97\x81\xfb\x9d\x99J\xa5\xf6\
\x02\xd8jf\x07\x14J\x9e\x11\xb3\xc8\xa5z\x0bn\x87\
\x0b\x1b\xdfof;\x82\xd7\x8fp\x93\x0d.\x18\xd5\x84\
\xe49};u\xed\xdf#\xba^pL\x02\xa0S\x06\
\xd4\x95\x11\x13Z\xab]\xf3Z\x80\x13(\xcaZ\xee\x87\
k\x8e\xd0\x18\xa3\x93g\x9b\xd9N\xf5\xca\xf9:\x5c\x9d\
@M\x09\x9d\xff\x04\x80\x7f\x85\xebL\xd2\x17\xa0\x8b\xfd\
\x9f\x86\x81\xba\xc5M\xf2N\x16\xa1\xbc\xce\xa2\xcf\x03\xf8\
\x0f3{5\x8a\x9a\x8e00\xe7+j83\xe1\xf5\
W\xc3\xc5'\xde\xc4\x08\x8f\xe1\x04@\x9f\xda\xb1_\x80\
\xe8Z\x01\xc2%I\xbe\x13@uA\x87-4J\xd7\
\xd6G<\xdf,\x92\xd3dM_\x80\xf8\xdc\xf8\xdd\x00\
\x1e\x07\xf0c\xb8\xec\x9a|p\xf1c\x18\xbbw\xd5T\
\xb2C\xf7\xaaO\xb8K\xfb\xe4\x82\xce\xd1\xf7\xf7#\xbe\
\xc1s\x0a\xee\xc4\xf2S\x11\x9d}\x1cV_\x1b\x01\xdc\
mf\xcfa\x04\x1aB\x8c$\x00|{\xb6Y\xe2\xba\
\xc3\xd1\xb1\xac$\xc1\x0e\xa9\x82\xe0d\xeeSR\xc7I\
\x11b7\x0d\x17pY$\x17\x8e1\x8b\xff[\xb9b\
+\x15\xd8a\x82\xe0NAG\xc8m\x97\x0a[\x88d\
\x0d\x9e\xa7\xc2\xf5):\xc3\x9fC\xa0SJ\xb2\xeaR\
\x96\x0f\xb8\xaf\x05\xb8\x82\x97\x15pU@q\xae4\xe4\
\xea=lf\xbf\xc0\xa1\xcd\xb4\xc7\x0d\x00\xfaE^\x9c\
\x8b\xc1\xa5\x5c\x19\xedt\xdf\x03\xc0g\x06\x15\x15&\x9e\
,=\x19e\x10f0\xd0G7J\xec?)\x83l\
\x95\xce\xdf\x01\x92\xc7\x12L\xc0]\x22z:\x89\x98\xf6\
E.Se\xc9/\xd7\xe2.\x96\x141\x00\xdd\xa9T\
*/\x95\xb3_l\xe5G\x87\x90*k\xe02\x91W\
a\x94\xce\x1d\x1e\xee\x13C\xfaei\x9f\xab\xc9\xa8\x8e\
`\xc0\xb2\xfa\xceV\x0c\xb4\x8e\xc9\xcbE\xcc\xc8`J\
\xc2\xe5\x1b\x06\x1a<\xff\x04.\xaf\xae7\xbc\xeb\x93\xf4\
\x03\x90\xf7r\x1d\x5cN^m\x99\xef\x5c'\xd0\x9c\x08\
\x17\xd1[@\xf2d\x9dE\xb8H\x0d\xb4\x17\x8ar^\
^\xe2:\xdbd\xb8>\x86a.\x00\x1d\xf5A\xf2&\
\x9d\xdb\x97\x8b\xe8\x83\x9b#\xf9\x88\x0e\x94\x0a\xff\xee\x83\
$\x7fS\xa2\xdfp\xf0\xd3\xae\xb3\x04/*g\xb1#\
\xee9Mg\x1ao\x8f\xb9OA\xf7\xea=\x8c3\x84\
\xf7\x91\x5cC\xf2\x0f\xeamX\xea(\xb9\x1f\x0b\x88\x87\
\xfd.cA\x02\xf8\x87\xdf-]\xba,\xc2]K\xeb\
\xdf:\xa4\xe7\x82)b\x1d:ti\xb9~_*e\
\xad\x19.\x8d\xeba\xafoy\x18\xb3&\x00}M\xbb\
7\x13A\xf3n\x87KA? \xf1\x9eB\xe9\xea\xa5\
\xb0\xf73M\x12bR\x0c\x95\x5cT\xfc\xe0\xa7pm\
bF\xf5D\xd1a\x07\x80\x1a$u*\xd2\xb5\x5c\x04\
H*bb&\x07\xec\x01\x0b\xa8\x90\x1d\xa2\x89\xe7\xa0\
t\x8d\xa0\xe7\xeb;\xf59\x9cP\xe9\x0c\x15r^\x1b\
a\xfd\x1b\x5c\xba\xdb\xdd\x02\xd9\x1b\x02m\x1f\x06\xaa\x9c\
\x99p\x8e\xe3\xca\xc1\xf22^o\x93\xfd\xd27\xda\x07\
G\x0e;\x00\xbc\xfe%\xd9\x87\x81\x0c\x9a\xc9\x11\xf7\x9d\
*\xe3k+\x5c$\xb1\x18\xd8\x11k\xe5\x9f/C|\
\x85\xf0\x04\x19^'\xc3\x85L\xbbR\xa9TW\xf8\xb4\
\x8f\x12\x13\xda\x00\xe0\x22\x92\x9f\x8eq\xcf\xfa\xe02\x86\
\xfe\x07\x5c\x0b\xb87\x01<Or\x9f\x16>\x13r\xe1\
\x92J\x05\x04\xbc\x837\xcd\xec\x1fe\xc4\xe6|w\xb1\
\xd1T\x03#\xa2\x02&L\x98\x80\x5c.\xd7!\xda\xd5\
[\xc7\x8c\xb0\xec\xe7\xa8\xc5\xcc\xaa\xea\xea\xea\xfd\x818\
|A>z\xb3,\xf3\x86\x12\xb7\x9b\x13\x08\xa8\x14\x00\
l\x0d\x1c\xf5f%D\xff|\x9d\xed\x13\xd5b.\x0f\
\x97\xe3\xf0\x00\x5cB\xcbA\xa9\xa3\xf3\x04~\xafj\xa3\
\x8d\x02z\xbd>I\xe7\xd3\xe0\xca\xca\xfeI\xea\xa5\xc7\
o\x1euFI+\x960\xe2 \x18\x11\x00\xf4\xf7\x1f\
\x8c\x5cv\x8b\x0a\x9d\x17#\xcek\xbc$(\x14\x0a\xef\
\xe2\xd0T\xe9\x03\x00ZHv\xe8\xb7\xd3b\x9e7%\
\x91<\x17.\x8a\xb8\x14.\x8e\xd0+\xe3-\xea\x11\xb3\
\xeaA\xf0\x19\xb8\x92\xf4\xf0\xe8\x12\xd5{\x17\x06\xa7o\
\xfbr\xb8\xdd\x00\xdaU\x8f0Oz>)\x9b\xf88\
\x80\xdbI\x0e\xa2zU&\xbfB\x9e\xc0\x81q)\x01\
B\x93\xf5\x9e\xce\xe9\x8dk\xbaX/\x02h/\xc9M\
!]\xbe\x1f\xc0:\xd9\x0431\x10 \x8a\x22R|\
_\xbf3\x05\x86\x09\x02X\x95\xdc\xd1\x14\x06z\x16\x9c\
\xaa\x83*>\x1c\xc1,\x16\xe0\xe2\xf0\xb7\x99Y\xb8W\
\x7f5\x80\x06\x92SI6\xe98\xf9%\x92pI\x00\
\xd0\x0e\xe0%3\xfbW\xb8xEp\x813$\x17\xc3\
\x15\xae^.i\xb3s4\xd8\xc0\xd1p\x0b\xcf&\xf9\
o:>=\xca\x0d\xca\xeb\x98\x94\xef\xc4\x5c\x22K\xf2\
*\x9d\x22\xde\x97\xc0\xfd\xca\xcbm\xdbC\xf2y\x00\xff\
\x1b\xae\xb7\xff\x89z\x9e\xebI\xae\x8d\xf9\xed.\x00\xff\
\x0d\x83;\x86L\xd4\xce\xfc\xb2\xdee\x8dND\xef\xd3\
\xfd\x8aI\xdcVm\x84lX\xcf\x93\x5c,W\xb0U\
\xd7ZO\xf2\xe6\x91^\x9b\xcc(a\xe0\x15\xed\xb4\x05\
p\xa1\xd1(I\xb4\x18\xc0\xe7H\xe6\xcd\xec\xdfqh\
\xce`\x0e\xae\xa4\xaa\xdd\xcc^Ug\x8f%CH\xb6\
\xb4v\xec\x99\xea\xc9\x7f\x89\xbc\x8ef\x01aQ\x09f\
\xb0\x1e\xae\xc7@F\xcc\xe4\x0c\xb1~\x931\xd0\xadk\
\x1a\x92\xd7\xfb\xbfhf\x0f\x93|B\x5c\x7f>h4\
+\xcay#\x5c\xb6\xb1\xcf\x90Z\x04\xe0&\x92Y3\
\xfb)\x5c\xd7\xb5a?G0=\x0a\xbb\x1f\xe2\xe6;\
\xf4\xe23%\xa2\xa38\xffF\xb8\xc8Y\x0f\xc9=W\
^ye\xc7\xa6M\x9b\xfcur\xd9lvG\xa1P\
x_\xc9$\xde\x13\x18\xaa\x95k\x95\xc07\x03.\x0f\
\xef\x14\xe9\xec\xea\x12V\xbb\xf7@\xce\x97\x9a8[\x80\
k\xd2\xf3'1\xf8\x8a\xe2\x10\x9e\xd5Q\xb4\x8f(\x10\
V\x08\x89\xfd\x15p\xc5\x22\xd7\xe0\xd0\xf6t\xbe\xab\xea\
,I\x8ff3\xeb\x1ao6\xc0A\x11W]]\xdd\
\x93\xcf\xe7\xb7\x8b\xac9%\x86\x18\xf1 8\x05@n\
\xd3\xa6M\x9b\x83:P^B\x1b\xc9uP\x1d\x9f&\
i\xe2\x10\xef\xe2\xdd4\xef\x93\xa7\x87X\xfc\x19\x02\xe9\
\x0c=gU@\xaa$q\xf7\xfaD\xea<\x00u(\
\xc7\xe0\x92\xb5\xac\x0e\x8a\xf8;\xb8\xb4\xb6\x191\x06\xee\
tI\xc7\xbdz\xe7\xc2\xb8\x02\x80\x07\x81\xea\xfbze\
\x14\xf6\xc1\xe5\xc9M\x8ey\xe9\xa9\xe2\xd1\xe7\xc0%G\
\xb4\x84vV\x8f\xa2x\x1bE\xd0\xec\x964\x989\x1c\
\x8f\xab\x05?\x9c^>y\x19yw\x92\xfc9\x5c\x92\
\xe8f\x01\x22(\xbb'\xa95\xdd\xadp\xc7\xe6L)\
\xc5\xad\x09\x1cs\xc4\x9b\xbc2\xee\x00\x10\x1a\x07dh\
U!:+\xd8\x8fF\x00\x8buFPJ*\xe4@\
\x08\x08\xadp\xd9\xc6\xdb\xc4\x19\xb4`\xa0\x5c}\xe2(\
\xbd_\xb7\x9e\xe1U\xb1z\xbf\x86K\xe5Z\x83\x88l\
\x1e\xd5\x15\xfa\xa6\x94\x17!\xd9\xd9\x80)\x81{\x96\xd4\
\xdf\xbb\x02\x15\xc2\xe4\xd1x\x00\x00R\xa9\x94?H\x22\
%&/\xae\xb2\xb6N\x06\xdb<M^\xa7\x12P\x83\
\xe5\xc2\x05U\x11m\xd6\xee\xd8\x88\x81f\x0d\xde\x80\xf4\
\xee_\x0aGV\x0b\xd1/)\xd6-\x97n\x97\x16\xfa\
1\xb8\xbe\x06\x8f\xc1%\x8a\xee\x09\xed\xf84\xdc\xc1\x16\
\xcb\xe0j\x0a\xff\x5c4yu\x99k5\x15\xae\xder\
'\xc9\xdd:sh|I\x00o\x14\xa6R\xa9}p\
\xe9\xce\xbd\x02A\x5c\x96n5\x5c<a\x11\x5cbH\
^\xfa\xb0'$\x0d\xfcQp;\x14j\xfe#\x5c\xa7\
\x91\xcd\x92\x0c\x07\xa4?\xb3(\xbf\xe1\xa2\xef_\xb0\x1d\
.\x99\xe5\x05\xf9\xf1\x0f\x02x\xc2\xcc^\xd4\xbf\xb7E\
\x88{h\xd1>\x05\x97\xccz1\xe2[\xec'\xf1\xda\
fK%tI\xbd\x1cQ\xbd\x00\x8f\x86\x04\x08\xb93\
\xf3u\xde\xcf\xd5\x18\x5cW\x10e\x5c=\x07\x97\xf7\xf7\
2\x80\x0d\xc1\x5c\xfc\x981\x9d\xe4\x22M\xfa\x5cM\xe0\
4Y\xf2\xb5\x02D\xd00\xf4\x95\xbd\xbe+W\xb7\xd4\
\xca^\x01v\x87\x8eny\x07\xa5\xe3\xf6Uz\xb7e\
p\x19\xccW\xc2e\x11\x95\x1a\x1d\x92b\x07\xc49\x94\
*=\xbf\xdb\xcc\xbe\x83#\xac\x198*\x00\x88\x00\xc4\
4\xb8\xd2+\xdf\xacy\xd2\x10\xbb\xb1U\x13\xf5\x98\x00\
\xd1\xa2&K]\xd1\x97g*\xb0\xc0)-x\x8d\x99\
5\xc0\xc5\x19j\xb5`)I\x89~\xf9\xdd\x1dZ\xfc\
>\xfd{\x11\x03\xfd\xfa\xa2\xac\xf14\xc9\x89\xba\xe6b\
1zW\x09|\xa5*\x96\x0b2dW\x02\xf87\xa9\
\x90\xaf\xc0\x1dN\x19u6\xe1\x1e\x00\xf7\x98\xd9?\xc3\
\x85\xd4\x0b\xe3F\x05\x04\xc7\xe4\xc9\x93\xd1\xdb\xdb\xebc\
\x06\xef\xc9.\xa8\x11\xf2\xe3z\x10S\xb6\xc1,Q\xc8\
\xa7\xc9?O\xeb:}\xa1\xbc\x00_\x17X\xd0'\x1f\
\xd8\xd9\xbeCy\xb3\xee\xbdC\x9f\x9d\xd2\xefmR5\
\xde\x8e\xf0 \xb0\x00\xb8\xd2\xfa\xf8\xc3\xb3.!\xf9Y\
\xc5\x19>*\x1b&;\x04\xa07\xcae\xbc\x1b\xae\x0c\
l\xa7\x9e+\x8b\x81\xfcJ?:\xe1Z\xd7\xde\x0f\xd7\
\xde\xe6\x88T\xc0Q\x05@ooo0\xda\xe5\x9b%\
\xfa\x00\x8e\xdf\x9dq*!+\x1f\xf9\x14\x00'\xa9\xab\
\xf8\x0cE\x17'I\xcf{\xdb`(\xfd\xee\x81\xd1\x1f\
X\xe8\xa1\xac\xab*\x00\xd3\xc42\x9e\x0aW\xe3w\xb9\
t\xfdU\x02g\xc3\x10Rv?\x5c\xfa\xfa\xfd2\x22\
_\xc5@\xfdd\x8b@\xe0\x83M\x13\xc4d>jf\
?\x94\x04<\xe2z\xc11\xa1\x02\x22\xc6L\xb5`\xf9\
\x92\x8c\xbf\xba2\x9e\xb5C\xbb\xe8e\xd1\xc6oh\xa7\
\xe7\x01\x14\x94/P\xc4\xa1]<\xac\x04yt\xb0\xc7\
\xb1\x82Ri\xa9\x8fyp-\xe8\xce\x86;I\xf4\xd4\
2\xa8N\x95\xa9G\x00\x00\x03|IDAT\xe1~\
y\x11k$\xc6W\x22\x90V\x1e\xb4\x91\x94-\xfd\xdf\
u\x8fW\xcc\xeco\x10:Z\xe7X\x04\x00\xb5\x93\x97\
\x89\x22\x0dv\xe1J\xf2\xcc\x07B\x9f\x16\xb8j\xe3\xf7\
\xccl\x97vV+\x06B\xae\xbd\x01W1\x8d\x81\xce\
\xdc\xf5\x22\xab\xa6\x0a\x94s\xf5\x1cs\xf5o\x9e\x8a\x9e\
\x84d\xa1`/Y\x9e7\xb3\x87H>\x0d`K\xf0\
\x5c\xa5\x88\x89\xa8\x96\x974\x17\xc0\x01y\x1c\xc3\x961\
<V\x01\x10\x9c\x80\x15pE\xa0\xe7\xc1%\x874\xe1\
\xf0\xfa\xe6\xb7i\xe1\xf7b\xa0\x1bH\x97t|\x7f`\
q|\xb6O\xb5\x8cC\x9f\xec\xd1\x88\x81\xfc\xber3\
\x87M\xf7[\x0f\xd7\xd7\xf0\x19\xb8D\x90f\x94NZ\
\x09zK\x9e\xa1\x1c\xd6~\xc1\xe3\x01\x00T0i\x19\
\x5c\xea\xf6\x9fH\xbf\x06-\xf7r\x16\x22\xea\xef\xe5\xcc\
Q\xb9i_=\x922\xab\x01\xfc\xda\xcc~%\xe0%\
\xe9B9\xec\xd1\xbfq\x05\x80`\x83H\xe9\xdfz3\
\x9b\xad\xba\x83\xabD\xa5N\x1d\xc3\xaf\xb0Y\xae\xeao\
\xccl=\xc9\xb6\x91\x88\xe8\x1d\xd3\x12@\xd4\xf1!\xa7\
q\xaa\xaaw\xa9<\x80\xa52\xc0\x96\x22:\xbdk4\
G\x9f\x5c\xba\xf5p9\x85\x1b\x00\xbcmf\x1b0\x02\
\x9d\xbe\x8f\x1b\x00DT\xfbx}\xe8\xcf.>\x07.\
f\x7f\xba\x5c\xa6\x892\xd0& y\xfav\xb9\xa3_\
\x5cB\x97\xfel\x13;\xf8\xaa\x99\xad&\xf9\xa6\xfe/\
\xef\x0bUGS\xb4\x1fS\x00H0y\x13\xc5\xc0M\
\x040\xcb\xccN\xd7i\x5cKD\xc4\xcc\x1df\xce\xe3\
\x00\x5c)\xd7&\xb8\x8e\xe5k\xd5}d\x1f\x80n\xb1\
\x92}\xe3b>ql\x8eY$g\xcajo\x94\x9d\
\xd0\x00\x97qs>\x02-iC\x06[\x9b\x18@\xcf\
\x16\xf6\x98Y\xb7,\xf8vE\x1d\xf7b\xa0uk\xab\
\x9aB5#\xbe\x0b\xfa\x98\x1e\x99c\x14\x00\x9eEc\
\x80\xc8\xc9\x98\xd9\x02\x15\x9c\xcc\x8e \x97rp\x11\xc4\
G1\x90\xfa\xdd#1\xde\xa1\x05\xdf\xab\x85\xcey_\
\x9cd\xd1\xc6\x8a<\xaf\x00`\xc0\xc5\x0b-J^\x22\
y+\x06\xce3\x0e/Z\x0e.\xbb\xe8\x17\x22u|\
\xc0'\xafO\xbfo7s,\x8dc\x15\x00q\xf6\x83\
_\xd4(&\xad\x08\xa0\xc3w\xfb:^F\x0a\xc7\xd7\
(\x95\xd4I\x94\xd7'\xa8\x02\x80\xca\xa8\x00\xa02*\
\x00\xa8\x8c\x0a\x00*\xa3\x02\x80\xca\xa8\x00\xa02*\x00\
\xa8\x8c\x0a\x00*\xa3\x02\x801<\x86::\xc6*\x00\
8\xbe\x07\x8f\xb7\x17\x1ew\xb1\x80\x09\x13&\xa0\xab\xab\
+\x83\x81c\xd6-\xe1\xc2\xf6\x98Y\x0d\xc9R\x05'\
Uptp\xaaL@\x04k\x0b\xac\x82\xf8\x91\x1d5\
\xea\xf0u)\x5c\xac\xbf;\xe1{\xf4\xc3\xa5z\x9f\x03\
\x97B6)\xf4\xbb>\xb8p\xf0\xf3(}XDx\
T\xc1\xe5\x11\xac\x05\xf0\x073\xdbY\x91\x00#\x0c\x00\
\xb8\xf4\xaf/\xc2\xa5h\xf7&\x5c,\x9f\xf2]\x1d\x90\
\x1e\xc1\x91\x05\xf0\x01\xb8\xdc\xc2r\xe7p\x0f\xdc\xe1T\
\xef\xc0\x95uU\x000\xc2R\xab\x1a.\xfd\xab\x1a\x87\
W#P\xea\xba\x87s\xbdIp\xb9\x87\xe9\xf16\x99\
\xe3\xd1\x084\x89\xeb\xb1\x94s\xd7'IT\xa8\x00`\
tFz\x8c={z\x0c>\xd31\xab\x02\xc2\xfez\
a\x0c,~q\xbc\xf2\x08\xe3\x11\x00\xbe9\xd4\xfb\xda\
q\x9dG\xd9\x9b\xc9\xc2e\x12\xb7`\x9c\xa4\x82\x8fw\
\x00\xe4\xe0*n\x1e\x84\xab\xdc\xed=\xca\x00\xc8\xe8\x0c\
`\xdf#h\xdcY\xd4\xe3\xee\x99U2]#\x09`\
Gq\xee\x0c\x00\xd52&\x87\x81V2\x95Q\x19\x95\
Q\x19\xe3`\xfc\x7ff\xf7\xc1\xe3\xfd\x1b2\x09\x00\x00\
\x00\x00IEND\xaeB`\x82\
\x00\x00\x0a\xbb\
\x89\
PNG\x0d\x0a\x1a\x0a\x00\x00\x00\x0dIHDR\x00\
\x00\x00\x80\x00\x00\x00\x80\x08\x06\x00\x00\x00\xc3>a\xcb\
\x00\x00\x00\x04sBIT\x08\x08\x08\x08|\x08d\x88\
\x00\x00\x00\x09pHYs\x00\x00\x0b\x13\x00\x00\x0b\x13\
\x01\x00\x9a\x9c\x18\x00\x00\x0a]IDATx\x9c\xed\
\x9d{\x8c\x15W\x19\xc0\x7f{\x97\xb6X\x16v)\x0a\
%\x85r\xb5U\x04\xc1\x1aJk\x1fh\x1f\xf6\xb9\x12\
\xa2\xa5\xbej\x1a|\xd4\xa8\x89\xc6FM\xd4\xaa\xcd\xc6\
()h\x1f\xd4\xf8\x22\x225\xad\xf5\xd5\xa2\xb5\xfeQ\
[\xc5)}\x98n_\x1b\x91\x96ZA@K-\x22\
,\xdd-ea\x97\xf5\x8fon\xe6\xcc\xdc\xb9w\xe6\
\xee\xde\xb9g\x1e\xdf/\x99\xdc33g\xe6|w\xe6\
\x9b\xf3\xfc\xcew@Q\x14EQ\x14EQ\x14E)\
\x10m\xb6\x05\xa8\xc34`\x1e0\xc1\xb6 \x19\xe2\x08\
\xf0\x0c\xb0\xdf\xb6 \xe3\xe1\x04\xe0v`\x18\x18\xd5\xad\
\xe1\xed\x08\xb0\x1e\xe8j\xf4\xc1\xa7\x81I\xc0f\xec?\
\xc4<lO\x03\xc7G=\xf0\xf6\xa8\x08-\xa6\x07X\
n[\x88\x9cp\x22\x92\x1b<X/R\xda\xea\x00;\
\x809nx\x14\xf8\x11\xf0\x825i\xb2\xc7\xc9\xc0'\
\x8c\xfd\xe7\x817Y\x92\xa5aJ\xf8\xb3\xb0G\xec\x8a\
\x93Y\x1e\xc7{\x86\x87\xa3\x22\x97\x12\x17'>AY\
^\xb5\x22E\xf6y\xc5\x08G\xbe\xdf4)\x80b\x01\
U\x80\x82\xa3\x0aPp\xd2\xdc\xcb\xd6\x05|\xc4R\xda\
\x83\xc0]\x96\xd2.,\x13\xf0\xb7\x02v\x93lGI\
\xbdmG\xb2\x7f5Q\x1c\xbc\xff1\x1c\x15Y\x8b\x80\
\x823\x96\x22\xe0J\xe0\x1a\xa4\x83a<\x0a\xb4\x04\xf8\
w\x8cx\x1f\x076\x1a\xfb%\xa0\x13\xb8\x0c\xe99<\
\x16\xd8\x04\xac\x08\x5c7\x09X\x04|\x0d\xaf3d\x00\
xk\x8dtf\x01\x0f\xc5\x90'W4\xa2\x00%\xe0\
6\xe0\xea\x16\xa7\xbd\x07\xc9\x92g!\xf5\x82W\x81>\
\xa4\xaf\xbb\x1f\xf8\xbe{l\x07\xf2\xd2_\x8fd};\
\x81-\xc0\xef\x80\xc7\x80\xb9\xc0Q\xbc\xec}A \x9d\
\xc8~\xf3\xa2s-\xcd-g\xcb\x81\xfb\xd7\xaa\x03,\
u\xcf\xff\xc28W\xa9\xa0\x1d\x0f\x8c\x00\xf7\xb9\xfb\xe7\
\x1bq\x0e\x01W\xb9\xc7\x97\xba\xc7\xfak\xa4U\xd8:\
@#9\xc0\x17\x03\xfb{\xf1\xf7:5J\xa4pu\
8\xc3\xfd=\x88\x0cx\x84q\x1c\xb0\x1a\xb8\x13\xf8\x03\
\xa2\x10J\x80\xb8\x0a0\x138\xc9\xd8\x7f\x14x'\xf2\
\xf5\xb5\x8a\xa7\x90,\xbe\x1fX\xe7\x1e;\x0dy\xd1\xb5\
8\x09\xe8@\x9au\xbb\x80\x19\xee\xf1a\xe0\xec@\xdc\
\xf5\xc0\x9b\x9b%lV\x88\xab\x00\xc1\x87\xfc<\xad}\
\xf9 _\xf3jc\x7f\x1a2Z\x18E\xe5?\x0e\x05\
\x8eo\x0d\xec\x172\x87HsGP\x90\x8f\x02\xa7#\
\xb5\xfe\x13\x81\xf3\x80)\x11\xd7\x1c\x02^v\xc3\xd3\x8d\
\xe3\x13\xc8\xb8\xd9T\xb3\xc8\x92\x02\x5c\x0a|\xa0\xc1k\
\xeeEj\xfe\xf3\x91\xec\xff@\xb3\x85\xca:YR\x80\
8\xec\x02V!\xc5\xd3.\xe0\x0e\xf7\xf8\xf5\xd6$J\
9yS\x80\xed\xc0\x97\x8d\xfd\xa9\x88B4\x9as\x14\
\x86,(\xc0*\xe4\xa5\xce\xad\x13\xe7\xed\xc0\xc3\x81c\
\x9d\xee5\xc7\x18\xc7:B\xe2\x15\x9a,(\xc0\xfc\x18\
q\xba\x80sc\xc4k\x8f\x19\xaf0\xa4Y\x01\xfa\x81\
\xfb-\xa5\xbd\xd7R\xba-'\xcd\x0a\xb0\x1b{\xf6\x00\
\x85A\x87\x83\x0bN\x9as\x00\xdbLF\xc6?.F\
F\x1f\xe7\x00\x7f\x06nD\x06Zr\x81*@8%\
\xe0O\xc8\xa0\xd3\x10\xd0\x0d\xcc\x06z\x91\x96D\x8f5\
\xc9\x9a\x8c\x16\x01\xe1\x9c\x897\xe2\xf8,R!\xdd\x0c\
\xdc\x804Ig\xd4\xb8.s\xa8\x02\x84\xb3\xd8\x08o\
3\xc27!\xc6'\xdd\xad\x15'9T\x01\xc2)\x1b\
\xe1\x97\x8c\xf0\x00b\x98\xa29@\xce\x99j\x84_\x0e\
\x9c{\x10\xcf\xb2(\xf3h%0\x1cs\xda|\xd0\xee\
\xe1\x9fH\x0b!\x17\xa8\x02\x84c\x1a\x8f\x1c\x1b87\
\x00\xfc\xa3\x85\xb2$\x8a*@8\xa6\xdd@\xd0\xe8d\
;9\xb2\x1e\xd2:@8f\xc5oz\xe0\xdck[\
)H\xd2\xa8\x02\x84\xf3/#<;pn19B\
\x15 \x1c\xb3\x8c?%p\xeem\xad\x14$iT\x01\
\xc2\xf9;^\x7f\xffT\xbcb\xa0\x93j\x85\xc84\xaa\
\x00\xe1\x0c\xe2\x9f\x1dT\x99Ox\x1e\xd5\xfd\x02\x99F\
\x15\xa06}F\xb8R\xee_\x00\xfc\xcf\x82,\x89\xa1\
\x0aP\x9b'\x8cpe\x16\xd1\x85\xc0\x7f-\xc8\x92\x18\
\xaa\x00\xb5\xe95\xc2K\x90\xc9(\x0b\xf17\x113\x8f\
*@m\x1eC&\x95\x80\xf8/\xfe*\xe2X\xf3E\
k\x12%\x80*@m\x06\x10\x1b\x80\x0a\x9fv\x7fw\
Z\x90%1T\x01\xeacz\x0ciGl\x01\xe2x\
5\xc9\x0c\xaa\x00\xf5\x09:Z~\x1c\xafX\xc8\x05\xaa\
\x00\xf5q\xf0\x1b\x80>iI\x8e\xc4P\x05\xa8\xcf^\
\xe0\xaf\xc6\xfeE\xb6\x04I\x0aU\x80hv\x19\xe1\x85\
\xc0Y\xb6\x04I\x02U\x80\xfaLG\xdc\xd1\x99|\xce\
\x86 I\xa1\x0aP\x9fk\xf0\xcf.\x06x\x1f\xf0\x06\
\x0b\xb2$\x82*@m&\xe0\xb5\xfd\x0f\xe0U\x06\xdb\
\x91N\xa1\x5c\xa0\x0aP\x9b+\x11\xe7\x94\x00k\x81\x0d\
\xc6\xb9\x15\xc4\x9b\xb6\x9ezT\x01j\xf3\x05#\xbc\x0e\
\xb8\x0e\xcf'a;pK\xcb%J\x00U\x80p.\
\xc4\x1b\x02\xde\x04<\x87\x18\x89\xdcj\xc4\xb9\x18\xf8`\
\x8b\xe5j:\xaa\x00\xe1|\xc5\x08\xff\xc0\x08\xf7\xe0o\
\x16\xdeJ\xb5\xd1h\xa6P\x05\xa8\xe6\x0c\xbc\x0e\x9f\xff\
\x00w\x1b\xe7\x06\x91\x96A\xa5B\xf8:\xc4\xc3h\xda\
\x96\xdf\x8b\x8d*@5\xa6K\xb9\x1fR\xed\x8b\xf8\x01\
\xfc\xe5\x7f7~\xcfd\xb9\xa4\x8c\xdf\x9b\xf6m\x09\xa4\
\x11\xf4\xe0\xfd\xc7\x04\xd2\x88b\x91\x91\xfeA\xe4\x0b\x0f\
\xe3\x18\xc4_r%\xee\x08\xb0\xac\x15\x02\xc6\xc0AW\
\x0c\x193=Fx=\xb5\xcd\xbf\x8e\x00W\xe0\xd5\x07\
J\xc0\xcf\x81s\x12\x93\xcc2e\xf2\x9f\x03,6\xd2\
>B\xf5z\x06a\xbc\x05\xd8g\x5c\xd7\x8f8\x97\xb0\
\x89\x83\xe6\x00c\xe2\x1bF\xf8\x0e\xe2-\x1a\xb1\x05\xf1\
a\x5c\x99K\xd8\x89(\xee%M\x95,\x05\x94\xc9w\
\x0ep\x16\xfe\xaf\xff\xd4\x06\xaf_\x84,mc~y\
\xd7cguv\x87\x06r\x80\xb8\x94\xc9\xb7\x02<`\
\xa4\xbb.\x22n-NA\xfc\x09\x99\xff\xa1\x97\xc6\xa6\
\x92\x95\x90\x0a\xe6x\x9a\x95\x0e\x0d(\x80N\x0f\x97u\
\x86*\xed\xfe!\xfcEA#lC|\x16\xafG*\
\x88 }\x0aO \x0b[l@>\xa422\xc60\
\x13\xe9D\x9a\x86\x14\x1d\x1d\xf8s\x8c!\xa4N\xb1\x1b\
\x99\xab\xf8$\xb2\xf4\x8d9a\xa5e\x94\xc9o\x0e\xf0\
\x88\x91\xe6M\xe3\xbc\xd7$\xc4\x17\xf1_\xf0\xff\x97f\
n\x8fR\xdfq\xb6\x83\xe6\x00\xb1Y\x8a\xd7t;\x00\
|\xab\x81k\xdb\x90\x11\xc1\xb3\xdd\xedL`\x1e\xf1\xca\
\xfd\x03HQ\xb3\x13ij\xeeG\xe6\x1c\xbe\x82\xd4A\
\xda\x90\xa2`22!\xe5\x8dH\xeer\x91\x9b\xd6\xfd\
\x88\x12\xb4\xccQE\x99\xfc\xe5\x00%\xc4\xee\xbf\x92\xde\
\x97b\x5c\xb3\x00\xb1\x08\xba\x07\x99#\x18\xf6\x85\xbe\x84\
\xc8\xbe\x06\xb1'\xb8\x0a\xc9\xb6\x83\xf1^@\xc6\x1cN\
h@\xe6\x0e\xe0\xb3\x88\xd2\x5c^#\x8eC\x039@\
\x5c\xca\xe4O\x01V\x18i\xed\x04&\x86\xc4\xe9@\xca\
\xf3\x9f /,\xec%\xfe\x061\x10\xb9\x1c\xf9Z\xc3\
(!\x8bVl\x09\xb9\xc7A\xe4y.i@\xf62\
2Q5\x0c\x07U\x80H^\x83\xf4\xe2U\xd2\xfa\xb0\
q\xae\x13Q\x8e\xdf#Y\xac\xd9\xdd\xdb\x07|\x17y\
\x99A\xcf!qhC\xba\x8c7R\xad\x08\xa3HE\
r%R\x9c\xd4k\x09Lt\xffC\x18\x0e\xaa\x00\x91\
\x5cg\xa4\xd3\x8b\x94\xb7K\x91\x15I\xcd\x97\xbe\x19\x19\
\xf8Y\x86,J\xd1L\xe6\x01\xdf\xa1\xf6*\xe9{\x80\
_#\x86)\x97 k\x1a\x96\x81w \x1dU\xb5\x14\
\xc4A\x15\xa0.3\x90\x0aW%\x9d\xfb\x90\xe9^\xa3\
He\xec\x97\xc8:\x053\x13J?H\x09i\x8a\xde\
\x82\xe7\x99$j\xbb\xa1\xce\xfd\x1c\x1aP\x80\x22\xb6\x02\
V\xe2w\xf48\x17\xf9\xd2\xeeA\xd6\x13j\xdaW\x13\
\x93\xa3\xc8Ks\x90\xf5\x99g!M\xc9\xd3\x91V\xc6\
\x1c<\xcf\xa5\xbb\x11W\xb5-7G+\x93\x8f\x1c`\
\x11R\x96W\xd2X\x91@\x1a\xb6qh \x07(\xca\
`\xd0l\xa4\xcc\xfc\x1e\xde\x7f\xde\x08\xfc\xd4\x9aD)\
!\xef\x0ap.\xb2\xc2\xc7 \xf01\xbci]\xc3\xe4\
l\x86\xcfX\xc9k\x1d\xe0d\xe0f\xa4I\xf7\x1e\xa4\
\xc9\xb4\xca8\xbf\x06\xf8\x9b\x05\xb9RG\xder\x80\x12\
R\x91z\x06\xf9\xea\xbb\xdd\xdf\x9b\x91A\x17\x90\x1a\x7f\
\x8f\x0d\xe1\xb2L\x99\xf4W\x02g\xe3U\x80\xcc\x11\xbd\
\xee\xc0}\xd3b\xbb\x97\x14\x0e\x05\xec\x07\xb8\x14\x99\xcb\
?\x8a\x7fFO\x17\xfe.\xdc_5E\xd2t\xe3P\
0\x05\xf8\x0c^\xd3.8\xa0s\xa7q\xbf=\xd4\xb6\
\xf2\xcd\x13\x0e\x05R\x80\xaf\x1b\xf1W\x07\xce]\x1d\xb8\
\xdf\x15\x14\x03\x87\x82(\xc0\xe7\x8d\xb8\x1b\xf0\xf7\x8d\xcf\
G*\x7f\x95\xf3k\x9b-l\x8aq(\x80\x02\x5c\x86\
\x97\xed?\x87\xbfk\xb7\x0b\xd8j\xdc\xa7\x8f\xda#g\
y\xc4!\xe7=\x81S\x10\xbb\xbb\x12\xf2\x07?\x848\
u\x04Y\xdf\xe7.<\x93\xa9}\xc0r\xc4\xbf\x9f\x12\
B\x16\x15\xe0Z<\xc3\x8b\x1b\x81\xa7\xdcp;\xf03\
\xe0]\xee\xfea\xa4\xdc\xdf\x862n\xca\xa4\xa7\x08\xa8\
\x98^\xef\xc3\xcb\xfa'\x22\xf5\x003\xeb[\x9e\x80\x8c\
Y\xc0!\xe7E@\xe5\xeb\xbf\x1d\xc9\xfa\xe7!\x96\xbd\
\xefu\x8f\x1fB\xdc\xbb\xdc]}\xa9\x12$\x8b\x0a\xf0\
mD\xb3'\x22\x96\xb5}\xc80/\x88A\xc59\xc0\
o\xed\x88\x96=\xb2\xa8\x00+\x91J\xde(\xf0n\xf7\
\xd8\xd3\xc8\xe8\xdeB7\xac\xc4$\xab\xa3\x81\xdb\x81O\
\xb9\x9b2\x0e\xb2\x98\x03(MD\x15 \xdf\x8cFE\
H\x93\x02\x0c\xe3\xef\xb0Y\x80\x18v(\xf1)#N\
+*\x0cF]\x90\xb6:\xc0&dh\x17\xc4|;\
W\xcb\xb3X\xe0\xa1\xa8\x08i\xca\x01\x00\xbeI\xceV\
\xe4\xb0\xc8\x08\xf2<\xeb\x926\x05x\x18\xf1\xc3w\xd8\
\xb6 \x19g\x08\x99\xdc\xd2\x1b\x11/uE\x00\xc8@\
\xcf&\xe0\x93\xc0i\xc0qv\xc5\xc9\x14\x87\x90\x8e\xb1\
\xb5HS\xb9i\x94I~,@\xb1@\xda\x8a\x00\xa5\
\xc5\xa8\x02\x14\x1cU\x80\x82\x93\xc6J`^\x99\x02\xbc\
\xdf\xd8\xdf\x8a\xb4z2A\x19\xad\x04\x8e\x97S\xf1?\
\xc3\x1f\xdb\x15G\xd0\x22\xa0\xe0\xc4U\x80\x91\xc0\xfe\xd4\
\xd0XJ=\x82\xcf\xac\xd5\x8e(B\x89[\x07x\x11\
1\xbf\xaa\xd8\xe0-\x03\xeeE\x5c\xa5)\xd1\xb4Q\xed\
\xd5\xebY\x1b\x82\x8c\x875\xc4\xf3_\xa3[\xf46\x88\
\x0cve\x8a\xc9\x88\xb9\x95\xed\x87\x97\xf5m\x04\x99\xcb\
\x90I:\x10\x7f\xba\xfb\xb1\xff \xb3\xb6\x1dE|\x08\
\x9f\xdf\xe8CO\x92\xb1\xba%/!\x9e\xae\xb5\x1f!\
\x1e\xa3\x88k\xba\x81\xa8\x88\x8a\xa2(\x8a\xa2(\x8a\xa2\
(\x8a\x92 \xff\x07\xdd\x01\xb7$\xc0@\xb7o\x00\x00\
\x00\x00IEND\xaeB`\x82\
\x00\x005{\
\x89\
PNG\x0d\x0a\x1a\x0a\x00\x00\x00\x0dIHDR\x00\
\x00\x02\x00\x00\x00\x02\x00\x08\x06\x00\x00\x00\xf4x\xd4\xfa\
\x00\x00\x00\x09pHYs\x00\x00\x0e\xc3\x00\x00\x0e\xc3\
\x01\xc7o\xa8d\x00\x00\x00\x19tEXtSof\
tware\x00www.inksca\
pe.org\x9b\xee<\x1a\x00\x00 \x00ID\
ATx\x9c\xed\xddw\xb8eU}\xff\xf1\xf7Wz\
W\x01\x05\x11\x05\x05\x14\x04\xc5^@\x03\x88\x14{\x01\
\xc5\x96X1MM\xd4\x9f1\x89\x89&\xb1\xa11\x89\
\xfah\xac1\xc1\x18\x15,\xa0FT\x14\x14\x01\xc5\x12\
\x05A\xb0Q\x05\x0bM\xa4\x97\x99\xef\xef\x8f}\x88\xe3\
d\xe6\x96\x99{\xefw\xed\xb3\xde\xaf\xe7\xb9\xcf\x90\xdf\
\x0fg}8\xf7\x9c\xbd?g\xed\xbd\xd7\x0a$M\xad\
\xcc\xdc\x1c\xd8\x01\xd8q\xf2\xe7v\xc0\x96\xc0V\x93?\
\xb7\x046\x026\x9f\xfcO6\x006\x9e\xfc\xf3\xb5\xc0\
M\x93\x7f\xbe\x0a\xb8\x1e\xb8|\x85\x9f\xcb\x80\x8b\x81\xf3\
\x80\xf3\x81\xf3\x22\xe2\x9aE\xfc\xcf\x91\xb4\x80\xa2:\x80\
\xa4\xb579\xd1\xef1\xf9\xb9\xcf\xe4\xcf]\x81\xdb/\
q\x94\xcb\x80\xb3\x81\xef\x03\xa7\x03g\x00gE\xc4\xd5\
K\x9cC\xd2,,\x00\xd2\x08e\xe6\x9d\x80\xbd\x80\xbd\
'\x7f\xde\x17\xb8Mi\xa8\x99\x9d\x0b\x9c\x02\x9c\x0c\x9c\
\x12\x11g\x15\xe7\x91\xbag\x01\x90F 3o\x07<\
\x0a8h\xf2\xb3mm\xa2\xb5v\x11\xf0\xf9\xc9\xcf\x97\
\x22\xe27\xc5y\xa4\xeeX\x00\xa4Fe\xe6]\x81\xa7\
\x02O\x00\x1e\x02\xacS\x9bh\xd1\xdc\xcc0;p,\
ptD\x5c\x5c\x9cG\xea\x82\x05@jHfn\x07\
\x1c\x0a<\x0dx0\xfd}F\x973\x94\x81\xa3\x80\x8f\
G\xc4/\x8a\xf3HS\xab\xb7\x83\x8b\xd4\x9c\xcc\x5c\x07\
\xd8\x178\x1cx\x12\xb0nm\xa2f,\x07N\x00\xde\
\x0b|*\x22n)\xce#M\x15\x0b\x80T$3\xef\
\x02\xbc\x08x.\xe3\xbf\xa6\xbf\xd8~\x06\xfc\x1b\xf0\x9e\
\x88\xb8\xa4:\x8c4\x0d,\x00\xd2\x12\xcb\xcc=\x81\x97\
\x01\x87\x01\xeb\x15\xc7\x19\x9b\x9b\x81c\x80\xb7D\xc4\xb7\
\xaa\xc3Hcf\x01\x90\x96Hf\x1e\x04\xbc\x92a\xba\
_k'\x81/\x02GD\xc4\x89\xd5a\xa41\xb2\x00\
H\x8b,3\xf7\x06\xfe\x01\xd8\xa78\xca\xb4:\x05\xf8\
\x1b\x8b\x804?\x16\x00i\x91d\xe6^\xc0\xeb\xf0\xc4\
\xbfT>\xcfP\x04\xbe]\x1dD\x1a\x03\x0b\x80\xb4\xc0\
2\xf3\xce\xc0\x1b\x80g\xe1gl\xa9%\xf0q\xe0\x15\
\x11qau\x18\xa9e\x1e\x9c\xa4\x05\x92\x99\x1b3\x5c\
\xe3\x7f%\xc3\x06;\xaas\x1d\xf0\x16\x86{\x04\xae\xaf\
\x0e#\xb5\xc8\x02 -\x80\xcc|<\xf0N\xe0\xce\xd5\
Y\xf4;\xce\x03\xfe0\x22\xbeX\x1dDjM\xcb\x9b\
\x87H\xcd\xcb\xcc;f\xe6\x91\x0c\xcb\xd8z\xf2o\xcf\
\x8e\xc0\x172\xf3\xa8\xcc\xdc\xba:\x8c\xd4\x12\x0b\x80\xb4\
\x862\xf39\x0c[\xdf>\xbb8\x8afw(pf\
f\x1eV\x1dDj\x85\x97\x00\xa4y\xca\xcc\xdb\x02\xef\
\x02\x9e^\x9dEk\xe4h\xe0E\x11qeu\x10\xa9\
\x92\x05@\x9a\x87\xcc\xdc\x0f\xf8\x0f\x9c\xee\x1f\xbb\x0b\x81\
gG\xc4I\xd5A\xa4*^\x02\x90\xe6 3\xd7\xcd\
\xcc#\x80\xe3\xf1\xe4?\x0d\xee\x02\x9c\x90\x99\xaf\xc9L\
\x8f\x83\xea\x923\x00\xd2,2s+\xe0#\xc0\xfe\xd5\
Y\xb4(\x8e\x03\x9e\x15\x11WT\x07\x91\x96\x92\x05@\
\x9aAf\xde\x0f\xf8\x04\xb0Cq\x14-\xae\x0b\x81C\
\xdc`H=q\xeaKZ\x8d\xcc\xfc\x03\xe0T<\xf9\
\xf7\xe0.\xc0W2\xf3\xa9\xd5A\xa4\xa5b\x01\x90V\
\x92\x99\x91\x99\xaf\x05>\x08lP\x1cGKgc\xe0\
\xa3\x93\xdf\xbd4\xf5\xbc\x04 \xad 3\xd7\x07\xde\x8f\
\xcf\xf6\xf7\xee\xdf\x18V\x10\xbc\xb9:\x88\xb4X,\x00\
\xd2Dfn\xc6\xb0\xa2\xdf\xbe\xd5Y\xd4\x84\xcf\x01\x87\
F\xc4u\xd5A\xa4\xc5`\x01\x90\xf8\xdf\xc5}\x8e\x03\
\x1eR\x9dEM\xf9\x1a\xf0\xd8\x88\xf8Mu\x10i\xa1\
Y\x00\xd4\xbd\xcc\xbc\x03\xf0\x05`\xcf\xea,j\xd2w\
\x80\x03#\xe2\xf2\xea \xd2B\xb2\x00\xa8k\x99\xb9-\
\xf0e`\xd7\xea,j\xda\xe9\xc0\xa3\x22\xe2\xd2\xea \
\xd2B\xb1\x00\xa8[\x93\x05~\xbe\x02\xdc\xab8\x8a\xc6\
\xe1\x0c`_\x17\x0c\xd2\xb4\xb0\x00\xa8K\x93k\xfe'\
\x00\xf7\xad\xceR\xe4:\xe0g\xc0\xe5+\xfc\xdc\x08,\
\x07\xae\x9a\xfc;[0<*\xbc!\xb0\xe5\x0a?w\
\x066Z\xe2\xbc\xad\xf8:p@D\x5cS\x1dDZ\
[\x16\x00u'37eX\xd3\xbf\x87\x1b\xfe.a\
\x98\xbe>\x9d\xe1\x1b\xecO\x81\xf3#\xe2Wk\xf3\x97\
f\xe66\x0c\x0b$\xed\x04\xec\x01\xdcg\xf2\xb3\xcd\xda\
\xfc\xbd#q\x22\xf0\x98\x88\xb8\xbe:\x88\xb46,\x00\
\xeaJf\xae\x07|\x168\xa0:\xcb\x22\xf9\x11C\xb9\
9\x1589\x22.\x5c\xca\xc13sG`o`/\
\x86\xbd\x13\xee\xbe\x94\xe3/\xa1c\x80\xa7D\xc4\xf2\xea\
 \xd2\x9a\xb2\x00\xa8+\x99\xf9~\xe0\xf9\xd59\x16\xd0\
2\x86o\xa4\xc7\x00\xc7E\xc4\xb9\xc5y~Gf\xee\
\x02\x1c\x0c<\x09x8\xd3\xb5\xfa\xe8\xbfD\xc4\x9fW\
\x87\x90\xd6\x94\x05@\xdd\xc8\xcc\xbf\x02^_\x9dc\x81\
\x9c\x0a\xfc'\xf0\x89\xb5\x9d\xce_*\x93'.\x0e\x05\
\x9e\x05<\xb08\xceByID\xbc\xa3:\x84\xb4&\
,\x00\xeaBf>\x8daK\xdf1\xbf\xe7\xaf\x04\x8e\
\x04\xde\x17\x11gU\x87Y\x1b\x99\xb9'\xf0B\x862\
\xb0yq\x9c\xb5\xb1\x0cxbD|\xb6:\x884_\
c>\x18Js\x92\x99{0\xdc\xbd\xbdIu\x965\
t\x1e\xf0\x1e\xe0\xdd\x11q\xd5l\xff\xf2\x98L\x96_\
~\x1e\xf02\x86\x1d\xf9\xc6\xe8j\xe0\xc1\x11qvu\
\x10i>,\x00\x9aj\x99y;\xe0[\x8c\xf3f\xb4\
\x1f\x01\x7f\x07|,\x22\x96U\x87YL\x93\x9b3\x9f\
\x05\xfc-\xe3\xdc~\xf9L\xe0\xa1>\x1e(I\x0d\xc8\
\xcc\xdbd\xe6gs|.\xc8\xcc\xe7f\xe6\xba\xd5\xaf\
\xe1R\xcb\xcc\xf53\xf3\x0f3\xf3\x92\xd2\xdf\xc0\x9a\xf9\
hf\xfa\xa5J\x92\xaae\xe6_W\x9f\x11\xe6\xe9\x9a\
\xcc\xfc\xdb\xcc\xecu\x91\x9d\xff\x95\x99\x9be\xe6\x1b2\
\xf3\xfa\xd2\xdf\xc8\xfc\xbd\xa4\xfa\xb5\x93\xe6\xca\xb6\xaa\xa9\
\x94\x99\x0ff\xd8\xc9m\xbd\xea,st\x0c\xf0\xe2\x88\
\xf8Yu\x90\x96d\xe6\xdd\x80w\x01\x07Vg\x99\xa3\
\x1b\x80\x07E\xc4\xf7\xab\x83H\xb3\xb1\x00h\xead\xe6\
&\xc0\xff\x00\xbbTg\x99\x83_\x02\xaf\x8c\x88#\xab\
\x83\xb4,3\x0f\x05\xde\x09l]\x9de\x0e~\x00<\
\xc0\x95\x02\xd5\xbaiZ\x94C\xba\xd5;\x18\xc7\xc9\xff\
S\xc0\xbd<\xf9\xcf.\x22\x8e\x06vgX\xc5\xb1u\
\xbb\x01o\xaa\x0e!I]\xc9\xcc\xc7\x95^\x01\x9e\x9b\
\xab3s\x9aV#\x5c2\x99\x19\x99\xf9\x92l\xff\xde\
\x80\xe5\x99\xb9_\xf5\xeb%\xcd\xc4K\x00\x9a\x1a\x99\xb9\
9\xc3\xe3X\xdbWg\x99\xc1\x8f\x81'G\xc4\x99\xd5\
A\xc6,\x87\x85\x84>\x09\xecX\x9de\x06\xe7\x01{\
D\xc4\xb5\xd5A\xa4U\xf1\x12\x80\xa6\xc9\x9bh\xfb\xe4\
\xffi\xe0\x81\x9e\xfc\xd7^D|\x8fa9\xe1\xe3\xab\
\xb3\xcc`G\x86u\x0d$I\x8b%3\x1f\x9a\x99\xcb\
J'}g\xf6\xb6\xcc\xb4p/\xb0\xcc\x5c'3\xdf\
Q\xfc\xbb\x9d\xc9\xcd\x99y\xff\xea\xd7I\x92\xa6Rf\
\xae\x9b\x99g\x16\x1f\xe8W\xe7\xe6\xcc|Q\xf5k4\
\xed2\xf3\xe5\xd9n\x01<--\x7f\x92\xb4\xf02\xf3\
\xc5\xd5G\xf8\xd5\xb813\x9f\x5c\xfd\xfa\xf4\x223\x0f\
\xcb\xcc\x9b\x8a\x7f\xe7\xab\xf3\x07\xd5\xaf\x8f\xb42o\x02\
\xd4\xa8\xe5\xb0\xd6\xff\x8f\x81-\xab\xb3\xac\xe4:\x86\x9b\
\xfd\xbeP\x1d\xa4'\x99\xf9X\xe0h`\xc3\xea,+\
\xf9%\xb0KD\xfc\xa6:\x88t+\xa7\xa54v\x7f\
G{'\xff\xeb\x81\xc7y\xf2_z\x93my\x0f\x01\
n\xaa\xce\xb2\x92;\x02\xaf\xaa\x0e!\xad\xc8\x19\x00\x8d\
Vf\xee\xcc\xb0\xeaZK\x9b\xe6\xdc\xc4\xb0?\xfcq\
\xd5Az\x96\x99\x87\x00\x1f\x05\xd6\xa9\xce\xb2\x82\x1b\x80\
\x9d]\xeeY\xadp\x06@c\xf6\x1a\xda:\xf9/\x03\
\x9e\xe1\xc9\xbf^D|\x1cx>\x90\xd5YV\xb0!\
\xf0\xea\xea\x10\x924j\x99\xb9[\xb6w\xd7\xb7;\xc1\
5&\x87\xdd\x15[rS\x0e\x1b\x1cI\x92\xd6Df\
\x1e]}$_\xc9\xbb\xab_\x13\xadZf\xbe\xbb\xfa\
\xcd\xb1\x92\x0fT\xbf&\x12x\x0f\x80F(3\xf7\x00\
N\xa7\x9d\xf7\xef\xf1\xc0\xc1\x11\xb1\xac:\x88\xfe\xaf\xcc\
\x5c\x1f8\x11xXu\x96\x89[\x80{F\xc4O\xab\
\x83\xa8o\xde\x03\xa01z\x05\xed\x9c\xfc/d\xb8\xee\
\xef\xc9\xbfQ\x11q\x13\xf0\x14\xe0\x92\xea,\x13\xeb\x02\
\x7fV\x1dBj\xe5 *\xcdIf\xde\x89a\x93\x95\
\xf5\xab\xb3\x007\x02{E\xc4w\xaa\x83hv\x99\xf9\
\x08\xe0\x04\xdax2\xe0:\xe0.\x11qyu\x10\xf5\
\xcb\x19\x00\x8d\xcdKh\xe3\xe4\x0f\xf0\xd7\x9e\xfc\xc7#\
\x22N\x02\xdeP\x9dcbc\xe0\x8f\xaaC\xa8o\xce\
\x00h42sS\x86)\xf7\xdbUg\x01\xbe\x04\x1c\
\x18\x11\xcb\xab\x83h\xee2s]\xe0$\xe0\xa1\xd5Y\
\x18V\x07\xbckD\xdcX\x1dD}r\x06@cr\
\x18m\x9c\xfc\xaf\x02\x9e\xe3\xc9\x7f|\x22\xe2\x16\xe0\xf7\
\x19\xa6\xe0\xab\xdd\x11p\xaf\x08\x95\xb1\x00hL\x0e\xaf\
\x0e0\xf1\x17\x11qqu\x08\xad\x99\x88\xf8\x09\xc3\x12\
\xd2-xAu\x00\xf5\xcbK\x00\x1a\x85\xcc\xbc\x0f\xf0\
\xbd\xea\x1c\x0c\xd3\xc7\xfbDDK+\xcci\x9e&\x97\
\x02N\x03\xeeW\x1d\x85a\x93\xa0\x9f\x14\xe7P\x87\x9c\
\x01\xd0X\xb4\xf0\xed\x7f\x19\xf0\xa7\x9e\xfc\xc7or)\
\xe0\x8f\xa9_*8\x80\xe7\x15gP\xa7,\x00j\xde\
d!\x97\xa7W\xe7\x00\xde\x1d\x11\xdf\xaf\x0e\xa1\x85\x11\
\x11\xa7\x01\x1f\xae\xce\x01\xfcAfz,\xd6\x92\xf3\x12\
\x80\x9a\x97\xc3\x1e\xef\x9f)\x8eq%\xc3Nn>\xb7\
=E2s;\xe0\x87\xc0&\xc5Q\xf6\x89\x88\xaf\x16\
gPgl\x9d\x1a\x83\xc3\xaa\x03\x00\xff\xe8\xc9\x7f\xfa\
Ln\xe6|gu\x0e\xe0\xa9\xd5\x01\xd4\x1fg\x00\xd4\
\xb4\xcc\xdc\x90\xe1y\xe9\xcd\x0bc\x5c\x06\xdc-\x22\xae\
.\xcc\xa0E\x92\x99[\x02\xe7R\xfb\x1e\xbb\x14\xb8\xd3\
\xe4\xde\x04iI8\x03\xa0\xd6\x1dD\xed\x81\x19\xe0\xcd\
\x9e\xfc\xa7\xd7df\xe7m\xc51\xb6\x06~\xaf8\x83\
:c\x01P\xeb\x1eW<\xfeo\x80\xf7\x16g\xd0\xe2\
{\x1bpmq\x86\xc7\x16\x8f\xaf\xceX\x00\xd4\xac\xcc\
\x0c\xe0\xc0\xe2\x18\xef\x8e\x88\xab\x8a3h\x91Mf\x01\
>T\x1c\xe3\xe0\xe2\xf1\xd5\x19\xef\x01P\xb3\x1aX\xfc\
\xe7\x16\x86k\xff\x17\x15f\xd0\x12\xc9\xcc]\x80s\xa8\
=.\xde=\x22\xce-\x1c_\x1dq\x06@-\xab\xfe\
F\xf4YO\xfe\xfd\x88\x88\x1f\x01'\x16\xc78\xa8x\
|u\xc4\x02\xa0\x96=\xaax\xfc\xf7\x17\x8f\xaf\xa5\xf7\
\xbe\xe2\xf1\x0f(\x1e_\x1d\xf1\x12\x80\x9a4Y\xab\xfd\
\xd7\xd4-\xd0\xf23`\x87\x88XV4\xbe\x0ad\xe6\
\x06\xc0\xc5\xc0\x96E\x11.\x03\xee\xe0r\xd3Z\x0a\xce\
\x00\xa8U\xf7\xa5vu\xb6\x8fz\xf2\xefOD\xdc\x08\
|\xb20\xc2V\xc0=\x0a\xc7WG,\x00j\xd5^\
\xc5\xe3\x7f\xacx|\xd5\xa9\xfe\xddW\xbf\xf7\xd5\x09\x0b\
\x80Z\xf5\xb0\xc2\xb1\xcf\x03\xbeS8\xbej}\x85a\
\xf5\xc9*\x16\x00-\x09\x0b\x80Z\xf5\xc0\xc2\xb1?\xe3\
5\xd8~M.\xfd|\xae0\xc2\x83\x0a\xc7VG,\
\x00jNfn\x01\xdc\xb50\xc2q\x85c\xab\x0d\x9f\
/\x1c\xfb\x1e\x93\x9b\x11\xa5Ee\x01P\x8b\xeeM\xdd\
\x13*\xd7\x03'\x15\x8d\xadv\x1c\xcf\xb0\x10T\x85u\
\x81]\x8b\xc6VG,\x00j\xd1\xbd\x0b\xc7>5\x22\
\xae+\x1c_\x0d\x88\x88+\xa9]\x85r\x8f\xc2\xb1\xd5\
\x09\x0b\x80Z\xb4{\xe1\xd8\xa7\x16\x8e\xad\xb6\x9c\x5c8\
\xb6\x05@\x8b\xce\x02\xa0\x16\xedR8v\xe5A_m\
9\xa5p\xec\xca\xcf\x80:a\x01P\x8bv(\x1c\xfb\
[\x85c\xab-\xa7\x15\x8e\xbdc\xe1\xd8\xea\x84K\x01\
\xab)\x99\xb9\x0e\xc3\x8dx\xeb\x15\x0c\x7fAD\xecP\
0\xae\x1a\x95\x99\x97\x03\xb7/\x18\xfa\xea\x88\xd8\xbc`\
\x5cu\xc4\x19\x00\xb5f{jN\xfe\x00g\x14\x8d\xab\
v\x9dY4\xeef\x99Y\xb5\x1f\x81:a\x01Pk\
*\x9f\xff?\xabpl\xb5\xa9\xaa\x00\x80\x97\x01\xb4\xc8\
,\x00j\xcd\xb6\x85c\xff\xb4pl\xb5\xe9\xdc\xc2\xb1\
\xb7)\x1c[\x1d\xb0\x00\xa85\x95\xd3\x9e\xe7\x17\x8e\xad\
6\x9dW8\xb6\x97\x00\xb4\xa8,\x00jM\xe5A\xef\
\x82\xc2\xb1\xd5\xa6\xca\x02\xb0U\xe1\xd8\xea\x80\x05@\xad\
\xa9<\xe8]R8\xb6\xda\xf4\xf3\xc2\xb1\x9d\x01\xd0\xa2\
\xb2\x00\xa85\x15\x8f\x5c\x01\xdc\x18\x11\xd7\x16\x8d\xadv\
]\x01T\xed\x0ci\x01\xd0\xa2\xb2\x00\xa85\x1b\x17\x8d\
{Y\xd1\xb8jXD\xdc\x04\x5c]4|\xd5gA\
\x9d\xb0\x00\xa85\xeb\x17\x8d{U\xd1\xb8j\xdf\x95E\
\xe3\xba%\xb0\x16\x95\x05@\xad\xa9:\xe8\xddP4\xae\
\xdawS\xd1\xb8UeX\x9d\xb0\x00\xa85U\x07\xbd\
\xaa\x83\xbc\xdawc\xd1\xb8\x16\x00-*\x0b\x80ZS\
\xb5\x0c\xb0\x05@\xabS5;\xe4%\x00-*\x0b\x80\
ZS\xf5\x9e\x5c^4\xae\xdaW\xf5\xde\xf0\xf8\xacE\
\xe5\x1bL\x92\xa4\x0eY\x00$I\xea\x90\x05@\x92\xa4\
\x0eY\x00$I\xea\x90\x05@\x92\xa4\x0eY\x00$I\
\xea\x90\x05@\x92\xa4\x0eY\x00$I\xea\x90\x05@\x92\
\xa4\x0eY\x00$I\xea\x90\x05@\x92\xa4\x0eY\x00$\
I\xea\x90\x05@\x92\xa4\x0eY\x00$I\xea\x90\x05@\
\x92\xa4\x0eY\x00$I\xea\x90\x05@\x92\xa4\x0eY\x00\
$I\xea\x90\x05@\x92\xa4\x0eY\x00$I\xea\x90\x05\
@\x92\xa4\x0eY\x00$I\xea\x90\x05@\x92\xa4\x0eY\
\x00$I\xea\x90\x05@\x92\xa4\x0eY\x00$I\xea\x90\
\x05@\x92\xa4\x0eY\x00$I\xea\x90\x05@\x92\xa4\x0e\
Y\x00$I\xea\x90\x05@\x92\xa4\x0eY\x00$I\xea\
\x90\x05@\x92\xa4\x0eY\x00$I\xea\x90\x05@\x92\xa4\
\x0eY\x00$I\xea\x90\x05@\x92\xa4\x0eY\x00$I\
\xea\x90\x05@\x92\xa4\x0eY\x00$I\xea\x90\x05@\x92\
\xa4\x0eY\x00$I\xea\x90\x05@\x92\xa4\x0eY\x00$\
I\xea\x90\x05@\x92\xa4\x0eY\x00$I\xea\x90\x05@\
\x92\xa4\x0eY\x00$I\xea\x90\x05@\x92\xa4\x0eY\x00\
$I\xea\x90\x05@\x92\xa4\x0eY\x00$I\xea\x90\x05\
@\x92\xa4\x0eY\x00$I\xea\x90\x05@\x92\xa4\x0eY\
\x00$I\xea\x90\x05@\x92\xa4\x0eY\x00$I\xea\x90\
\x05@\x92\xa4\x0eY\x00$I\xea\x90\x05@\x92\xa4\x0e\
Y\x00$I\xea\x90\x05@\x92\xa4\x0eY\x00$I\xea\
\x90\x05@\x92\xa4\x0eY\x00$I\xea\x90\x05@\x92\xa4\
\x0eY\x00$I\xea\x90\x05@\x92\xa4\x0eY\x00$I\
\xea\x90\x05@\x92\xa4\x0eY\x00$I\xea\x90\x05@\x92\
\xa4\x0eY\x00$I\xea\x90\x05@\x92\xa4\x0eY\x00$\
I\xea\x90\x05@\x92\xa4\x0eY\x00$I\xea\x90\x05@\
\x92\xa4\x0eY\x00$I\xea\x90\x05@\x92\xa4\x0eY\x00\
$I\xea\x90\x05@\x92\xa4\x0eY\x00$I\xea\x90\x05\
@\x92\xa4\x0eY\x00$I\xea\x90\x05@\x92\xa4\x0eY\
\x00$I\xea\x90\x05@\x92\xa4\x0eY\x00$I\xea\x90\
\x05@\x92\xa4\x0eY\x00$I\xea\x90\x05@\x92\xa4\x0e\
Y\x00$I\xea\x90\x05@\x92\xa4\x0eY\x00$I\xea\
\x90\x05@\x92\xa4\x0eY\x00$I\xea\x90\x05@\x92\xa4\
\x0eY\x00$I\xea\x90\x05@\x92\xa4\x0eY\x00$I\
\xea\x90\x05@\x92\xa4\x0eY\x00$I\xea\x90\x05@\x92\
\xa4\x0eY\x00$I\xea\x90\x05@\x92\xa4\x0eY\x00$\
I\xea\x90\x05@\x92\xa4\x0eY\x00$I\xea\x90\x05@\
\x92\xa4\x0eY\x00$I\xea\x90\x05@\x92\xa4\x0eY\x00\
$I\xea\x90\x05@\x92\xa4\x0eY\x00$I\xea\x90\x05\
@\x92\xa4\x0eY\x00$I\xea\x90\x05@\x92\xa4\x0eY\
\x00$I\xea\x90\x05@\x92\xa4\x0eY\x00$I\xea\x90\
\x05@\x92\xa4\x0eY\x00$I\xea\x90\x05@\x92\xa4\x0e\
Y\x00$I\xea\x90\x05@\x92\xa4\x0eY\x00$I\xea\
\x90\x05@\x92\xa4\x0eY\x00$I\xea\x90\x05@\x92\xa4\
\x0eY\x00$I\xea\x90\x05@\x92\xa4\x0eY\x00$I\
\xea\x90\x05@\x92\xa4\x0eY\x00$I\xea\x90\x05@\x92\
\xa4\x0eY\x00$I\xea\x90\x05@\x92\xa4\x0eY\x00$\
I\xea\x90\x05@\x92\xa4\x0eY\x00$I\xea\x90\x05@\
\x92\xa4\x0eY\x00$I\xea\x90\x05@\x92\xa4\x0eY\x00\
$I\xea\x90\x05@\x92\xa4\x0eY\x00$I\xea\x90\x05\
@\x92\xa4\x0eY\x00$I\xea\x90\x05@\x92\xa4\x0eY\
\x00$I\xea\x90\x05@\x92\xa4\x0eY\x00$I\xea\x90\
\x05@\x92\xa4\x0eY\x00$I\xea\x90\x05@\x92\xa4\x0e\
Y\x00$I\xea\x90\x05@\x92\xa4\x0eY\x00$I\xea\
\xd0\xba\xd5\x014\x7f\x99\xb9\x15\xb0\x05\xb01p5p\
ID\xdcT\x9bJ\x92V-3\xd7\x07\xb6\x036\x05\
\xae\x03\xae\x8c\x88+jS\xc9\x020\x02\x99\xb9%p\
\x18p\x10\xf0P`\xcb\x95\xfe\x95[2\xf3\x87\xc0W\
\x80\xa3\x81\x93\x22\x22\x974\xa4$Md\xe6m\x80\xfd\
\x80\xa7\x00\xfb\x00;\x03\xeb\xac\xf4\xef\x5c\x0a\x9c\x0a|\
\x0e8:\x22\xae\x5c\xe2\x98R\xbb2\xf3v\x99\xf9\xa6\
\xcc\xbc.\xe7\xe7\xac\xcc<\xb4:\xff\x9a\xc8\xcco\xcc\
\xf3\xbfu\xa1\x9cX\xfd\xdf\xae6e\xe6i\xbe'\xe7\
.3\xf7\xcf\xcc\xd3\xe7\xf9\xdfzm\x0e\xc7\xba\xdbV\
\xe7\xef\x89\xf7\x004*3\x9f\x07\xfc\x14\xf8\x0b`\xa3\
y\xfe\xcfw\x03\x8e\xca\xcc/g\xe6v\x0b\x1eN\x92\
V\x92\x99;d\xe6\xd7\x80\xe3\x81{\xcf\xf3\x7f\xbe1\
\xc3\xb1\xee\xc7\x99\xf9\xf4\x05\x0f\xa7U\xb2\x004&3\
\xd7\xc9\xcc7\x01\x1f\x00n\xb7\x96\x7f\xdd~\xc0\xb72\
\xf3\xc1k\x9fL\x92V-3\x1f\x06|\x03\xd8{-\
\xff\xaa\xad\x80\xff\xca\xcc\xb7\xe5p\x19A\x8b\xc8\x17\xb8\
!\x937\xfc\xc7\x19\x9a\xf0B\xd9\x16\xf8Jf\xee\xbb\
\x80\x7f\xa7$\x01\x90\x99\x8f\x06N\x04\xee\xb8\x80\x7f\xed\
K\x80\x0fef,\xe0\xdf\xa9\x95X\x00\xda\xf2F\xe0\
\x89\x8b\xf0\xf7n\x08|<3wZ\x84\xbf[R\xa7\
2\xf3\x9e\xc0\x7f\x01\xeb/\xc2_\xff\x0c\xe0\xd5\x8b\xf0\
\xf7j\xc2\x02\xd0\x88\x1cn\xda{\xe5\x22\x0eq{\xe0\
\xd8\xcc\xdc`\x11\xc7\x90\xd4\x89\xcc\xdc\x04\xf8,\xc3#\
\xc9\x8b\xe5\xef2\xf31\x8b\xf8\xf7w\xcd\x02\xd0\x80\xcc\
\xdc\x10\xf8\xc7%\x18j7\xe0O\x96`\x1cI\xd3\xef\
\xe5\xc0\xdd\x17y\x8c\x00\xde\x9e\xc3:\x02Z`\x16\x80\
6\xbc\x04\xb8\xcb\x12\x8d\xf5\xea\xcc\xbc\xfd\x12\x8d%i\
\x0ae\xe6\xd6\x0c\x05`)\xdc\x0dx\xc1\x12\x8d\xd5\x15\
\x0b@\xb1\xcc\x5c\x0fx\xc5\x12\x0ey;\xe0\x85K8\
\x9e\xa4\xe9\xf3b`\xf3%\x1c\xefU>\x15\xb0\xf0|\
A\xeb\x1d\x00l\xbd\xc4c>s\x89\xc7\x934]\x9e\
\xb5\xc4\xe3m\x0f<|\x89\xc7\x9cz\x16\x80z\x07\x14\
\x8c\xb9\x87\x0b\x04IZ\x13\x93\xa7\x89v,\x18\xba\xe2\
X9\xd5,\x00\xf5\x1eP4\xee\xfd\x8a\xc6\x954n\
U\xc7\xac\xaaq\xa7\x96\x05\xa0\xdeb\xdfE\xbb:\xae\
\x09 iMT\x1d;<f-0\x0b@\xbd\xb5]\
\xeewM\xb9\xe9\x86\xa45Qu\xec\xa8:VN-\
\x0b@\xbduf\xffW\x16\xc5&E\xe3\xcefy\xd1\
\xb8U\xbf\x07\xb5\xaf\xea\xbd\xb1\xach\xdc\xd9\xccws\
\xb2\x85\xb2^\xd1\xb8S\xcb\x02P\xef\xe6\xa2q[]\
X\xe3\xa6\xa2q[}=To\xc3\xa2qo,\x1a\
w6U\xab\x89V\x1d\x1b\xa6\x96\x05\xa0\x9e'\xbc\xdf\
\xe5\xeb\xa1\xd6x\xc2\xfb]\xbe\x1eS\xc2\x02P\xcf\x13\
\xde\xef\xaa\xfa\xd6S\xf5-O\xed\xf3\x84\xf7\xbb\xaa\x8e\
\x1d\xad\xce\x88\x8c\x96\x05\xa0^\xd5\x87\xbc\xd5M\x81\xaa\
^\x0f\x97G\xd6\xealY4n\xab'<\x0b\xd1\x94\
\xb0\x00\xd4s\x06\xe0w][4\xee\xed\xdd{\x5c+\
\x9bl\xd4\xb5q\xd1\xf0U\x9f\x85\xd9X\x00\xa6\x84\x05\
\xa0\x9e\x05\xe0w]V4\xeez,\xed\xda\xe6\x1a\x87\
\xaao\xffP\xf7Y\x98M\xd5\xb1\xc3\x02\xb0\xc0,\x00\
\xf5\xaa\xde\xd4\x9b\x15\x8d;\x9b\xcb\x0b\xc7\xbeS\xe1\xd8\
j\xd3\x9d\x0b\xc7n\xb5\x00lZ4\xae\x05`\x81Y\
\x00\xeaUM\xf3mU4\xeel*\x0fz\x15\xeb\x9b\
\xabm\x95\xef\x89V\x0b@\xd5\xb1\xa3\xd5K\x22\xa3e\
\x01\xa8wE\xd1\xb8\x95S\x9b3\xa9\x9c\x01\xd8\xa1p\
l\xb5\xa9\xb2\x00T~\x16fRU\x00Z}=F\
\xcb\x02P\xaf\xeaM\xdd\xea\x0c\xc0%\x85c\xbb\xd6\xb8\
VV\xb5W\x07\xc0\xcf\x0b\xc7^\xa5\xcc\x5c\x8f\xba\xcb\
\x87\x16\x80\x05f\x01\xa8W5\x03\xb0~f\xb6x\x1f\
\xc0\xf9\x85c\xefQ8\xb6\xdat\xef\xc2\xb1\xcf/\x1c\
{u\xb6\x02\xaa\x9e\x96\xa9:VN-\x0b@\xbd\xca\
7u\x8b\x97\x01~\x0e\xdcP4\xf6}\x8a\xc6U\x83\
2\xf36\xc0nE\xc3_\x1e\x11W\x15\x8d=\x93\xca\
c\x86\x05`\x81Y\x00\xeaUNk5w\x19 \x22\
\x12\xb8\xa0h\xf8\xad3s\xdb\xa2\xb1\xd5\x9e\xbbS\xb7\
i\xd6\xf9E\xe3\xce\xc6\x020E,\x00\xf5*\xdf\xd4\
\xad>\xf6v~\xe1\xd8\x0f)\x1c[myh\xe1\xd8\
\xe7\x15\x8e=\x93\xed\x0a\xc7\xf6\x1e\x80\x05f\x01\xa8W\
Y\x00Z}\xec\xed\xec\xc2\xb1\xf7*\x1c[m\xd9\xbb\
p\xec\xca\xcf\xc0L*\x8f\x19\xce\x00,0\x0b@\xbd\
_\x14\x8e\xddj\x01\xf8~\xe1\xd8\x16\x00\xdd\xaa\xf2\xbd\
pf\xe1\xd83\xd9\xa1p\xec_\x16\x8e=\x95,\x00\
\xf5.,\x1c{\x87\xc2\xb1grF\xe1\xd8\x0f\xc8\xcc\
\xdb\x16\x8e\xaf\x06L\xee\x05\xd9\xb50\xc2\xe9\x85c\xcf\
\xe4nE\xe3&pQ\xd1\xd8S\xcb\x02P,\x22\xae\
\x00\xae.\x1a\xbe\xd5\x19\x80\xb3\x80eEc\xaf\x0b\xec\
_4\xb6\xda\xf1h\xea\x1ew\xbb\x1e\xf8I\xd1\xd8\xb3\
\xa9:f\xfc\x22\x22\xaa\x9e\x0e\x9aZ\x16\x806T\xcd\
\x024Y\x00\x22\xe2z\xe0\xc7\x85\x11\x0e.\x1c[m\
8\xb0p\xec\x1fDDU\x01^\xad\xcc\x5c\x87\xba\xbd\
\x11\xaa\x9e\x0c\x9aj\x16\x806T\xbd\xb97\xcb\xcc\xe6\
\x1e\x05\x9c8\xadp\xec\xc7f\xe6\xba\x85\xe3\xab\xd0d\
\x0b\xe0\xca\x02P\xf9\xde\x9f\xc9\xf6\x0c\xbbfV\xa8\xbc\
T:\xb5,\x00m\xa8l\xb7\xf7*\x1c{&\xa7\x14\
\x8e}\x07`\x9f\xc2\xf1U\xeb\xd1\xd4n\x0d}r\xe1\
\xd83\xd9\xbdp\xec\xf3\x0b\xc7\x9eZ\x16\x806T\xb6\
\xdb\xca\xa5NgRY\x00\x00\x9eV<\xbe\xeaT\xff\
\xee[-\x00\x95Ke{\x09`\x11X\x00\xdaP\xf9\
\xe6nu\xfd\xfb\xb3\xa9}\xee\xf7)\x93\xa9`u$\
3\xb7\x00\x1e[\x18\xe1\xa2\x88h\xf5n\xf7\xca\x19\x00\
/\x01,\x02\x0b@\x1b~T8v\x933\x00\x93%\
\x81+g\x01n\x07\x1cR8\xbej<\x03\xd8\xb8p\
\xfc\xaf\x15\x8e=\x9b\xca\xbd2~X8\xf6\xd4\xb2\x00\
\xb4\xe1l`y\xd1\xd8\xbbO6=i\xd1\x17\x8a\xc7\
\x7fA\xf1\xf8Zz\xd5\xbf\xf3\xcf\x17\x8f\xbfJ\x99\xb9\
\x01\xb0K\xd1\xf07\x00\xe7\x16\x8d=\xd5Z=\xf0w\
%\x22\xae\xa3\xee&\x97M\xa8[\xdcc6\xc7\x15\x8f\
\xff\x88\xccl\xf5&I-\xb0\xcc|0p\xbf\xc2\x08\
\xcb\x81/\x16\x8e?\x93]\xa9{\x02\xe0\x9c\x16\x1f\x8b\
\x9c\x06\x16\x80vT.\xfdy\xdf\xc2\xb1W+\x22\xce\
\xa5v=\x80\x00^V8\xbe\x96\xd6+\x8a\xc7\xffn\
D\xb4\xba\xdc\xed\x9e\x85c\xff\xa0p\xec\xa9f\x01h\
\xc7Y\x85c?\xacp\xec\xd9T\xcf\x02<\xd3-\x82\
\xa7_f\xee\x08<\xa98F\xf5{}&\xee\x8b0\
\x85,\x00\xed\xa8,\x00-o\x80sl\xf1\xf8\x1b\x00\
\x7f^\x9cA\x8b\xef/\x80u\x8a3|\xbax\xfc\x99\
T\x1e#*\x8f\x8dS\xadj\xadk\xad$3\xf7\x04\
\xbe[4\xfc-\xc0\xed\x22\xe2\x9a\xa2\xf1Wkr\x83\
\xe2\xcf\x80\xcao\xe1\xd7\x03;E\xc4%\x85\x19\xb4H\
2\xf3\xae\x0cO\xe2\xac_\x18\xe3\x5c\x86\xf7X\x16f\
X\xa5\xcc\xdc\x12\xb8\x94\xba\xf3\xc5N\x11\xf1\xd3\xa2\xb1\
\xa7\x9a3\x00\xed8\x87\xe1D\x5ca]\xe0\x81Ec\
\xcf(\x22\x96\x03\x9f,\x8e\xb1\x11\xf0\xca\xe2\x0cZ<\
\xaf\xa5\xf6\xe4\x0f\xf0\xb1\x16O\xfe\x13\x0f\xa3\xee\xe4\x7f\
\x1dp^\xd1\xd8S\xcf\x02\xd0\x88\xc9NW\xdf/\x8c\
\xd0\xf2e\x80\xa3\xaa\x03\x00\x7f\x98\x99\xad>-\xa15\
\x94\x99\xbb\x03\xcf\xaa\xceA\x1b\xef\xf1\xd5\xd9\xbbp\xec\
oO\xbe\x04h\x11X\x00\xda\xf2\x8d\xc2\xb1[\xbe\x11\
\xf0d\x86\xcb\x00\x956\x00\xdeR\x9cA\x0b\xef_\x18\
f\xc0*\x9d\x13\x11\xdf+\xce0\x93\xcac\xc37\x0b\
\xc7\x9ez\x16\x80\xb6T\xee\x02\xf6\x88\xc9b\x1f\xcd\x99\
|\x03\xf8\x8f\xea\x1c\xc0\x933s\xdf\xea\x10Z\x18\x99\
\xf9D\xe0\x91\xd59\x80\x0fV\x07X\x9d\xcc\xdc\x0cx\
Pa\x84\xaf\x17\x8e=\xf5,\x00m\xa9\x9c\x01\xd8\x84\
\xda\xa9\xbe\xd9|\x80\xba\xd5\x12W\xf4\xaf\xee\x110~\
\x99\xb9\x09\xf0O\xd59\x18\xee\xfb\xf9Pu\x88\x19<\
\x92\xda\xfb#Z\xdd\x1ay*X\x00\xda\xf2#j7\
\xc09\xa8p\xec\x19E\xc4y\xc0\x97\xabs\x00\xf7\x00\
\xfe\xaa:\x84\xd6\xda\x1b\x80\x1d\xabC\x00\xc7F\xc4\xcf\
\xabC\xcc\xe0\xe0\xc2\xb1/\x8c\x88\x8b\x0b\xc7\x9fz\x16\
\x80\x86L\xee\x02\xae\xbc\xe6U\xf9a\x9f\x8b\xf7V\x07\
\x98xUf6\xb9\x89\x92f\x97\x99\x0f\x01\xfe\xa4:\
\xc7\xc4\x07\xaa\x03\xcc\xe2\xc0\xc2\xb1+gD\xbb`\x01\
hO\xe5\x94\xd7\xbd&\xcfD\xb7\xeaX\xeao\x06\x84\
aM\xf4\x0f{)`|&\xd7\xb4?D\xfd\xa2?\
\x00?\xa1~\xc3\xab\xd5\xca\xcc\xdd\x80\xca\xe3\x81\xd3\xff\
\x8b\xcc\x02\xd0\x9e\xca-p\xa1\xb6\xf1\xcf(\x22n\x06\
\xde^\x9dcbw\xe0M\xd5!4o\xef\x00v\xaa\
\x0e1\xf1O\x8d?\xe2V}I\xb0\xfaX8\xf5\x5c\
\x09\xb01\x99\xb9\x11\xc3}\x00U\xdf.?\x13\x11\x8f\
/\x1a{V\x99\xb9\x05p!\xb0yu\x16 \x81'\
FD\xcbK\xb8j\x223\x9f\x09\xfcgu\x8e\x89\xcb\
\x80\xbbNv\x02mRf\x9e\x00T=\xf5\xf2k`\
+w\x01\x5c\x5c\xce\x004&\x22\xae\xa7\xb6\xf9\x1e\x98\
\x99\xb7/\x1c\x7fF\x11q\x15\xf0\xfe\xea\x1c\x13\x01\xfc\
gf\xeeZ\x1dD3\xcb\xcc=\x80\xf7T\xe7X\xc1\
;\x1b?\xf9o\x03<\xa20\xc2\x89\x9e\xfc\x17\x9f\x05\
\xa0M_*\x1c{}\xa0\xd9\x19\x80\x89\xb7\x017U\
\x87\x98\xd8\x0c8*37\xad\x0e\xa2U\xcb\xcc\xdb2\
,'\xbdIu\x96\x89k\x81wV\x87\x98\xc5\xa1\xd4\
\xde'Qy\x0c\xec\x86\x05\xa0M\xc7\x17\x8f\xff\xd4\xe2\
\xf1g\x14\x11\x17\xd2\xce,\x00\x0c\xf7\x03|,3\xab\
W\x94\xd3J2s=\xe0h\xda\xb9\xee\x0f\xf0\x8e\x88\
\xb8\xb4:\xc4,\xaa\x8f\x01\xd5\xc7\xc0.x\x0f@\x83\
&;\xe0\xfd\x02\xd8\xba(\xc2\xcd\xc0\xb6\x11qy\xd1\
\xf8\xb3\xca\xccm\x81\x9f2l\xd4\xd3\x8a\xf7F\xc4\x8b\
\xaaCh\x90\x99\xc1\xb0\xca\xde\x1fTgY\xc15\xc0\
\xddZ.\x00\x99yg\xe0\x02\xea\xbe ^\x18\x11-\
?\x8d45\x9c\x01h\xd0\xe4\xce\xe0\x13\x0b#\xac\x07\
<\xa9p\xfcYM\x16Oywu\x8e\x95\x1c\x9e\x99\
\xee\x1a\xd8\x8e\xd7\xd1\xd6\xc9\x1f\xe0\x9f[>\xf9O\x1c\
J\xed\xb9\xc1o\xffK\xc4\x02\xd0\xae\xea\x0f\xc1a\xc5\
\xe3\xcf\xc5\x9b\x18\xbeQ\xb5\xe4\x88\xccle\x91\x99n\
e\xe6\xabho\xc5\xc6+hc\xf9\xe1\xd9<\xadx\
|\xaf\xff/\x11\x0b@\xbb>\x03T\xde\x05\xbb_f\
\xde\xbdp\xfcYE\xc4\xaf\x18\x96tm\xcd;2\xf3\
y\xd5!z\x95\x99/\x01\xdeX\x9dc\x15^\x1b\x11\
\xbf\xae\x0e1\x93\xc9\x13-\x0f.\x8cp3\x0d/\x8e\
4m,\x00\x8d\x8a\x88_R\xbb\x14f\x00\xcf)\x1c\
\x7f\xae\xde\xca\xb0\xa2ZK\x02x\x7ff\xfeYu\x90\
\xdeL.\xc1\xfcKu\x8eU8\x9b\xf6.Y\xadJ\
\xf5=,_\x8a\x88+\x8b3t\xc3\x02\xd0\xb6O\x15\
\x8f\xff\xfc\xd6\xefl\x8f\x88\x9b\x80WU\xe7X\x85\x00\
\xfe\xd9{\x02\x96Nf\xfe\x03p\x04m\xde\xdc\xfcg\
\x93\x95,\x9b5\xd9\x0e\xfc\x99\xc51\xaa\x8fy]\xb1\
\x00\xb4\xed\x13\x0c\xab\xcdU\xd9\x16xt\xe1\xf8s\x12\
\x11\x9f\xa0\xf6\xa6\xc9\x99\x1c\x91\x99o\xcb\xcc\x16\xd6\x9e\
\x9fJ\x99\xb9^f~\x00xuu\x96\xd5\xf8LD\
|\xb1:\xc4\x1c<\x05\xd8\xaap\xfc\xe5\x0c\x97>\xb5\
D,\x00\x0d\x8b\x88\xf3\x81\xd3\x8bc\xbc\xb0x\xfc\xb9\
\xfa#\xe0\x86\xea\x10\xab\xf1\x12\xe0\x93\x93=\xe8\xb5\x80\
&KC\xff7\xd0\xea=\x17\xd7\x00/\xae\x0e1G\
\xd5\x9f\xf5\xafE\xc4/\x8a3t\xc5\x02\xd0\xbe\xea)\
\xb1\x83'\xcf\x057-\x22~\x08\xbc\xbe:\xc7\x0c\x1e\
\x0f|;3\xefY\x1ddZd\xe6=\x80S\x81G\
Ug\x99\xc1_G\xc4\x05\xd5!f\x93\x99;\x03\xbf\
W\x1c\xe3\x98\xe2\xf1\xbbc\x01h\xdf'\x8b\xc7_\x07\
\xf8\xd3\xe2\x0csu\x04pFu\x88\x19\xdc\x13\xf8z\
f>\xb6:\xc8\xd8e\xe6S\x81o\x03\xbbUg\x99\
\xc1i\xb4\xbf\xe4\xef\xad^J\xfd\xbd\x13\xc7\x16\x8f\xdf\
\x9d\xea_\xb8\xe6 3\xcf\x04\xeeU\x18\xe1\xd7\xc0]\
\x22\xe2\xea\xc2\x0cs\x92\x99\x0fb\xd8L\xa9\xe5\x9b\x17\
\x93\xe1N\xf5\xbf\x8c\x88\x1b\xab\xc3\x8cIfn\xcc\xf0\
,}\xf5\xdd\xea\xb3\xb9\x09x@D|\xbf:\xc8l\
2sK\x86\x1d67.\x8c\xf1\xf5\x88xX\xe1\xf8\
]r\x06`\x1c\x8e,\x1e\xff\xb6\xc0\xf3\x8b3\xccI\
D|\x93\xb6/\x05\xc0P\xbc\xff\x1c8-3+\x8b\
\xdd\xa8d\xe6\xfd\x80\xef\xd0\xfe\xc9\x1f\x86\xa9\xff\xe6O\
\xfe\x13\x7fB\xed\xc9\x1f\xea\x8fq]r\x06`\x042\
\xf3N\x0c\x0d\xbd\xf2N\xf2\x0b\x80\x9d\x22\xe2\x96\xc2\x0c\
s2yt\xf1$\xe0\xa1\xd5Y\xe6\xe0f\x86o\xb4\
\xafq6`\xd52sC\x86G=\xff\x92a\xb7\xca\
\xd6}\x15\xd8o\xb2\xa4w\xd3&\x8f\xfe\x9d\x0flS\
\x18\xe3&\xe0N-\xef=2\xad\x9c\x01\x18\x81\x88\xb8\
\x84\xfa\xa5\x81\xef\x0a\x1cR\x9caN&%\xe5Y\xc0\
o\xaa\xb3\xcc\xc1z\xc0_0\xdc \xb8wu\x98\xd6\
d\xe6\xa3\x18\xee\xebx\x0d\xe38\xf9_\x0e<s\x0c\
'\xff\x89?\xa0\xf6\xe4\x0fp\xac'\xff\x1a\x16\x80\xf1\
\xf8\x8f\xea\x00\xc0\xcb\xab\x03\xccUD\x9c\xcb0\xb59\
\x16\xbb\x03'e\xe6G3\xf3.\xd5a\xaae\xe6N\
\x99y,\xf0E`\xe7\xea<s\x94\xc0\x0b\x22\xe2\xe2\
\xea s1\xd9u\xf4\xcf\xabs\xe0\xf4\x7f\x19\x0b\xc0\
x\x1c\xc3p3^\xa5\x07d\xe6c\x8a3\xccYD\
\xfc'\xf0\xae\xea\x1c\xf3\x10\x0c\x1b\xb1\x9c\x93\x99o\xc9\
\xcc\xcaEYJd\xe6\xb6\x99\xf9v\xe0,\x86G'\
\xc7\xe4\xcd\x111\xa6G\xd9\x0ecx2\xa5\xd2\xafp\
\xed\x7fiv\x99\xf9\xde\xac\xf7\x9d\x1c\xf6Y\x1f\x85\xcc\
\x5c?3O-~\xcd\xd6\xd4o2\xf3u\xd9A\x11\
\xc8\xccmr(=\xd7\x96\xbe\xe2k\xee\xf8\x1c\xd1j\
\x8f\x99\xb9Nf\x9e]\xfc\x9aef\xbe\xb5\xfa\xb5\xe8\
\xd9h\x0e\xe4\x82\xcc|0\xb5\x1b\x04\xdd\xea)\x11Q\
\xbd>\xc1\x9ce\xe66\x0cw\x8f\xdf\xa9:\xcb\x1a\xba\
\x118\x0axcD\x9c]\x1df!e\xe6N\x0c+\
\xe5\xbd\x10\xd8\xa88\xce\x9a\xba\x90\xe1\x91\xbfK\xab\x83\
\xccUf>\x07\xf8`u\x0e`\x8f\x888\xb3:D\
\xaf,\x00#\x93\x99\xa7\x01\x0f*\x8eq\x16p\xef\x11\
\xdd\xe8Df\xee\xc5\xb0\xcf\xf8\x86\xd5Y\xd6\xc2r\x86\
\x9bA\xdf\x0f|z\xb2\x11\xd2\xe8\xe4p\xe7\xf9\x93\x81\
\x17\x00\xfb2\xee\xe3\xd05\xc0\xefE\xc4\xffT\x07\x99\
\xab\xcc\x5c\x0f8\x07\xb8[q\x94\x13#b\xbf\xe2\x0c\
]\xf3\x1e\x80\xf1iae\xb1{\x01O\xad\x0e1\x1f\
\x11q\x0a\xc3\xf6\xc6\x95\x9b+\xad\xad\xdb\x00\x07\x02G\
\x03\x17e\xe6\xdb3s\xef\x1c\xc1%\x99\xcc\xbcMf\
\xee\x93\x99\xff\x0a\x5c\x02\xfc\x17\xb0\x1f\xe3>\xf9/\x03\
\x9e>\xa6\x93\xff\xc4\xf3\xa8?\xf9\x03\xbc\xa3:@\xef\
\xc6\xfc\xe1\xeb\xd2\xe4\xdb\xd3\x85\xc0\x1d\x8a\xa3\xfc\x90a\
\xfa\xae\xe9-NW\x96\x99\xaf\x02\xdeX\x9dc\x81]\
\x04|\x1a\xf8<pBD\x5cW\x9c\x07\x80\xcc\xdc\x0c\
x$p\x10\xc3\x0d}\xdb\xd6&Zp\x7f\x1a\x11-\
\x14\xf29\xcb\xcc\x8d\x18>\xbb\xdb\x17G\xb9\x10\xb8[\
D,+\xce\xd15\x0b\xc0\x08e\xe6\xeb\x80\xbf\xae\xce\
\x01\xbc4\x22\xde^\x1db\xbe2\xf3=\xc0\xe1\xd59\
\x16\xc9\x0d\xc0\xd7\x81\x93\x19\x96D\xfezD,\xc9z\
\x08\x99y;\x86\xc5\x97\xf6\x02\x1e\x0e<\x98q<\xbb\
\xbf&\xde\x1a\x11\xaf\xa8\x0e1_\x99\xf97\xc0\xdfW\
\xe7\x00^\x15\x11GT\x87\xe8\x9d\x05`\x84rX\x19\
\xf0|\x86Ed*]\x09\xec\x12\x11\x97\x15\xe7\x98\x97\
\x1c\xee\xd6\xfe/Fv\x19c\x0d%\xc3{\xe5\xfb\xc0\
\x99\xc0\x8f&\xff\xf7y\xc0\xc5\xf3\xfd\x06\x96\xc3*\x8b\
w\x06v\x04v\x00vaX\xc3`\x0f\x86\xc5\xa2z\
\xf0A\xe0\xf9\x111\xaa\xcbI\x99\xb9\x1d\xc3\xb7\xff\xea\
m\xa9\xaf\x07\xb6w\xf1\x9fz\x16\x80\x91\xca\xcc\xa3i\
ce\xbewF\xc4Xv\x0b\xfc_\x93\x1b\xa1>\x01\
<\xae:K\xb1+\x81\xcb\x18VM\xfc5Ca\xb8\
a\xf2\xff\xb7!\xc3}\x07[L~\xb6\x9e\xfc\xd9\xb3\
\xa3\x80g\x8cq\xea:3?\xc4\xb0Bf\xb5\x0fD\
\xc4\x0b3\xe1XH\x00\x00\x14\xfcIDAT\xaaC\
\xc8\x020Z\x93\xbb\xdaO\xae\xce\x01\xdc\x02\xec\x19\x11\
gU\x07\x99\xaf\xcc\x5c\x9fa\x81\xa5\x83\xab\xb3h\x14\
\xbe\x08<~\x8c{6L\x1e!\xfe:\xf5\xc7\xfcd\
8^\xb4\xbcmw7|\x0a`\xa4&w\xb5\x9fT\
\x9d\x83a\xdb\xdd\xd1\xdd\x07\x000y\x8c\xeeP\xe0\xcb\
\xd5Y\xd4\xbc\xff\x06\x9e0\xd2\x93\x7f\x00o\xa3\xfe\xe4\
\x0f\xf0YO\xfe\xed\xb0\x00\x8c\xdb\xeb\xaa\x03L\xec\x97\
\x99O\xa9\x0e\xb1&\x22\xe2Z\xe01\xc0\xa7\xaa\xb3\xa8\
Y\xc72,~u\xc3\xac\xfff\x9b\x9e\xc3pCf\
\x0b\xdeP\x1d@\xbf\xd5B#\xd4Z\xc8\xccSic\
\xdb\xdb_\x00\xbbE\xc4\x95\xd5A\xd6\xc4\xe4\xe6\xb6\x7f\
\x03\x9e]\x9dEM\xf90\xf0\x9c1l\x83\xbd*9\
,#}6\xd0\xc2r\xd2_\x8e\x88\xfd\xabC\xe8\xb7\
\x9c\x01\x18\xbf7W\x07\x98\xd8\x06\x18\xedc=\x93\x03\
\xfcs\x19V\xd9\x93`\x986\x7f\xf6XO\xfe\x13\xef\
\xa4\x8d\x93?\xc0\xeb\xab\x03\xe8w9\x030r\x93\xeb\
{\xa73<\x86U-\x81GE\xc4\xa8\xaf\xa9g\xe6\
K\x81\x7f\xc2\x82\xdc\xabe\xc0\xcb\xc6\xb8\xc6\xc5\x8a2\
\xf3\xd1\x0c\xf7.\xb4\xe0\x1b\x11\xd1\xc2L\xa5V`\x01\
\x98\x02\x99\xf9t\x86\xe7\xda[\xf0c\xe0>\x11q}\
u\x90\xb5\x91\x99\x870\xecS>\xd6\x0dj\xb4f\xae\
\x05\x9e\x19\x11\xc7V\x07Y\x1b\x99\xb99\xc3\xba\x0f\xd5\
+\xfe\xdd\xea1\x11\xf1\xb9\xea\x10\xfa]~\xc3\x99\x0e\
G\x01?\xa8\x0e1\xb13\xf0\x9a\xea\x10k+\x22>\
\x0e\x1c\x00\xfc\xb2:\x8b\x96\xcc\xc5\xc0\xbec?\xf9O\
\xbc\x91vN\xfe\xdf\x04\x8e\xab\x0e\xa1\xff\xcb\x19\x80)\
\x91\x99O`x\xa6\xbd\x05\xcb\x81GF\xc4W\xaa\x83\
\xac\xad\xc9\xeaiG\xd3\xc6\x8d\x96Z<_\x03\x9e\x1a\
\x11\xbf\xa8\x0e\xb2\xb62\xf3\x00\x86}!Z9\xbe?\
2\x22N\xa8\x0e\xa1\xff\xcb\x19\x80)1\xf9\xd6rJ\
u\x8e\x89\xdb\x00GN\xd6\x86\x1f\xb5\x88\xb8\x18x\x04\
#\xbe\xc1Q\xb3z/\xc3Ij\x1aN\xfe[\x03\xff\
N;'\xff\xcfy\xf2o\x97\x05`\xba\xbc\x82v\xb6\
\xbb\xdd\x9e\xe1\xc0:z\x11qKD\xbc\x8a\xe1y\xea\
k\x8a\xe3h\xe1\xfc\x1axZD\xbchl\xbbZ\xae\
\xca\xe4\x86\xe0\xf7\xd3\xce\xae\x8b\xcb\x81WW\x87\xd0\xea\
Y\x00\xa6HD|\x03\xf8Lu\x8e\x15\x1c\x92\x99-\
\xac=\xbe \x22\xe2?\x18\x9e\xb6he\xa6Ek\xee\
\x1b\xc0\xfd#\xe2\xa8\xea \x0b\xe8\x8f\x19\xb6]n\xc5\
\x87#\xe2\xbb\xd5!\xb4z\xadL\x13i\x81d\xe6=\
\x19v~[\xb7:\xcb\xc45\xc0}#\xe2'\xd5A\
\x16\xcad\xd1\xa0WO~\xd6)\x8e\xa3\xf9\xb9\x85\xe1\
y\xf4\x7f\x18\xe3\x86>\xab\x93\x99\xbb\x01\xdf\xa6\x9d\xa7\
Vn\x02v\x8d\x88s\xab\x83h\xf5\x9c\x01\x982\x11\
q\x0e\xf0\xa1\xea\x1c+\xd8\x14\xf8pfnP\x1dd\
\xa1L.\x09\xbc\x96\xe1\xde\x80V\x9e\xbe\xd0\xec\xbe\x07\
<$\x22^;e'\xffM\x19\x9e\x04j\xe5\xe4\x0f\
\xf0.O\xfe\xeds\x06`\x0ae\xe6\x1d\x19\xf6\xfdn\
i\xeb\xd6\xf7E\xc4\xe1\xd5!\x16\xdad[\xe1\x97\x01\
\x7f\x07LM\xc9\x99270\xdc\xc4\xf9\x86\xc9\x06P\
S%3?\x06<\xb5:\xc7\x0a.\x07\xee\x11\x11\x97\
W\x07\xd1\xcc\x9c\x01\x98B\x11\xf1K\x86\x13RK^\
\x98\x99S\xb7\x07xD\xdc\x1c\x11G\x00\xf7\xc7{\x03\
Z\xf4e\xe0\xde\x93o\xfd\xd3x\xf2\x7f9m\x9d\xfc\
\x01^\xe9\xc9\x7f\x1c\x9c\x01\x98R\x93\xeb\xd4\xdf\x01\xee\
]\x9de\x057\x02\x0f\x8f\x88oU\x07Y,\x99\xf9\
8\x86\xed\x91w(\x8e\xd2\xbb\x8b\x80WG\xc4\x91\xd5\
A\x16Kf\xee\x05\x9c\x08\xacW\x9de\x05\xdf\x06\x1e\
\x1c\x11\xcb\xab\x83hv\x16\x80)\x96\x99{\x03'\xd1\
\xd6\xef\xf9\x22\x86\xbb\xaf/\xad\x0e\xb2X2s#\xe0\
%\x0c7\x09nZ\x1c\xa77\xd7\x02\xff\x08\xbci\xc4\
\xdb\xf7\xce*3\xb7e(\xf8\xad<\xf2\x07\xc3c\x7f\
\x0f\x8d\x88oV\x07\xd1\xdcx\x09`\x8aE\xc4\xc9\xc0\
G\xaas\xacd{\xe0\xe8\xcc\x5c\xbf:\xc8b\x89\x88\
\xeb'\x97\x05\xee\xcep\xedyjOD\x0d\xb9\x89a\
\xdd\x89\x9d'\xd3\xfdS\xfb\x9ag\xe6\xc6\xc0\xb1\xb4u\
\xf2\x07x\xaf'\xffqi\xe9\x9b\xa1\x16Afn\x03\
\x9cC[7\x04\x02|\x14xFD\xb4\xb2p\xd1\xa2\
\xc9\xcc\xed\x19\x16iz\x11\xde(\xb8\xd0n\x06>\x08\
\xfc\xfdd\xd5\xc6\xa9\x96\x99\xb7aX\x9a\xfa\xc9\xd5Y\
Vr\x05\xc3\x8d\x7f\x97U\x07\xd1\xdc9\x030\xe5&\
\xcb\x9b\xfemu\x8eU8\x8c\xf6nT\x5c\x14\x11q\
QD\xbc\x14\xb8\x17\xf0.\xe0\xba\xe2H\xd3\xe0j\xe0\
_\x80\x9d&+\xf9M\xfd\xc9\x7f\xe2\xad\xb4w\xf2\x07\
x\x85'\xff\xf1q\x06\xa0\x03\x93o\x0d'2<\xb7\
\xde\x9a\xe7F\xc4\xbfW\x87XJ\x99\xb9\x05\xc3\xb2\xc2\
\xff\x0f\xd8\xae6\xcd\xe8\xfc\x12x7\xf0\xf6\x88\xb8\xa2\
:\xccR\xca\xcc\x171\xfc\xb7\xb7\xe6K\xc0\x01=\xcc\
\xe6M\x1b\x0b@'2\xf3n\xc0\x19\xc0&\xd5YV\
r3\xc3^\xe1\xc7W\x07Yj\x99\xb9!p(\xf0\
B\xe0\xe1\xc5qZ\x96\x0c\x05\xf6\xfd\xc0'\xa6\xf1q\
\xbe\xd9d\xe6c\x18\xae\xfb\xb7\xb6\xf2\xe4o\x80\xdd#\
\xe2\xa2\xea \x9a?\x0b@G2\xf3e\x0cS\x88\xad\
\xb9\x8aa7\xb6\xefT\x07\xa9\x92\x99\xf7\x00^\x00\xfc\
>p\x87\xe28\xad\xf89\xc3\xcev\x1f\x88\x88\x9f\x16\
g)3y\x9a\xe7\x0b\xc0\xc6\xd5YV\xe1\x85\x11\xf1\
\xfe\xea\x10Z3\x16\x80\x8eL.\x05|\x15\xd8\xbb:\
\xcb*\x5c\x06\xec\x1b\x11gV\x07\xa9\x94\x99\xeb\x00\x0f\
e\x98\x198\x8c\xfe\xca\xc0\x15\xc0\x7f3\xdc\xe8v\x5c\
D\xdcR\x9c\xa7Tf\xee\x09\x9c\x00\xb4\xb8\xb5\xf6\x97\
\x81G9\xf5?^\x16\x80\xceL\xbei~\x97\xb6\xd6\
\x0d\xbf\xd5\xaf\x80\xdf\x9b\xecg\xd0\xbd\xc9\xa3\x92\x8f\x02\
\x9e\x00\x1c\xc4\xf0\x08\xe54:\x0f\xf8<p\x0cpB\
\xef'\xfd[e\xe6\xee\xc0W\x80-\x8b\xa3\xac\xcao\
\x80=\x22\xe2\xc2\xea Zs\x16\x80\x0ee\xe6+\x80\
\xb7T\xe7X\x8d\x0b\x81GD\xc4\x05\xd5AZ39\
!\x1c\x0c\x1c\x08<\x84\xf6\xee\xe7\x98\xabk\x18\x96M\
\xfe\x02\xc3\xb7|\x0b\xdfJ2sg\x86E\xbc\xb6\xa9\
\xce\xb2\x1a\x87G\xc4\xfb\xaaCh\xedX\x00:4\xb9\
\x14\xf0y\x86o\x97-\xfa\x09C\x09\xf8yu\x90V\
M\x96z\xbe\x1f\xf00\x86K:\x0f\xa1\xdd'\x0a.\
\x04\xbe\xc1p\xd2?\x198\xc3o\xf9\xab\x97\x99we\
8\xf9\xdf\xa5:\xcbj|2\x22\x9eR\x1dBk\xcf\
\x02\xd0\xa9\xcc\xbc\x03p:\xed~\xc38\x0f\xd8\xdf-\
E\xe7.3o\xcf\xb0\xf7\xc3\x1e\x93\x9f]\x81\x1d\x81\
;\xb1\xf8\x9f\xf5\xe5\xc0\xc5\x0c\xbf\xb7\xb3\x81\xefO~\
\xce\x88\x88_/\xf2\xd8S#3wdx\xac\xeen\
\xd5YV\xe3g\xc0\x9en\xf63\x1d,\x00\x1d\xcb\xcc\
\x03\x81\xe3h\xf7}p!C\x09\xf8qu\x901\xcb\
\xcc\x0d\x186'\xda\x91a\xf9\xd8-\x81\xad\x81\xad&\
\xff\xbc\x09\xb0>\xbf\xbd\xa4p\xeb\xfe\x05\xd7\xac\xf0\xe7\
\xcd\x93?/\x07.e\xb8i\xf3r\xe0\x12\x86\x93\xfe\
\x05=>\x9e\xb7\x902sW\xe0x\xda\x9d\xc9Y\xce\
\xf0y<\xb1:\x88\xa4\x05\x90\x99\xff\x98m\xfbEf\
\xb6\xb4\xa3\xa1\xb4\xe02\xf3~\x99yi\xf1gm6\
-\xae(\xaa\xb5\xd0\xea7?-\x91\xcc\x5c\x8f\xe1z\
\xe3C\xaa\xb3\xcc\xe0J\xe0\xe0\x888\xad:\x88\xb4\xd0\
rx\xce\xff\xb3\xb4\xb7_\xc7\x8a\xbe\xc6\xf0\x98\xee\xb2\
\xea Z8\x16\x00\x91\x99;1l-\xbayu\x96\
\x19\x5c\x05<\xc9\xe9GM\x93\x1cV\xf8\xfb\x18m?\
\xd1q9\xc3u\xff\x9fU\x07\xd1\xc2r3 \x11\x11\
?\x01\x9e\xc5p\x8d\xafU[\x00_\xcc\xcc\xc3\xab\x83\
H\x0b!3_\xc0\xb0\xf6A\xcb'\xffe\xc0\xb3<\
\xf9KS.3_Swyq^\xde\x96\x99\xce^\
i\x94232\xf3\xb5\xc5\x9f\xa1\xb9zY\xf5\xeb%\
i\x09\xe4p`\xfax\xf5\x11g\x8e>\x96\xc3f:\
\xd2hd\xe6\x06\x99\xf9\x91\xe2\xcf\xce\x5c}\xb8\xfa\xf5\
\xd2\xe2\xf2[\x94~Gfn\x0e\x9c\x06\xdc\xb3:\xcb\
\x1c\x9c\x08\x1c\xea3\xc9\x1a\x83\xcc\xdc\x06\xf8\x14m\xdf\
p{\xab\xef\x01{E\xc4u\xd5A\xb4x,\x00\xfa\
?2s\x17\xe0\x9b\xb4}W\xf2\xad.\x02\x0e\x89\x88\
oV\x07\x91V'3\xf7\x02\x8ebX\x94\xa9uW\
\x00\x0ft\x11\xae\xe9\xe7M\x80\xfa?\x22\xe2G\xc0\xb3\
\x19n\x00j\xdd\xf6\xc0W3\xf3\xb9\xd5A\xa4U\xc9\
\xcc?e\x98\xad\x1a\xc3\xc9\xfff\xe0\xa9\x9e\xfc\xa5\xce\
e\xe6\x8b\x0a\xaf?\xae\x89#3\xb3\xc5]\x0e\xd5\xa1\
\xcc\xdc03?P\xfc\x99\x98\xaf?\xac~\xdd$5\
\x223\xdfR}D\x9a\xa7o\xe4\xb0\x99\x8aT&3\
w\xce\xcc\xef\x15\x7f\x16\xe6\xeb\xb5\xd5\xaf\x9b\xa4\x86\xe4\
\xf0d\xc0\x87\xaa\x8fL\xf3tUf>\xbb\xfa\xb5S\
\x9f2\xf3\xf73\xf3\xea\xe2\xcf\xc0|}8}\xb4\xb6\
;\xfe\xc25\xab\xcc\x5c\x9fa\xd3\xa0\xfd\xaa\xb3\xcc\xd3\
\xd1\xc0\x8b\x22\xe2\xca\xea \x9a~\x99\xb9\x05\xf0\xaf\xc0\
\xd3\xab\xb3\xcc\xd3W\x80\x03\xdd\xcc\xa9?\x16\x00\xcdI\
\x0e[\xcd\x9e\xc28\x1e\x0f\x5c\xd1\x05\xc0\xb3#\xe2k\
\xd5A4\xbd2s_\xe0H\xe0\xce\xd5Y\xe6\xe9,\
`o\xb7l\xee\x93O\x01hN\x22\xe2\x0a\xe0`\x86\
\xc7\xee\xc6\xe4\xae\xc0\x09\x99\xf9\xbat\xe1 -\xb0\xcc\
\xdc83\xdf\x0a|\x89\xf1\x9d\xfc\xcfe\xf8\xe6\xef\xc9\
\xbfS\xce\x00h^r\xd88\xe8$\x86}\xe5\xc7\xe6\
\xa7\xc0\xe1\x11qBu\x10\x8d_f>\x02x\x1f\xb0\
Ku\x965\xf03\xe0\x11\x11q^u\x10\xd5q\x06\
@\xf32\xd98h_\xe0\x97\xd5Y\xd6\xc0\xdd\x81/\
\xe5\xf0\xb8\xe0\xed\xab\xc3h\x9c2\xf3\xb6\x99\xf9\x1e\x86\
k\xe7c<\xf9\xff\x0a8\xc0\x93\xbf\x9c\x01\xd0\x1a\xc9\
\xcc\xfb\x02'\x00\xb7\xad\xce\xb2\x86.\x06\xfe$\x22\x8e\
\xad\x0e\xa2\xf1\xc8\xcc\xc3\x80\xb7\x01w\xa8\xce\xb2\x86.\
\x03\xf6\x89\x88\xb3\xaa\x83\xa8\x9e3\x00Z#\x11\xf1]\
\xe0 \xe0\xea\xea,kh;\xe0\x98\xcc<>3w\
\xaf\x0e\xa3\xb6e\xe6\xae\x99y\x1c\xf0\x11\xc6{\xf2\xbf\
\x0a8\xc8\x93\xbfne\x01\xd0\x1a\x8b\x88\xd3\x80\xc7\x01\
\xd7VgY\x0b\xfb\x03\xff\x93\x99\xff\x9c\x99\xb7\xab\x0e\
\xa3\xb6d\xe6\xd6\x99\xf9n\xe0\xfb\x0c\x85w\xac\xaeb\
\xb8\xe1\xef;\xd5A\xd4\x0e/\x01h\xade\xe6\x03\x81\
\xcf\x03c\xbf\xae~\x05\xf0\xf7\xc0;#\xe2\x96\xea0\
\xaa\x93\x99\xeb\x01\xcf\x05^\x0flU\x1cgm]\x09\
\x1c<)\xec\xd2\xff\xb2\x00hAd\xe6\xfd\x19J\xc0\
\xd8\x0f\x960<\x1b\xfd\x1a\xe0\x93\x11\x91\xd5a\xb4t\
2\xf36\xc0a\xc0k\x81\x9dk\xd3,\x88\x9f\x03\x8f\
r\xda_\xabb\x01\xd0\x82\xc9\xcc{2<\x0f\xbd]\
u\x96\x05r&\xc3\x8c\xc0\xc7-\x02\xd3m\xb2\x0c\xee\
c\x19~\xdf{\x16\xc7Y(\x17\x02\xfbG\xc4\x8f\xab\
\x83\xa8M\x16\x00-\xa8\xcc\xdc\x81\xa1\x04\xdc\xbd8\xca\
B:\x0dx}D|\xa6:\x88\x16^f\xee\x0f\xbc\
\x09\xb8\x7fu\x96\x05t\x1e\xf0H\x1f\xf5\xd3L,\x00\
Zp\x99y\x17\xe0x\xc6\xf9\x8c\xf4LN\x05\xfe\x11\
86\x22\x96W\x87\xd1\x9a\xcb\xccu\x81\xa7\x00\xff\x8f\
\xe9:\xf1\xc3p\xc3\xe2\x01\x11\xf1\x8b\xea j\x9b\x05\
@\x8bb\xb2\xd0\xce1\xc0\xc3\xab\xb3,\x82s\x81\xb7\
\x03\xef\x8b\x88\xeb\xaa\xc3h\xee2sS\xe0\x19\xc0\xcb\
\x99\xbe\x82\x0a\xc3\xda\x1cOqy_\xcd\x85\x05@\x8b\
f\xb2\xf6\xfe\x91\xc0\xa1\xd5Y\x16\xc9\xa5\xc0\xbb\x80w\
E\xc4\xaf\xaa\xc3h\xf52s[\xe0\xc5\xc0\x1f\x02\xd3\
\xfa\xb8\xe7\x91\xc0\x0b\xdd\xd5Ose\x01\xd0\xa2\x9a\xdc\
\x5c\xf5\x9a\xc9\xcf\xb4\xba\x09\xf8\x22\xc3\x01\xf8\x93\x11\xb1\
\xac8\x8f\xf8\xdf;\xfa\xf7\x03\x0e\x07\x9e\x08\xacW\x9b\
hQ\x1d\x01\xfc\xa57\xabj>,\x00Z\x12\x99\xf9\
\x02\x86\xbd\xd2\xd7\xad\xce\xb2\xc8~\x06|\x18\xf8\xd7\x88\
\xb8\xa0:L\x8f2\xf3N\xc0\xb3\x19\xbe\xed\xefP\x9b\
f\xd1\xdd\xc2\xb0\xa4\xf5{\xab\x83h|,\x00Z2\
\x99\xf9X\x86\xa5T7\xad\xce\xb2\x04n\x01\x8e\x03>\
\x06|:\x22\xc6\xbad\xf2(d\xe6m\x81'0<\
\xc3\x7f\x00}\xacr\xfak\xe0\x90\x88\xf8ru\x10\x8d\
\x93\x05@K*3\xef\x01|\x0a\xd8\xb5:\xcb\x12\xba\
\x81\xe1\xd1\xc8\xa3\x81OY\x06\x16Ffn\xc4\xb0\x94\
\xf3\xa1\x0cw\xf4o\x5c\x9bhI\x9d\x03<)\x22\xce\
\xa9\x0e\xa2\xf1\xb2\x00h\xc9e\xe6\x16\xc0\x7f2,\xbc\
\xd2\x9bk\x81\xff\x06>\x03|\xd1\x9b\x07\xe7'3\xb7\
aX\x93\xffq\xc0\xc1\xc0F\xb5\x89J\x1c\x0d</\
\x22\xae\xa9\x0e\xa2q\xb3\x00\xa8\xc4\xe4\xe6\xc0W\x02o\
\xa0\x8f\xe9\xda\xd5\xf9\x01C\x19\xf8\x12\xf0\xd5\x88\xb8\xb9\
8OS2s\x1d\x86\x95\xf9\xf6g8\xe9?\x8c~\
\x8f[\xcb\x80\xbf\x06\xde\xec\xcd~Z\x08\xbd~\x90\xd4\
\x88\xcc|\x1c\xf0!`\x8b\xea,\x0d\xb8\x02\xf8\x0ap\
2\xc3\xa2C\xff\xd3[!\xc8\xcc\xf5\x19\x16\xe6\xd9\x0b\
\xd8\x1b\xd8\x07\xdf\x1b\x00\x97\x03O\x8f\x88\xe3\xab\x83h\
zX\x00T.3w\x01\x8e\x02\xeeS\x9d\xa51\xd7\
\x01\xdf\xe4\xb7\x85\xe0\xbb\xd3\xb6\xba\xdb\xe4\x8e\xfd\xfb\xf2\
\xdb\x13\xfe\x03\xe8sZ\x7f&\xdf\x04\x9e\x16\x11\xe7W\
\x07\xd1t\xb1\x00\xa8\x09\x99\xb9\x01\xc3\xb3\xcc/\xc1\xf7\
\xe5L.\x05NgX\xee\xf5\xfb\xc0\x19\xc0Y\x11q\
Ci\xaaYd\xe6\xc6\xc0\xbd\x80{\x03{L~\xee\
\x03lY\x99\xabq\xcb\x817\x03\x7f\xdb\xdbL\x90\x96\
\x86\x07Z5%3\x1f\x0d|\x10\xb8Cu\x96\x11I\
\x86m_\xcf\x03\xce\x9f\xfcy\xeb?_\x0c\x5c\x16\x11\
\x97/\xda\xe0\xc3\xfd\x1c[N~\xee\x0c\xec8\xf9\xd9\
a\x85\x7f\xdef\xb1\xc6\x9fR\x17\x03\xbf\x1f\x11'T\
\x07\xd1\xf4\xb2\x00\xa89\x93;\xbd\xff\x83\xe1yn-\
\x8c\xe5\x0c\xd7\x91W\xfc\xb9\x16\xb8\xf5\x91\xc4k\x19V\
4L\x86\xe7\xcb\x01n\xcbp\x8cX\x1f\xd8d\xf2\xff\
\xb69\xc3\xe3v[\xf1\xdb\x93\xfe\x96x,YH\x9f\
\x06\x9e\x1f\x11\x97U\x07\xd1t\xf3C\xab&M\xbeU\
\xbe\x1cx=\xc3\x09H\x9av\xd7\x03\xaf`XE\xd2\
\xbb\xfc\xb5\xe8,\x00jZf\xde\x0b\xf87\xe0A\xd5\
Y\xa4Et*\xc3\xb7~\x17\xf6\xd1\x92\xe9\xf9\xf9k\
\x8d@D\x9c\x05<\x14x\x11\xc34\xb54M\xae\x03\
^\x05<\xdc\x93\xbf\x96\x9a3\x00\x1a\x8d\xcc\xbc\x1b\xf0\
~`\xdf\xea,\xd2\x028\x09xAD\xfc\xb8:\x88\
\xfa\xe4\x0c\x80F#\x22\xce\x05\x1e\xc90\x1b\xe0z\xfa\
\x1a\xab\xab\x18\xde\xc3\xfbx\xf2W%g\x004J\x99\
\xb9\x1d\xf0F\x86m_\xa51H\xe0\xe3\xc0\xcb#\xe2\
\xa2\xea0\x92\x05@\xa3\x96\x99\xfb\x00\xef\x00v/\x8e\
\x22\xcd\xe4{\xc0\x8b#\xe2\xe4\xea \xd2\xad\xbc\x04\xa0\
Q\x8b\x88\xaf0,%\xfbg\x0cS\xabRK\xaed\
xo>\xc0\x93\xbfZ\xe3\x0c\x80\xa6\xc6d\x01\xa1#\
\x80ga\xb9U\xade\xc0\x07\x80\xbfZ\xccU\x18\xa5\
\xb5a\x01\xd0\xd4\x99\xac\x1d\xf0\x1a\xe0\xd0\xea,\xea\xd2\
\x97\x80WD\xc4\xe9\xd5A\xa4\x99X\x004\xb52\xf3\
a\xc0\x9b\x80\x87WgQ\x17\xbe\x0e\xbc*\x22N\xaa\
\x0e\x22\xcd\x85\x05@S/3\xf7\x07\xde\xca\xb0\x13\x9d\
\xb4\xd0~\x00\xbc6\x22\x8e\xae\x0e\x22\xcd\x87\x05@]\
\xc8\xccu\x18\x1e\x19\xfcK`\x97\xe28\x9a\x0e?\x00\
\xde\x00|$\x22\x96W\x87\x91\xe6\xcb\x02\xa0\xaed\xe6\
m\x80\xc7\x00\x7f\x03<\xb08\x8e\xc6\xe9{\xc0?\x03\
\x1f\x8e\x88e\xd5a\xa45e\x01P\xb72so\xe0\
/\x80\xc7Vg\xd1(\x9c\x02\x1c\x11\x11\x9f\xa9\x0e\x22\
-\x04\x0b\x80\xba7)\x02\xafd\x98\x19\xf0\xf1A\xad\
h\x19p\x0c\xc3\x89\xff[\xd5a\xa4\x85d\x01\x90&\
&\x9b\x0d\x1d\x0e<\x1f\xd8\xaa8\x8ej\xfd\x0a\xf8 \
\xf0\xee\x888\xbf8\x8b\xb4(,\x00\xd2J2s\x03\
\xe0\xf1\xc0\x9f3lE\xac~|\x07x/\xf0\xa1\x88\
\xb8\xbe:\x8c\xb4\x98,\x00\xd2\x0c2\xf3\xa1\xc0\x1f\x03\
O\x066.\x8e\xa3\xc5q5\xc3&=\xef\x8a\x88o\
W\x87\x91\x96\x8a\x05@\x9a\x83\xcc\xdc\x88\xe1f\xc1\xdf\
\x07\x0e\x02\xd6\xadM\xa4\xb5\xb4\x9ca\xe1\x9e#\x81\xff\
\x8a\x88k\x8a\xf3HK\xce\x02 \xcd\xd3d+\xe2C\
\x80\xe7\x00{\xd6\xa6\xd1<\xfd\x008\x1a\xf8`D\x5c\
P\x1dF\xaad\x01\x90\xd6Bf\xde\x9f\xa1\x0c<\x11\
\xb8gq\x1c\xad\xda\x99\x0cw\xf2\x7f\xdc\xf5\xf9\xa5\xdf\
\xb2\x00H\x0bd\xf2\x14\xc1\xe3\x186!z\x18~\xbe\
\xaa,\x07\xbe\x0b|\x16\xf8hD\x9cS\x9cGj\x92\
\x07(i\x11L.\x13<\x018\x18\xf8=`\xb3\xda\
DS\xef*\xe0\xab\xc0\x7f\x03\x9f\x8e\x88_\x14\xe7\x91\
\x9ag\x01\x90\x16\xd9d\x1f\x82=\x81\xfd'?\x0f\x07\
6(\x0d5~\xb7\x00\xa73l\xbd\xfb%\xe0\xa4\x88\
\xb8\xa96\x924.\x16\x00i\x89e\xe6&\xc0\xde\xc0\
\xbe\x0c\xeb\x0c\xdc\x1f\xd8\xa44T\xfb\xae\x06\xbe\xcdp\
\xe7\xfe\x89\xc0)>\xa7/\xad\x1d\x0b\x80Tl2C\
pO\x86\x22p\xeb\xcf\x03\x81\xf5+s\x15Z\x06\xfc\
\x90aQ\x9e\xef\x00'\x03\xdfs\xe3\x1diaY\x00\
\xa4\x06e\xe6\xa6\xc0}\x80\xddV\xfa\xb9se\xaeE\
p\x01p\x0ep\x16p\xf6\xe4\xcf3\x22\xe2\xda\xd2T\
R\x07,\x00\xd2\x88d\xe6\x16\x0c\xb3\x05\xbb\x03;\x00\
w\x05\xee\x02l\xcfP\x0eZ\x9b5\xb8\x11\xb8h\x85\
\x9f\x0b\x80s\x19N\xf4\xe7D\xc4\xd5\x85\xd9\xa4\xaeY\
\x00\xa4)\x91\x99\x01l\xc3P\x08\x1e\x03\xfcMQ\x94\
W\x03\xc7\x03\x17E\xc4\xcf\x8b2H\x9a\x85\xcb\x99J\
S\x22\x22\x12\xf89\xf0\xf3\xcc\xdc\xb20\xca)\x11\xf1\
\xcd\xc2\xf1%\xcd\x81{\x9fK\x92\xd4!\x0b\x80$I\
\x1d\xb2\x00H\x92\xd4!\x0b\x80$I\x1d\xb2\x00H\x92\
\xd4!\x0b\x80$I\x1d\xb2\x00H\x92\xd4!\x0b\x80$\
I\x1d\xb2\x00H\x92\xd4!\x0b\x80$I\x1d\xb2\x00H\
\x92\xd4!\x0b\x80$I\x1d\xb2\x00H\x92\xd4!\x0b\x80\
$I\x1d\xb2\x00H\x92\xd4!\x0b\x80$I\x1d\xb2\x00\
H\x92\xd4!\x0b\x80$I\x1d\xb2\x00H\x92\xd4!\x0b\
\x80$I\x1d\xb2\x00H\x92\xd4!\x0b\x80$I\x1d\xb2\
\x00H\x92\xd4!\x0b\x80$I\x1d\xb2\x00H\x92\xd4!\
\x0b\x80$I\x1d\xb2\x00H\x92\xd4!\x0b\x80$I\x1d\
\xb2\x00H\x92\xd4!\x0b\x80$I\x1d\xb2\x00H\x92\xd4\
!\x0b\x80$I\x1d\xb2\x00H\x92\xd4!\x0b\x80$I\
\x1d\xb2\x00H\x92\xd4!\x0b\x80$I\x1d\xb2\x00H\x92\
\xd4!\x0b\x80$I\x1d\xb2\x00H\x92\xd4\xa1u\xab\x03\
HK!3\xb7\x07\x1e\x00\xec\x08\xdc\x9e\xe9\x7f\xef\xdf\
\xadp\xec\xc33\xf3\xa0\xc2\xf1\x97\xc2\xcd\xc0\x95\xc0O\
\x81oE\xc4%\xc5y\xa4y\x8b\xea\x00\xd2b\xc9\xcc\
\xad\x80?\x02\x9e\x09\xdc\xa38\x8e\xa6\xdb\x99\xc0\x87\x81\
\xf7D\xc4\x95\xd5a\xa4\xb9\xb0\x00h\xead\xe6\xc6\xc0\
\x8b\x81W\x01\xb7-\x8e\xa3\xbe\x5c\x09\x1c\x01\xbc-\x22\
n\xa8\x0e#\xcd\xc4\x02\xa0\xa9\x92\x99\xbb\x01\xc7\x02;\
UgQ\xd7~\x00<!\x22~R\x1dDZ\x1do\
\x02\xd4\xd4\xc8\xccG\x03_\xc7\x93\xbf\xea\xed\x06\x9c\x96\
\x99\xfbU\x07\x91V\xc7\x19\x00M\x85\xcc\xdc\x1b\xf82\
\xb0~u\x16i\x057\x00\xfbD\xc4i\xd5A\xa4\x95\
Y\x004z\x99\xb9\x03\xf0M`\xeb\xe2(\xd2\xaa\xfc\
\x02x`D\xfc\xac:\x88\xb4\x22/\x01h\xd423\
\x80\x8f\xe0\xc9_\xed\xda\x06\xf8`u\x08ie\x16\x00\
\x8d\xdd\xa1\xc0C\xaaCH\xb3\xd8\xbf\x83\xb5\x1142\
^\x02\xd0he\xe6\xba\x0cw[\xef\x5c\x9dE\x9a\x83\
3\x80=#\x22\xab\x83H\xe0\x0c\x80\xc6\xed@<\xf9\
k<\xee\x0d<\xbc:\x84t+\x0b\x80\xc6\xec\x90\xea\
\x00\xd2<\xf9\x9eU3,\x00\x1a\xb3}\xaa\x03H\xf3\
\xb4ou\x00\xe9V\xde\x03\xa0Q\xca\xcc\xcd\x80\xab\xf0\
=\xacq\xb9\x19\xd8$\x22n\xae\x0e\x229\x03\xa0\xb1\
\xda\x1eO\xfe\x1a\x9f\xf5\x80m\xabCH`\x01\xd0x\
mR\x1d@ZC\x9bU\x07\x90\xc0\x02\xa0\xf1r\x0a\
Ucucu\x00\x09,\x00\x1a\xaf\xcb\xaa\x03Hk\
\xe8\xf2\xea\x00\x12x\x0dU#5Y\x02\xf8j\xbc\x14\
\xa0q\xf9UD\xdc\xb1:\x84\x04\xce\x00h\xa4&\xab\
\xa9\xb9\xc3\x9a\xc6\xe6\xd4\xea\x00\xd2\xad,\x00\x1a\xb3\xcf\
U\x07\x90\xe6\xe9\xb8\xea\x00\xd2\xad\xbc\x04\xa0\xd1\xca\xcc\
;\x01\xe73<Z%\xb5\xeez`\xbb\x88\xb8\xb2:\
\x88\x04\xce\x00h\xc4\x22\xe2\x12\xe0=\xd59\xa49\xfa\
\x17O\xfej\x893\x00\x1a\xb5\xcc\xdc\x1a\xf8\x09\xb0y\
u\x16i\x06W\x02w\xb7\x00\xa8%\xce\x00h\xd4\x22\
\xe2R\xe0/\xabsH\xb3x\xa9'\x7f\xb5\xc6\x02\xa0\
\xd1\x8b\x88w\x01\xef\xae\xce!\xad\xc6[#\xe2C\xd5\
!\xa4\x95y\x09@S!3\xd7\x03\x8e\x01\x1e]\x9d\
EZ\xc1'\x80\xa7E\xc4\xb2\xea \xd2\xca\x9c\x01\xd0\
T\x98\xec\xae\xf6x\xe0\x88\xea,\x12\x90\x0c\xef\xc5\xa7\
z\xf2W\xab\x9c\x01\xd0\xd4\xc9\xcc\xa7\x03o\x06\xee\x5c\
\x9dE]:\x1fxYD|\xaa:\x884\x13\x0b\x80\
\xa6Rfn\x04\xbc\x14x9\xb0Uq\x1c\xf5\xe1\x97\
\x0c\xc5\xf3\x9d\x11\xe1\x86?j\x9e\x05@S-3\xd7\
\x07\x1e\x05\x1c\x00\xdc\x1f\xd8\x09\xb8-\xb0Ae.\x8d\
\xde\x0d\xc0\xaf\x81\x1f\x03\xdf\x06\xbe\x00|9\x22n)\
M%\xcd\xc3\xff\x07\xd1\xfc~\x22v\xdcN;\x00\x00\
\x00\x00IEND\xaeB`\x82\
\x00\x00\x18\xa8\
\x89\
PNG\x0d\x0a\x1a\x0a\x00\x00\x00\x0dIHDR\x00\
\x00\x00x\x00\x00\x00x\x08\x06\x00\x00\x009d6\xd2\
\x00\x00\x02\xdezTXtRaw prof\
ile type exif\x00\x00x\
\xda\xed\x97[\x92\x1b!\x0cE\xffYE\x96\xd0\x92\x10\
\x12\xcb\xa1yTe\x07Y~.\x98\xe9\xb1=\x93\xa9\
\xca\xe3#\x1fn\xca\x0d\xad\x16\x17\xd0\x11\xd8\x0e\xfd\xc7\
\xf7\x11\xbe\xe1\xa2,G\x88j\x9erJ\x07\xae\x98c\
\xe6\x82\x86\x1f\xb7\xebV\xd3\x11\xd7}]\xf6\xf6\x8e\x1e\
\xed\xe1z\xc10\x09j\xb9=\xa6\xbe\xfd\x0b\xecz'\
\x14\xb7\xfd|\xb4\x07\xab[\xc7\xb7\xd0~\xf1&(s\
dFc\xfb\xf9\x16\x12\xbe\xd9i?\x87\xbc\xfb\x95x\
\xb7\x9c\xfd\xa9}I\x1c\xb4E\x9f\x9f\xa3!\x18Ma\
\x14\x0e\xdc\x05v\xdc\xd3\x1cE0\x03q)\xa83\xee\
,\xc4\xd3\x92\xd0\x86\xd7\xb2\xeb\xe7\xb1\x0bW\xf3)x\
W\xeb)vG\xd9vy\x0cE8\xd2vHO1\
\xdav\xd2\xcfc\xb7\x22t?#z\x1f\xf9\xe1\x85\xc9\
5\xc4\x87\xd8\x8d\xd1|\x8c~[]\x89\x09\x91Ja\
/\xeam)\xab\x05\xc7\x13\xa1\x94\xd5-\xa1\x18>\x8a\
\xb6\xad\x92Q\x1cK\xac \xd6@\xf3D\xa9\x8121\
\xe28(R\xa3B\x83\xfa\xaa+UL1rgC\
\xcd\x5c\x11\xf7is1\xce\x5c\x17\x948\x0b\x0d6\x80\
i\x01\x8cX*\xa8\x09\xcc|\xcd\x85\xd6\xb8y\x8dW\
\xc91r#x2A\x8c\xd0\xe3C\x09\x9f\x19\xff\xa4\
\x5cBc\xcc\xd4%:\xfc\x8a\x15\xe6\xc53\x011\x8d\
In\xde\xe1\x05 4vLu\xc5w\x95p\x977\
\xc7\x1dX\x01A]av,\xb0\x1c\xe7M\xe2Tz\
\xcf-Y\x9c\x05~z\xc4p\xdc\xb6\x06Y\xdb\x02\x08\
\x11\xc6VL\x86\x04\x04\x8eD\xa2\x94\xe80f#B\
\x1c\x1d|\x0af\xce\x12\xf9\x04\x01R\xe5Fa\x80\x8d\
H\x02\x1c\xe796\xfa\x18-_V\xbe\x99q\xb4\x00\
\x84b\xa3\x18\xd0`\xeb\x00V\x8c\x8a\xfc\xb1\xe8\xc8\xa1\
\xa2\xa21\xa8jRS\xd7\xac%I\x8aISJ\x96\
\xe6\x19UL,\x9aZ23\xb7l\xc5\xc5\xa3\xab'\
7w\xcf^2g\xc1\x11\xa69e\x0b\xd9s\xce\xa5\
`\xd0\x02\xe9\x82\xde\x05\x1e\xa5\x9c|\xca\x19O=\xd3\
i\xa7\x9f\xf9,\x15\xe9Sc\xd5\x9a\xaaU\xaf\xb9\x96\
\xc6M\x1a\xb6\x7fK\xcdB\xf3\x96[\xe9\xd4\x91J=\
v\xed\xa9[\xf7\x9e{\x19\xc8\xb5!#\x0e\x1di\xd8\
\xf0\x91G\xb9\xa8m\xaa\x8f\xd4\xe8\x89\xdc\xd7\xd4hS\
\x9b\xc4\xe2\xf2\xb3wj0\x9b\xbdI\xd0<Nt2\
\x031\x8e\x04\xe26\x09 \xa1y2;\x9cb\xe4I\
n2;2cS(\x83\x1a\xe9\x84\xd3h\x12\x03\xc1\
\xd8\x89u\xd0\xc5\xee\x9d\xdc\x97\xdc\x82\xc6\xdf\xe2\xc6\xbf\
\x22\x17&\xba\x7fA.Lt\x9b\xdcGn\x9fPk\
e}\xa3\xc8\x024w\xe1\x8c\xe9!\x03\x07\x1b\x1c\xba\
\x17\xf62\xbf\x93\xfe\xb8\x0e\x7f+\xf0\x12z\x09\xbd\x84\
^B/\xa1\x97\xd0K\xe8\xff\x11\x1a\xf8\xf1\x80\xbf\x9a\
\xe1'\x99\xb5\x91\xa5\xbc+\xf8m\x00\x00\x00\x06bK\
GD\x00\x00\x00\x00\x00\x00\xf9C\xbb\x7f\x00\x00\x00\x09\
pHYs\x00\x00\x0e\xc3\x00\x00\x0e\xc3\x01\xc7o\xa8\
d\x00\x00\x00\x07tIME\x07\xe2\x09\x15\x16\x0a\x06\
\xf6\xa8G\x88\x00\x00\x15KIDATx\xda\xed\x9d\
\xf9w\x14\xd7\x95\xc7\xbf\xbdhC\xa0\x15!0\x9b\x00\
\x1b\x03\x06l\x0c\x18/\xc4\xf1BL\xec\xcc$v\xe2\
\x9c\xf8\xcc?8\x99\xcc$3\x99\xb1'\x01\x07c\x07\
\xdb\xd8\xc1\x80\x17VcV\x0b\x10\x9b$\xb4/\xad\xee\
\xfcP\x9f{\xdeUYb\xb3\xa4.\xa1\xba\xe7\xd4\x91\
\x10\xd5]\xaf\xde\xf7\xee\xef\xde\xf7\xa4\x94RJ)\xa5\
\x94RJ)\xa5\x94RJ)\xa5\x94RJ)\xa5\x94\
R\x9a\x0d\x94I\xf8\xd82\x92\xb2\x5cI\xa3\xa2\xbbR\
\x80\xef\x83\xb2\x92\x16Hj\x96\xd4(i\x9e\xa4|\x02\
\xc7Y\x904(\xa9K\xd2-I=I\x04;i\x00\
\xe7\x01v\xab\xa4\x97%m\x92\xd4\x04\xe8I\x1ak\x09\
0\xbb%\x1d\x93\xb4_\xd2!I7\x01>Q\x13\x9a\
$\xc9]$\xe9UI\xbf\x92\xb4\x8d\x7fW%T\xd3\
\x94$\x8dHz\x5c\xd2j\xc6\xfa\x17I\xd7$\x8d%\
e\x90\xb9\x04i\x92fI\xcfK\xfa7I/Jj\
\x95T\x99p\xf3V\x819i\xe5g\xb7\xa4\x0eTw\
*\xc1n\xa2j$m@rw`{\xb3H\xc20\
\x92RL\x98\xb6\xa9@\xbb\xe4%5`V\xba%]\
G]\xf7#\xe5s\x1e\xe0\xac\xa4\x15\x92^Ar\x9b\
\xf9\xdb\xa8\xa4K\x92\x8e'\xd0\xb6\xe5\x18\xe7FI\xcb\
\xd14\x0b%='\xe9\x22 \x9fN\xc2\x98\xf3\x09\x00\
\xb7\x01\xa9\xfd\x19\xaa.\x8f\xe4^\xc3\xa6\xfd\x87\xa4\xf6\
\x04\x02\xbcT\xd2\xef$\xfd+\x0c\x9a\x93\xb4\x84\xf78\
#\xe9\x06\x8cY\x9c\xab\x00g$UKz\x12\xc7j\
\x1d\xff.I\xea\x93t\x10\x80\xbf\x96\xd4\x9b\x04u\x17\
\x1b{'\xa6\xa5\x15\x93R\x8f\xca^-i\xb7\xa4\xcb\
\x92>\xc6\x1e\x97\xca\xc9\x89\x93\xbd@\xd6%\x1b\xa6\xfa\
2\x1b\xb6B\xd2\x9b\x92^g\xa2r\xd8\xdcS\x92\xfe\
D\xf8\xd1\x950p}\x1c\xdc\x87z~\x04/\xba\x82\
\xab\x1e\xa6l'>.M\xe3\x5cf\xeeU\x82m\xe2\
s\x0c\xba\x9a\xc1f\xa6I\x02\x1a\xb0\xbb/KZ\xe6\
T\xf3MI\x1fH\xfa$\x09*\xee.\x99\xac.\xa4\
t%*\xdb\xdec1Z\xe9\x06\xf7vO\xd3{\x94\
\xf0U\x86pD\xc7xN)\x0e\xb0\xa9\xcbe\x92\xd6\
\x22Y\x8d\x00\x9d\x9d&\x80\xeb\xf0<7\xf0\x9c\x12\xdc\
~H\xd2>I\xe7\x93\x14O\xdeA\x8a/H\xfaH\
\xd2\xa3Hn\x03\xef\xb3^\xd2o$\xb59)\x9e\x0e\
&\x1b\x81\x81.\xe1\xd8]\xf6f!\x0f\x80u\x92\x9e\
\x90\xf4\x92\xa4\x9f\x00r\xdd4\xc6\xc9\xa6Z\xaa\xd0\x12\
bP\xa7$\xbdGvh \xa1\xaa9.A\xc3\xf8\
\x09\x7fA\x8a\xb7H\xaa\x954\x9fd\xcd&\xee+M\
\xa3&\xe9\x91\xf4-\xda\xe4C\x22\x8fnI\xc5<\x83\
\xd9\x22\xe9\x1dT\xe6b\x9c\x87\xdc\x0cO\xd2\x19I\x7f\
\x95t\x800\xa3\xa8\xd9AEE\xb9\xe8\x83\xf8\x11\xb5\
8\x8c50p\xd5\x0c\x8c\xa1^R\x0bZd\x05\x91\
\xc7\xe7\x92\xfar\xa8\xc8w$\xfd\x82\x98\xae\x06\xe9*\
\xa2\x22\x0b\xfc\x9c\x8ek\x14g\xe4;$\xe0\x8f\x92\xce\
\xa1v\xa6R[\xe4\xdc5\x1dy\xed\x22\x89\x8dN\x9e\
\xd1\xc0<\xca\xcd\xe3T_~%+\x8bY\xb0\xac\xda\
\x18\xf1xW\x9e\xb8m\x07\x9e`\x05\xff9\xc8`{\
\x00a\xba8\xbf\x1f\x1b\xf6\x19N\xd5\x19\x1c\x86\x07\x8d\
\xa9s\x98\x1d\x0f\xa89\x8cU.;6\xe22d\x9e\
\x81\x0bn\xf2\xee\x97\x86`\xd4\xff\x92tE\xd2\xb3\x84\
L\xf35}\xcb\x9d\x96*mRXu[\xac(\xe5\
{ZR{^\xd2.\xc4\xba\x02uy\x13us\x90\
\xbcja\x1aU\xf3\x10\xea\xf8\x02?G\x1f\x00\xd4,\
/V\x07\xf7.#\xe1`\xcb\x8d\xf3\x9d\xad\xcf8\xcf\
s\x18\x06\xeb\xe2\x9d;pP\xae\xc2\xd8\x05\xdd\xffz\
\xef \x13\xdb)\xe9\x1b\xc6S\xa3\xe9[,\xc9\x13\x9e\
=#\xe9\xa7\xa8\xe9<\x8c\xb5E\xd2\xde<\xceU\x03\
\x83\x18c\xb2\xff\x93P\xa5k\x06\xec\xef\x83,\x9c[\
\xa2\xbf\x81\x10e\x15\xde\xea\x8a\x18\xc0\xa6*\xe3j\xd9\
\x9e;(\xe966\xf4*q\xeb%\xe6\xe0<\xbfw\
!\xe9\xf7\xea$\x8d\xc2,\xd75\xfd\xcb\x9c\x19\xec\xef\
%\xcc\xab%[\xea\x98\x83\x85yr\xa8\x16.\x8d\xf1\
\xa2_\x12\xc3%-L\xb1p\xae\x05.]'\xe9)\
\xb2a+\x90\xd6\x0agksw\x99\xe0\x1a\x98`\x19\
y\xe5Q\xa4\xfa\x22\x12\xf8\x95\xa4\x13\x80}\xfd>\xb2\
R3Y\xe91\x82\x07}\x99\xd0\xccB\xdby\x92\x9a\
\xf3\xfc!\xe3\x00\x1e$D\x19K\x18\xb0\x15H\xe5\xa3\
\xa8\xa4\x9dh\x9ff^f\xa2\x98\xbd\xe4lk\xd1e\
\x94\xb2.D\xcc\xb9\x88\xa1\x06&i$T|\x19\x80\
?\x96\xf4\x0f|\x84[\xf7)\xd13\x11\x85\x8c\x80[\
!\xe6X\xd6\xe4'\xe0\xf0\x92\x92\x15\x7f\xe6\x08=V\
(Zmz\x15i[\x84\x83\x91\x8b\xbd\xe8\xb0s\xa0\
F\x90\xc8\x01\xfeV\x00\xd8J\x804\xc6\xa8t!M\
\x1e-Q\xed\xc2\x8f\xf58.\xfb$\xfd\x1d\x09\xefK\
\x90\x10\x94\xe2\x19,c\xe4\xfc\x14JX\xd6\xfd^r\
\x0f\xfd\xb1^\xe2BIO\x93\xaf6\xcf\xb4\x9e\xe7\x95\
\x00m\x04\x10\xaf\x12f\x9d\xc7\x9e^\xc7a\x1ar\xde\
\xb1Im5\xb6\xaa\x05\x15\xbd\x8a\xef^\x0c\xf8\x95\xdc\
W\x0f#\xb5`\xef7\x10\xaf\x1f\xc2\x8c%\xaaD\xe7\
N\xb9\xe8\x07\x0dM\xf2\xa8\xb6:\x85\x0a\x8c1&\xbc\
Wa\xb1\xbe\xf4\x00*\xb9\x8d\xec\xda\xcfQ\xcb\x8bb\
\xfe\xc2 !\xc9\x09\xb27g\x01\xf6\x1a\xaa\xf46\x92\
[\x9cd\xec\xe6\x904\xe3\xf1.\xc5\x04l\xe0Z\xe6\
\x9c\xb4z\xb2R\xad\x84\x94KqD/$LeO\
\x19\xc0Y\xa4k=\xb6p1Ra\x93\x7f\x9b\x09\xff\
J\xd2\xf7\xba\xf72\x16Ka\xaeEj\x7f!i3\
R\x94\x05\xac\x01\x80\xfcJ\xd2Q~\x9eB\xa2<C\
ys\x93\x99\xc46\x0f\xc0\x10\xa7`\xd0\x16EuV\
\x9b\xd1\x1c\x9b\x90\xdcZ\x17g\xbe\xc4}\x8d\x92\xfe\x9f\
\xd0h(\x89 \xe7\x7f\x04\xb8\x8d\xa8\xcc\xb7\x15U2\
4\xc7\xec\xe1 N\xc9{\x92\xfe\x97$\xc0\xbd\xc4\xb9\
\xd50\xcd\xaf\x14-\xa6\xaf\xc5Vf\x5c\x08r\x1c\xc7\
\xe7\xefx\x90=\x93h\x0a\xd3\x04f[31\xb5>\
\xeaL\x89\x01\xfe=\x80\x7f)\xe9Sr\xf3;\x01\xbc\
\x95\xef\xab\xc3s_\x00\xf0\xff\x8d\x16\x19L\x1a\xc8\x0f\
\x0ap\x05*\xec\x97\x92^\x03\xdc\xf8w-\xe0\xaaA\
]v\xddC\x8e\xb9\x1a\xe9\xf9\xad\xa4\x7f\x91\xb4F\xa1\
\x08`\x00\xe7\xe6Cl\xe0Q\x12\x0aC\xee;\xf30\
\xc3\x02\xe7D\xd5qY~\xddT{\x0f&\xa4\x1f\x87\
\xa9\x97gX\xbd\xf30\xf7\x5cT\xb4\x98\xf0:\x92\xdb\
\xc6\xf7\xce\x93\xf4\x98\xa4_\xf3\xdc\xdf\xa3\x05\x12%\xc9\
\x0f\x0ap\xb5\xa2\x95\x92\x9d\x93\x80+\x17\x8b\xadF\x0a\
N\xea\xce\xeb\xbb\x958:oJz\x03[X\xc5d\
\xf5\x22\xb5\x7f\xc6\xee}\xa7Phn*}\xbe\x8b\x8f\
\x9f`\xf2\x97\xa3i\xaa]Ll\xeay\x18\xa6\xfb\x1e\
Ms\x82\xef\xbd\x01\xe8\xc3\xce\xc6\xf7\xe2\xc0]\x82\xa9\
7\xc24U\x8c\xf9\x0d4\xc2\xbfc\x96\x86g3\xc0\
\x96lXN\xb6$w\x97{k\x98\x84\xd6;\xe4d\
s84\xbb'\x00\xf7\xb6\xa4\xc3d\xd7\xf6\x03\xc8\xb0\
\x1b\xff\x02$}\x1b\xd7\x1a\x9e\xd5\xe4@\xc8L\x12Z\
\x98\x94v\xa1\x96\xcf\xf2\xacC\x80\xdd\x87D\xf7\xc0\x00\
v\xef\xdb<\xcb\xd6\xcc\xd7 \xe1}\x8c\xf3bRB\
\xa8\x07\x95\xe0\xfb\xed\x19\xbaS\xca.\x0b\x18\xcf\x22\x1d\
\xb6\xd4f\xe0\x1eB2\xf6\xb9\xdc\xb81\xd9\x0a\xe2\xd3\
\xe7\xb1\x89md\xa6|\xb9\xd1D\xb1\xbd\x8d\xbf\xc6e\
\xc6\xd6 \x99O**D\xb0|\xfc\x05\x17G_\xc0\
<\xd8\x22\xc5\x0e\xc6n\xa6\xe5u$\xde\x1c\xb7YY\
6k\x9c\xdf\x81:\xab\xbe\xcb\xf7\x8c u7'x\
aS\xaf\x9b\x90\xdc\xcd\xa8Z\xa1&\x8fH\xfa\x83\xa4\
\xbd\xd8\xef\x82c\x88M\x0a%?\xeb\x08cr\x13\xc4\
\xe1\x05\xa7n\x0b\xb1DF\xde1B\x05\xdf[\x8f\xc6\
\xd9\x80\xba\xdf\x87\x97\xde\xe9R\xb9\x7f\xe33\x95\x84o\
u8[\x1b\xf1\x1d\xae:\x9b^\x9a\x8d\x12<\x84\x97\
y\x88\x97k\x9cD\x9a\x87\x01\xf7\x1fp\xff\xd8\x04\xaa\
y9\xce\xcbN&7\xc3\xf7\x9f\xc0\xe6zps\xc4\
\xc2&\xed/\x11\xb6T\xba\xc4\xc7\x10`\xdc\xe4\xear\
\x0e\xd5\x08\x0cU\xeb\xc6\xbd\x10\x09n\xd2\xf8B\xf6-\
\x98\xa0\xa5D\x01\x07\x15\xdaR\xae\x01\xbc9sO\xc1\
0\x0d\x8c\xed\x0c\xb9\xe1o\xcb\xad\xaa\x1f\x14\xe0a\xbc\
\xd8\x16\x1c\xa9\x0dLX\x85K\xb6\x0f\xa1\xae>RT\
\xa5\xd1\x11s\xb02L\xce\x0e\x9c0Kb\x14\x98\x9c\
=\x92\xdeg2=\xb8/\xe1e?\xef\x1c<\x0b\xcb\
n\x91\xc5:\xc6u\x12i\x1a\x98 \x93U\x03\x80\xeb\
\xd0\x06\x1bQ\xf1\x0b\x15\xaa1\x96\xe2\x17X\x97\xe3\xbe\
\x18\xc8{\xb8\xbf\x19i\xcf3'\xaf\x00n\x87\xa2\xd2\
\x99\xd2l\x03\xd8\xcaT\x0c\x80g\xb1a\x96\x1b\x1e\xe2\
\xe5\xbeAz'\xf2,+\x9c\x0d\xdd\xe8\x9c\xaan\xe2\
\xdb\x0f\xf0ZG\x01\xa5Y\xd1\x9a\xe7\xef$\xbd\xa0\xd0\
u8\xc6g\xac&\xe9\x00\x0eR'R;<\x89\x14\
e\xd1.'a\xc2\xd5h\x91\x17\xb1\xa7\xf5\x0e\xb0\xe7\
\x9d\x86\xda\xc3\xbb\x17H\xb6\xec%\xb3e\xeb\xcfUx\
\xf0\xcf\x136}\xa9\xa9\xadP\x99\xb1LV\x01p\x0f\
\x92\xff\xb5jB[W\xeeCEvN\xf0\x82&\xbd\
\xdbQo\x96[\x1e\x04\x9c}H\xa0e\xbf\xea\xf1Z\
\xdfb\xe2\x9a\x5c\xe2\xe3\x1a\xb1\xf1^<\xe0v\x9e]\
\xbc\x07&\x1d\xe0\xba\xc1\xe7\xce\xc3\x94\xbb\x9d\xfa\xaf\x00\
\xb8\x1d0n\x1f\xcf\xeb\x86y\x8cA\x1eg\x8c\x16{\
o\x07\xdc3.\xa12\xebr\xd1\x16\xa3\xf6\xdd!\x14\
)M\xf2\xdcV&m\x8dS\xb3\xb7\x90\xde\xa3N\xb5\
U\x136\xfd\xd2\xa9\xe5,\x93{\x11\x89z\xd7%>\
\x8a\x0f0\x99E\xde\xe34\x0cs\x0d\xdb\xbd\x1b\xb5]\
\x0dS=\xc7\xb8\xae\x92\xfc\x18\xc0\xbe\x7f\x01\xc0\x96\x98\
\xb1<\xfa\x16\xb2a\xfd\xe5\x92\xe2\xa9ZM\xba\xdf%\
F\xab<\x5c\x87td\x90\xd6s\xa8\xd8vg/\x97\
\xe0)\xbf\x88De]J\xf1=E5P\xc7\xeeQ\
j\xefFc\x00\xfb9\xdf7\x82\xd6X\x09h\xad\x98\
\x87\x0b0\xc1E\x9ei\x8e\xe4N4Y-\xe6j=\
\x91\xc1\xa5r\x01\x5c\x8e\xbd/\xac\xaba+NL\xce\
I\xefQli\x9fc\x84\x8d\x8a\x0a\x03\xadk\xa0\xc8\
\xe4\xeeWT\x85\xf9\x0d\xd27U\x15\x14V\x0cxL\
Q\xfb\xcc\x07<\xcf\x18\xce:!7\x01\xa2E\x15g\
0W\x9d.Bhs9\xeb\xcc\x5c\x018\x87\xe7\xb9\
\x19\x07\xc6&\xb5\x1d\xc9\xb9\xe9&s\x19\x0e\xdcz\xc0\
\xb6\xc6\xb4C\x84P\xc75=}\xb8\x96\xfb>\x09\xc8\
\x87P\xc5r&\xe3E\xc6gq\xf7U\xee\xf3\xc9\x98\
\x16\x16K,\x94{\xe8\x01\xce(Tg,\xc3!\x11\
\xea\xd9z\x81{]nz\x1d\x007:\xd5|\x0e\xa7\
\xe6\xc8\x14K\xeed\xfe\xc5\xd7H\xf1\x19\x97h\xb1^\
\xe0G\x15\x96H\xfbq\xd2\xbes\xccP\x09\xb8\x8f\xf1\
\xdesB\x82\xeb\x15\xaa2L=\xdfdbn\xbaI\
l\x04\xe0\xb5.\x84\xea\xc7\xa1\xf9\x14\x95>\xddI\x84\
\x22*\xf7c<\xe2^\xe7\xf8\xad`Q\xa3\xd5E\x0e\
\x9d$hn9\x86n\xe2\x1d\xe6\xcf\x15\x09n\x00\xe0\
Z7\x89\x1d\x00l\xeb\xa9y\x1c\x9b\xc7\xb9?G\xa8\
\xd1N(tV3W*3\x823u\x04\x09\x1d\xe5\
=\x16`\x87\xad\xf9[\x98\x8f\xd3\x00lf\xc3\xbfo\
f.Hp\x9dB)\x8c\x01|\x9dI\x1cvI\x90\
U\x5c\x15\xce\x919\x85\x136\x9d\xaay2{|\x9c\
\xe7\x8f:[\xbc\xd69\x8a\xe2\xbe\x0b.om\x8c\xf0\
\x08\x12\x9c\x99\x0b\x12\x5c\xab\xb0=\x92\xcf\x8a]q\x93\
\x97g\xe2\x96\xbaP\xce\x00n/C~\xd7\xdaD\xcf\
*, T\x10\xc2Y\xa9R\x06i\xb7\xe4\xce\xb0\xbb\
\xaf!\x96\xca}h\x01\xb6\x12\xd8F\x85V\x19[o\
\xedv\xdeg%L`I\x0d\x93\xa2s.d\x99I\
2\xfb\xda\xee\xa4\xd3\x96\x1b[\x9c\x13h\xa5\xbb\xb7P\
\xd7V\x87]\xc5\xbb\xd4\xcc\xb4\x14ggXz+\x00\
\xb8\xcaM\xc8\xa0B\xce\xb8\xa4\xb0\x95\xa1\xb5a\x98\x03\
\xd3\xcb\xc4\x95k\x09nTa\xdb\xc2\x82c\xd8\x06\x97\
j5i\xef\xc6!\xf4\xef]\xa7\x99i%-\xab\x04\
W8p\xcd\xbe\x0di|]\x95Iyul\xd2z\
a\x86r\xf5\x0d\x9b\x17\x7f\xdb\x01\x9c\xc5\xb6\xfa\x0eB\
\xeby\xf2\xa5\xb4\xb6z\x95\x7f\xd8\x01\xce\xeb\x87\xfb~\
\x8c\xc4&#\xde\xf9o\x00\xf7\xa9\xfc\xf5\xc7\xd6\x91X\
\x8c\x8d\xd5\xb7\xff\x98\x9a\x1e\x8d\xcds\x95\xca\xb0\xb3`\
9\x9c\xacx)\xcd\x9d\xee\x8bKP\xb9i\xb2\x9c{\
\x12\xc7Z\x16\x80\xad\xf6\xb8\x14\xb3O\xf9\x18\xe8\xa3\xb1\
87\xa7\xd0\xe0\x5c\xce\x8dI+\x15:\x1d\xbc\xb4\xc6\
5P>&\xadE\xde\xa9\xf8\xb0\x03l\x8d\xd7q\x15\
W\xed\x80\xb3u\xdaa7iV=Y]F\x803\
\x0ak\xbd\xb9X\x8c<\x10\x03\xb8F\xe3s\xcfV\xe1\
Rx\x98\x016n\x1fPX\x00\xb7\xc9\x98\xefl\xf3\
\x18aS\x8f\xbb/7\x81g=\xd3\x94S\xa8\xe3\xca\
9\x8dt[\xe37\x03\xcf3N\xeb\xc6(\xc5|\x88\
\x87^E\x9b':\x1a\x0b!|nz\x88p\xc46\
\x10\xb3\x22\xfa\x95\x8a\x12\xfd\x992\xccS\x1d\x19)\xdb\
&\xc1\xc7\xbc]\x0aE\xf8V\x9d\xe93W\xc3\xdc7\
\xe3]\x0f3\x0d\xb0\xad\xb5\xdet\xdc\x9cC*Z\x9d\
\xe7\x5c \xb3u\xd5e\xadj\x14\xe5\xa6\x97\x95\xc1\x1b\
\xcd+\xb4\x98\xd6*\xacl\xdd \xf12\xc0\xbb\x99\xf4\
6\xb9\xa4\x86\x85xV\xe2\xf3PK\xb0xY\xdb\x8d\
\xcdl\xd6B\x85my\x0d\xe0\x0b\x5c>\xf7\xbb^Q\
\xe2~\xa6mq\x95\xa2\x95\xad\xc7\xdd\x18mW\x9d\xcb\
n\x8c5\xbcG\x93\xd3F\xfd0\xc1TT\x9c$\x1e\
`\xebV8\x0f\xd7\xdb\x18\x16+\xaag\xaar\xce\xd8\
yEk\xb0\x16wV*TH,\x9f\xc1\xa4A\x05\
\xe3\xdb\xa2h\xfd\xb7B\xe3\x17 .9\xe0\xe6+Z\
\x80hr\x0ch\xef[\x96\x0d\xc2\xcb!\xc1]\x8a\x92\
\xf6=\xce\xbe.b\xf2\xcc\x81\xb1\x15\xa6S\x1a_:\
[\xa7\xa8\x93\xe0\x19\xcdL\x19\x8c\xad\x06mW\xd4+\
\xec7+\xefPT\xd6s\xd5\xbdG=Zf\xa1s\
\xb0:a\xd4\xbe\xb9\x10\x07[\xc9\xcdE\xd4\xd6\xb0\xe3\
\xfc6\x85\xca\x07k\x8f9\xa9\xa8\x98\xed6\x7f\xabT\
Tdo\xfbiNw\xf2\xbe\x1a\xcd\xf2*\xcf5\xe9\
\xedV\xb4.\xfd\xad\x93L\xdb\xccu\x9d\xc2\xb6T\x05\
\x18\xd54\x91\xe6\x82\x04\x8f\xf2\xd2'\x14\x0a\xd4\xcc\x89\
\xd9\xe6\xd4\xdb\x18\xaa\xedS\x85\xb5b\x93\x92\x9d\x8a\x9a\
\xc3\xdbbi\xc2\xa9Nj\xb4\xf1\x1c\xab\xc5\xf6G\x0d\
|\xa8\xd0Eh\xf5WO\xe1iW*\x1c\xbbsN\
\xd1*\xd4\xd0\x5c\x01\xb8\x84\x9a>\xe2\xd4\x9b\xf0\xa2\xb7\
+\xd4!\x9b\xbd\xfe\x92\xc9\xb4\xe6\xf1\x9c\xa2*\x8a\x9f\
+j\xf4\x9aj\x903\x0e\xdc7\xb8V*Ttv\
(\xdav\xd1\xd7n[\x81\xc2\x0bN=[9\xed1\
M\xdf~\xd1\x89\x04\xd8<\xe9c\x0a=\xb8B5\xaf\
UT\x0co\xbd\xc4E\xa4\xe5}E\x15\x8b]\xce\xab\
]\xab\xa8\xbb\xfe\xd7\xa8\xcf\xda)x\x1f[\xe3]\xcf\
\xf7\xfe\x86\xe7T;\x87\xe9\xb0\xa2b\xfb\xef\x9do\xd0\
\x8a\x13\xf6\x04\xe6\xc6b\xf9\xd30B\x7f\x99\xe6\xb9l\
g6\x8c(\xd4W=\x01@\xbe\xb9\xec\xb8\xc2\xa2y\
\xbf\xa2\xda\xe7wQ\x93\xdb\x98\xc4ZE5Q\xb5\xd8\
\xbc\xbf\xa1\xf6o\xe8\xfe[E,\x7f\xdc\x82\x0d}\x0d\
\x0d\xf1\xa8B\xe5g\xbf\xc2\xbe\xd0V\xd1i\x99\xb8\xcd\
\x8c{\x11\xefa\x0dt_\xe1P\x8e\xcc5\x80mw\
\xf7\xcf\xe0\xfc\x95\x0a\xad\x98\x9b\x14\xd5\x1c[c\x98\x95\
\xc1|\xa8\xd0lm\xc0\xd6\xe0\x98\xbd\x833\xb4OQ\
\xd5\xe5\x15\xa4mPw.\xef\xb1\xfd\xb2\xea\xb1\x9d[\
q\xa8\xb6\x13\x1aY\xd8f5\xd2\xef\xc2H\xb7\xd0.\
\x15\x8c\xfd'|\xb6\xd6\x85PGa\xe0\xb2\x9eiX\
\xceSW\x86Qa\x9f)l\xc5d\xe7\x0f\xfd\x0c\x09\
\xb7MB-\xb3\xf5\x7fN\x0d\x9b:\xb46O\x8bA\
\x8f\xe3y\x1fC\xbd\xf7*l\x13l\xf9o\xdbvx\
\x01\xce\xdd&@\xdd\xc8\xbf\xeb\x9c\xcd\xed#\x5c\xfb#\
\x00_Vhgm\x81!^a\xdc9\x85\x86\xf7O\
\x19\xc3H\x19\xe7\xb8\xac\x00\x17\x91\xb2O\x14\xaa\x13\x17\
*\xecy\xf1\x06\x92\xbbGa\xc7\xd7\x8b\x8a:\x1a\x06\
\x14m\xb3\xb4U!\x87m{r<\x02`\xd7`\x8a\
\x0e>\xdf\x07S\xd9\x1e\xcb\x8dH\xe9Rl\xe8b\x85\
\xc28[ \xe8F\xcd\xfe\x0f~\xc0\x05gw\x1bp\
\xaav3\xfeJ\x17B\x1d\x80\xc9\xba4\x87\xcfM\xb2\
\x90\xe9,\xea\xf7Q&\xcc\xec\xeb\xd30@/\x13v\
\x1b\x90\xcf+j:\xeb\x02\xc0\x17\x00\xa9\xda\x01\xddH\
Z\xd1\xba\xff\xfaQ\xd7\xa3\x0a;\xf3\xcd\x07\xd0y\x1a\
\xbf\x87H\x11F\xb8\x8c\x14\xee\x81\x09\xaf(,\xf7Y\
'\xff[0\x99\xf5(\xf5\xe1/\xec#F\x1e-\xf3\
\xfc\x96\x1d`K||\xe1$i\xbdB\xbb\xe6\x0b\x0a\
\x9b\x88~\xaePyi\x8d\xd7\x97\x893\x9fU\xe82\
\xa8tN\xd3\x02\xe7\xd5J\xe3\xd7l\xfde\x95\x1a\xd6\
o|\x02\xd3q\x00\x09\xeev\xf1n#\x99\xb4\xb7\xb1\
\xbd-\x0a\xed\xac\xe7\x14\xed|w\xd8%g\xe64\xc0\
b\xe2\xae \xc5K\x91^\x8bm[\xf1N-'l\
\xcdi\xd6\xe6y\x08\x89\xfeZa\xa7\x80\xe5x\xb3\xf5\
\x0e\xec\xec$\xcc%\xc2\x99\xdb\x0aM\xe0\xdf \xb9G\
\xf9\xdb\x90\x8b\xbf\x17\x02\xee[\xd8\xde%\xceknG\
r\xdf\x87\xf1\x12q\xa8HR\xce\x0f6U\xfdg\x80\
\xd9\xad\xd0.\xbaD\xd1\xb1\x03\xa6R?\xc1\xae\x0e)\
lT\xd6MBd\x15!\xcb&~\xb7Zd\xdb$\
\xdco\x846\xaap6\xc59\x1c\xa2\xaf\xb0\xb3\xb7\x14\
v\xe5\xb1\xaa\x93%h\x947\xf9\xd9\xe2\xc0\xedP\xd4\
\xce\xfa'\x85\xf6\x16\xa5\x00\x8f\xa7\x01&\xf9\xf7H\xde\
.\x85-\x14\x16\xa1\x0e\x9b\x91\xf2}\x80\xd2\xa3P3\
\xdd\x8f\xc4\x9dF}7\xf0\xb9E\xfcn5]\xfeh\
\xf6\xeb|\xa6K\xa12\xc3\x97\xe6\xdaY\x10+\xf1\xec\
_GK4:p\xaf3\x9e?\xe0\xc1'\xea\xbc\xa7\
$\x01l\xf6\xf8K\x85c\xeev)\x9c\x06\xd3\x84C\
\xd3\x8c\xd7\xba\x1f;yM\xa1\xde\xc9\xea\xa3:\x5c\x8c\
k\x85\xf6\x15.;V\xe03\xfd\x0a{I\xc7\x8b\xe6\
\xaa\x15\xb6\x99x\x85\x9fm\x0aMs#<{\xaf\xa2\
]\x06\xca\x1e\xf3&\x1d`\xf3`\xedx;\xdbs\xfa\
5$\xa8\x1a)\x5c\x87-\x5cC\x92\xe4\x0blp\xbb\
Kl\x18\x88}wI\x13zPs\x8e)\x96\xa2\xea\
m\x99p\x83\xc6\xef\xa6k\xfb\x7f\xed!\x84:\x82\x06\
H\xdca^I\x03\xd8@\xee\x05\xe4A\xec\xeb.\xbc\
\xe4\x05.\xc1\xd0@(\xb4\x05\x80Oa\xff.\xa36\
\xad\x03\xa1t\x97\xdc\xb3\xa9\xe1E\x00\xdb\x06\x13=\x89\
G\xdf\x14\x93\xfe\x1e\x9e\xb5\x8fp\xed\xb8\xcaT\xad1\
[\x016\x90\xfbQ\xd7]d\xb3^S\xb4\x1cg\xdd\
|U\xce\xbenA-\x9f!\xfe<\xafp\xfe\x91\xb5\
\x91\xd8\xc1\x1c\x06\xaa\xd58\xd7\xa3\x8aW\xa1\xfa\x1fS\
8\xde/\xbe\x83^\x07cz\x1f\x80/)\xa1\x1b\x81\
'\x1d`\xb9I=\x874~\x07\xc8/(\xaa\xcb\xb2\
\x9d^\x0d\xecZ<\xef\xe7\x00\xb5\x0fo\xd86D3\
\xf5\xed\xcfkh\xe2\xb2\x9a\xeb\xf8\x1e\x96Vx\xd0\x85\
w\xfd\x096\xf7k\xbe{T\x09\xa7\xbc\x92OV \
\xf09\x12sX\xd1\x8ew\xcf\xa0R\x0d\x1c;\x9c\xd9\
\x12\x1bv\xf4\xea\xc8\x1dr\xd1\x95NJ3\xb1\xd8|\
\x18\xc6\xb8\x82\xb9\xd8\x8f\xf4^I\xb2J\x9e\x8d\x00{\
\xbb<\x80\xe4\x9cV\xb4a\xda\xd3\xa8\xed\xc7\x9c\xad\xf4\
g\x17\xd6(\xec$p\xb7\xef/pY\x9b\xe8w\x00\
z\x98\xe7]t\x19\xadYCy\xcd.\xb2F\xecn\
\x85MG\x0f(\xcac\xaf\xc6\xdb^\x8eM\xad\xd3\xf8\
^\xa6\xcc\x04\xde\xb3\xef:\xe8\xc03\xbe\x88Y8\xcb\
\xcfKNbK\xb3l\xbef\x1d\xc0r\x99\xa8\x1eE\
k\xb4\xb6\x01\xd9\x12E\xa5<\xcbq\x92\x9a\x15\xf6q\
\xb6m\x82}\x1cl\xad\xa0=\xce\x913\x80m\xbf\xe7\
\xc2l\x05v6\x03\x1c\x07\xda\xd2\x8e\xe6\x88Y\x0f\xb2\
\x9dKh\x07TZ\x7f\xae\xad\x16\x0d\xf0\x99n\x85~\
\xa9\x82~\xdc\x11\xb3)\xc0\xd3h\xa3\x8b\xfaa\xd3\xf5\
u'\xb9\xf1\x95\xa3\xe2\xc3\x06\xe6\xc3\x0c\xf0\xbd\x82>\
\xe7(\xab\x94\x1e\x16\x9apW\x84\xac\xc6'\xda\xb3\xfa\
a\xc7}J\xc9\xa7\xdc\x04\x98\x15%\x8d\xe6\xf1\x16\xed\
\x98U\xdb\x16h\x99B[dJ\xc9&\xdb\x83\xabY\
\xa19\xde\x92<\xb7\xf3\x8aRp+\x146\xf3jS\
T\xf0\xb6@w>\xa9,\xa5d\x98\xd8FE\xd5,\
\xd6V\xebO\x9e\xb9\x91W\xb4\x93\xea.\x85\x03\xa5V\
(:\xf8b+7\x15\xd2yL\xb4j\xb6\x13_\xac\
|\xc8\xcev:-\xa93\xaf\xa8Hl\x09\x97\xed\xc6\
\xb6\x8c\x0f\x96\xed0\x89\x94\xee\xd9\xb1\xb2\x98\xdf\x1a\xce\
\xfb\x14\x95\x1e\x1d\x94\xd4\x93W\x94o}W\xe1d\x93\
\xf9\xdc<?\x9d\xbfYC\x96\xf4\xe9S\x94;\xff\xab\
\xa2\x15\xaf\xa1\xbcB[\x88\xed\xfa\xbaM\xa1\x16*\xa5\
\xd9A#\x8a\x92:\x06\xeeG\x8aj\xcd\xc62.\xe1\
\xb1PQA\xd96tz\x93\xc2RZJ\xc9\x94Z\
\xdb\xe9\xa7K\xd1\xe2\xcba$\xf7\x86\xf9N\x99\x98G\
V\x89j6\xb7{^\x0ap\xa2\xc96>\xed\x04\xd4\
>\xfc\xa61o\xa4'2\xdc\xb6\xa6\x9aM\x13\x1e\xb3\
B\x8am\x91$u\x88SJ)\xa5\x94RJ)\xa5\
\x94RJ)\xa5\x94RJ)\xa5\x94RJ)\xa5\x94\
RJ)\xa5\x94RJ)\xa5\x94RJ)\xa5\x94\x12\
O\xff\x04\xec\xcd\xf9\xe1\xa4p\xe2\x88\x00\x00\x00\x00I\
END\xaeB`\x82\
\x00\x00\x10\x8a\
\x89\
PNG\x0d\x0a\x1a\x0a\x00\x00\x00\x0dIHDR\x00\
\x00\x00\x80\x00\x00\x00\x80\x08\x06\x00\x00\x00\xc3>a\xcb\
\x00\x00\x02\xe1zTXtRaw prof\
ile type exif\x00\x00x\
\xda\xed\x97M\x92\xdc \x0c\x85\xf7\x9c\x22G@\x12B\
\xe28\xd8@Un\x90\xe3\xe7\x81=\xee\x9f\xe9\xa4*\
\x93,\xb2h3m@-K\xe2}\x98\x99\x09\xfd\xc7\
\xf7\x11\xbe\xe1\xa2\x22\x1c\x92\x9a\xe7\x92s\xc4\x95J*\
\x5c1\xf0x\x5cGO1\xad\xfb\x9di\xcd\x1f\xec\xe1\
\xfa\x82a\x12\xf4rLs?\xfd+\xecz{\xc0\xd2\
i\xdf\x1e\xed\xc1\xf63\x8e\x9f\x81\xce/>\x02\xca\xcc\
\xcc\x18\xb4\xb3\xa23\x90\xf0a\xa7s\x1e\x0a\x1f\x83\x9a\
\xef\x96s~\xc4V\x88\xcb\xf9y\x9e\x0cb4\x85\x11\
\x1aq\x17\x92\xb8\xee|d\x12T!E\xea\xb4\xe3\x1e\
\xc5\xe1\x18\x97E\xc4qO\xe2\x9f\xf5\x0b\x97t/\x04\
\xbcFO\xfa\xc5\xfd\xb4\xcbM\x8e#\xd0\xc7\xb2\xf2\x93\
N\xa7\x9d\xf4\xb5~K\xa5\xfb\x8a\x88\xaf\xcc|_\x91\
\xc9\x95\xe2\x93~c4\x1f\xa3\x1f\xab\xab)\x07\xc8\x95\
\xcfE},e\x8d\xe0\xb8ANY\x8fe4\xc3G\
1\xb6\xd5\x0a\x9a\xc7\x1aw\x08\xdf\xb0\xd4-\xc4\x0d\x93\
B\x0ce\x07%jTiP_\xfdN;JL\xdc\
\xd9\xd03\xef,\xcb\xe6b\x5cx_P\xd2l4\xd8\
\x02h4\xb0`\xd9AN`\xe6\xab\x16Zy\xcb\xcc\
\x87d\x8e\xcc\x8d\xe0\xc9\x84``\xfc\xd8\xc2\xb3\xe1\xab\
\xed!\xd0\x18s\x9b\x13E\xbf\xb4B]<\xf7\x17\xca\
\x98\xe4\xe6\x1d^\x00B\xe3\xd4T\x97\xbe\x14\x8e.>\
_\x13\xac\x80\xa0.\x99\x1d\x0b\xacq;BlJ\xb7\
\xbd%\x8b\xb3D\x0dpM\xf1\xd8\xf2d\xed\x0c\x00\x89\
\x90[Q\x0c\x09\x08\xc4L\xa2\x94)\x1a\xb3\x11AG\
\x07\x9f\x8a\xcaY\x12o @\x1a\x94\x1b\xaa\xe4$\x92\
\x01\x07o\x03r\xe3\x19\xa3\xe5\xcb\xca\x87\x19\xc7\x0b@\
\xa8d1\xa0\xc1\xeb\x02X)i\xcax\xdf\x1c[\xa8\
\x06\x15M\xaa\x9a\xd5\xd4\xb5h\xcd\x92S\xd6\x9c\xb3\xe5\
yNU\x13K\xa6\x96\xcd\xcc\xadXu\xf1\xe4\xea\xd9\
\xcd\xdd\x8b\xd7\xc2Ep\x8ci(\xb9X\xf1RJ\xad\
HZSE\xac\x0a\xff\x0a\xc3\xc6\x9bli\xd3-o\
\xb6\xf9V\xb6\xbac\xfb\xeci\xd7=\xef\xb6\xfb^\xf6\
\xda\xb8I\xc3\x11\x10Zn\xd6\xbc\x95V;ul\xa5\
\x9e\xba\xf6\xdc\xad{/\xbd\x0e\xec\xb5!#\x0d\x1dy\
\xd8\xf0QF\xbd\xa8\x9dT\x1f\xa9=\x93\xfb=5:\
\xa9\xf1\x025\xfd\xecF\x0df\xb3\x8f\x104\x8f\x13\x9d\
\xcc@\x8c\x13\x81\xb8M\x02\xd8\xd0<\x99E\xa7\x94x\
\x92\x9b\xccba\x09\x22\xca\xa8R'\x9cF\x93\x18\x08\
\xa6N\xac\x83.v7r\xbf\xe4\x16\xa0\xee\x9fr\xe3\
W\xe4\xc2D\xf7/\xc8\x85\x89\xee\x8e\xdcgn/\xa8\
\xb5\xba\x8e[Y\x80\xe6[\x08MqB\x0a^?8\
Uv\xfc\xe0\xd7\xc9\xd7\xfa\x10\xff2\xc0;\xd0;\xd0\
;\xd0;\xd0;\xd0;\xd0;\xd0\x7f\x15H\x06\xfex\
(\xf8w\xea'Z*\x91\x87\xd2=\x9a\xa7\x00\x00\x01\
\x84iCCPICC profile\
\x00\x00(\x91}\x91=H\xc3@\x1c\xc5_[\xa5\xa5\
T:\xd8A\xc4!Bu\xb2 *\xe2\xa8U(B\
\x85P+\xb4\xea`r\xe9\x174iHR\x5c\x1c\x05\
\xd7\x82\x83\x1f\x8bU\x07\x17g]\x1d\x5c\x05A\xf0\x03\
\xc4\xc5\xd5I\xd1EJ\xfc_Rh\x11\xe3\xc1q?\
\xde\xdd{\xdc\xbd\x03\xfc\xcd*S\xcd\x9eq@\xd5,\
#\x93J\x0a\xb9\xfc\xaa\x10|E\x18!D1\x8c\xb8\
\xc4L}N\x14\xd3\xf0\x1c_\xf7\xf0\xf1\xf5.\xc1\xb3\
\xbc\xcf\xfd9\xfa\x94\x82\xc9\x00\x9f@<\xcbt\xc3\x22\
\xde \x9e\xde\xb4t\xce\xfb\xc41V\x96\x14\xe2s\xe2\
1\x83.H\xfc\xc8u\xd9\xe57\xce%\x87\xfd<3\
fd3\xf3\xc41b\xa1\xd4\xc5r\x17\xb3\xb2\xa1\x12\
O\x11\xc7\x15U\xa3|\x7f\xcee\x85\xf3\x16g\xb5Z\
g\xed{\xf2\x17F\x0a\xda\xca2\xd7i\x0e!\x85E\
,A\x84\x00\x19uTP\x85\x85\x04\xad\x1a)&2\
\xb4\x9f\xf4\xf0\x0f:~\x91\x5c2\xb9*`\xe4X@\
\x0d*$\xc7\x0f\xfe\x07\xbf\xbb5\x8b\x93\x13nR$\
\x09\xf4\xbe\xd8\xf6\xc7\x08\x10\xdc\x05Z\x0d\xdb\xfe>\xb6\
\xed\xd6\x09\x10x\x06\xae\xb4\x8e\xbf\xd6\x04f>Io\
t\xb4\xf8\x11\x10\xdd\x06.\xae;\x9a\xbc\x07\x5c\xee\x00\
\x03O\xbadH\x8e\x14\xa0\xe9/\x16\x81\xf73\xfa\xa6\
<\xd0\x7f\x0b\x84\xd7\xdc\xde\xda\xfb8}\x00\xb2\xd4U\
\xfa\x0688\x04FK\x94\xbd\xee\xf1\xeePwo\xff\
\x9ei\xf7\xf7\x03fdr\xa2MO9\x8f\x00\x00\x00\
\x06bKGD\x00\xff\x00\xff\x00\xff\xa0\xbd\xa7\x93\x00\
\x00\x00\x09pHYs\x00\x00\x0b\x13\x00\x00\x0b\x13\x01\
\x00\x9a\x9c\x18\x00\x00\x00\x07tIME\x07\xe3\x0a\x08\
\x0f&1J\x5c7\xe1\x00\x00\x0b\x9aIDATx\
\xda\xed\x9d{\xb0UU\x1d\xc7? /\x05L\x11\x82\
 \x8d\x87\xa8!BT\xa00\x19>\x00KMS2\
\xb3\x94\xc9\xca\x92,\xd2@\x85\xe9\x9d3rE@S\
\x22\x1f\x83N$:8\xd8h`\x85\x22\x0d\xa8%\x90\
<\x04n\x89\x8c\xe05^\x81\x09\xf1\x8a\x87\xfc\xfac\
-t\xef\xdfY\xe7\xdes\xf7\xe3\x9e}\xce^\xdf\x99\
=\xc3^\x9c\xfb\xdb\xeb\xac\xf5\xdd\xbf\xb3\xd6o}\xd7\
o5\x13\x11<\xf2\x8b\xe6\xbe\x09<\x01<<\x01<\
<\x01<<\x01<<\x01<<\x01<\xf2\x84\x16U\
\xfe\xfd\x9a\x01g\x02\x03\x81~\xc0i\xc0)@'\xe0\
C@+\xfb\xb9\x83\xc0N`;P\x07\xbc\x01\xbc\x06\
,\x05j\x81\xaa\x0d\x964\xab\xc2@\xd0\xf1\xc0\x17\x80\
\xcb\x81\x0b\x81\x0e1\xed\xfd\x07x\x1e\xf8\x030\x17\xd8\
\xed\x09\x90M\x0c\x06n\x02F\x02mRz\xc6~`\
\x0e0\x1dx\xc5\x13 \x1b\xf8\x1c\xf0SK\x80\xa6\xc4\
_\x81_\x00\xcfy\x02\x94\x07\x9f\x00\xee\x01\xcek\xe0\
s\x87\x80e\xf6Zg\xaf\xcd\xc0\x1e{\x09\xd0\x1eh\
\x07t\xb1\xe3\x84\xd3\xec\xb8aP`\x9cP\x0c\x0b\x81\
[\xec\x98\xc1\x13\xa0\x09\xd0\x06\xb8\xc36\xfa1E>\
\xb3\xd3\xba\xea9\xc0K\xc0\xde\x88\xcf:\x16\x18\x02|\
\x09\xf8r=\xe3\x89\xc3\xc0\x14\xe0g\xc0\x81\x8ajM\
\x11\xa9\xa4\xeb,\x11Y+\xc5\xf1w\x11\xb9ZDZ\
\xa7\xf0\xec\x96\x22r\xa5\x88\xfc\xad\x9e\xe7\xbf&\x22}\
*\xa9M+\xa9\xf3\xaf\x11\x91\xbdE\x1a~\x99\x88\x0c\
o\xc2\xba\x0c\x15\x91\x97\x8b\xd4e\x8f\x88\x5c\xe5\x09\x90\
\xec\xf5\x93\x22\x8d\xbdCDn\x10\x91\xe6e\xa8S3\
\x11\x19%\x22[\x1d\xf5:\x22\x22\xe3=\x01\x92\xb9\xa6\
\x14\xe9\xfc\xf9\x22\xd29\x03\xf5;ID\x9e)R\xc7\
I\x9e\x00\xf1\xae\xc9\x8eF}ODn\xb7o`\x96\
\xea:FD\x0e9\xea{\xa7'@\xb4\xebVGc\
\xfeODFf\xb8\xce\x97\x14\x19\xa7\x8c\xc9j\x9d\xb3\
:\x0d\xbc\x0cx\xda\xc6\xf2\x8fb/p\x09\xb0(\xe3\
\x13\xab\xb3\x81\xf9v\xad\xe1(\x8e\x00\x17\xdbr\x1f\x07\
h\x00=\x80\x956\xa6O`\xb1\xe6R\x1b\x93\xaf\x04\
|\xd6vv\x1b\xb5\xa6\xd0\x1f\xf8W\x96*\x9a\xb5\xe5\
\xe0c\x80\xc7U\xe7\x03\x8c\xaa\xa0\xce\x07X\x0c|E\
\xad\x22v\x00\x1eS^\xcd\x13@\xe1\x16\xe0\x1cU6\
\x05\x98]\x81Q\xd6g\x80;U\xd9P`\xb4\xff\x09\
p\xa3\x1b\xf0:\xd0V-\xb8\x0c\xb5\xa1\xd6\xb8ho\
\x7fF.\xb0\xae\xb8g\xc0\xd3\xec\x026\xd8\x9f\x9e\x85\
\xc0<\xbbN\x90\x84G[\xa0\xd6+v\x01\xbd1\xda\
\x03\x1f\x0a\x0e\x5c\x8f\xaa\x91\xf3\x01\x119=\x01\xbb\xbd\
Ed\x86\x88\xec\x93\xd2\xb1WD\x1e\x16\x91S\x13x\
~O\x11\xd9\xaf\xecO\xf7\xd3\xc0\xf0u\xba\x88\x1cV\
\x8dtGL\x9b\xc7\x8a\xc8\xddE\xe6\xe6\xa5\xe2\xa0\x88\
\xd4\x88H\x9b\x98u\xf9\xb1\xc3nwO\x80\x0f\xae\x19\
\xaa\x816\xdb\x0e\x8cj\xefT\xbb0\x93\x14V\xda7\
9j}Z\x89H\x9d\xb29\xcd\xc7\x01\x0c:\xda\xa9\
Q\xeb@\xd9X`j\x0c\x9d\xc0|\xe0\xc3E\xfe\x7f\
9\xf0\x02\xb0\x06\xd8a\xcb:a\xb4\x83\xc3\x80\x01E\
\xfen\x1b0\x22\xc6\xba\xffM\xc0\xb4\xc0\xfd>\xa0\xab\
\x1d\x13\xe4z\x0c0V\xbd\x19\xdbE\xe4\xb8\x18o\xfe\
\xb6\x22\x8b33K\x5c\xaa\xed+\x22\xb3\x8ax\x82\xad\
1<Ak\x11\xd9\xa2\xec\x8d\xf6?\x01\x22\xcbU\xa3\
L\x8d\xf1\x9b\xefr\xfbu\x22rn\x04{\xe7\x8b\xc8\
&\x87\xbd\x151\xf4\x065\xca\xd6Ky'@\x0fG\
\x03\xf7\x8fhk\x92\xc3\xd6j\x11\xe9\x12\xa3~\xddD\
\xa4\xd6awbD{}\x1c\x9e\xa9k9\xfb\xa0\xdc\
\x81\xa0\x8b\xd5}-\xb0*\x82\x9d\xde6\x88\x14\xc4\xdb\
\xc0p`k\x8c\xfam\xb266\xab\xf2\xb1@\xaf\x08\
\xf6jm\xac\xe1\xfd8\x0cF\xd4\x9a\xdbH\xe0\xf9\xea\
>j\xb8w<\xe1M.\x02|-f\xe7\x07Ip\
\x9d*k\x09\xdc\x1e\xd1\x9e\xfe\x8e\xe7\xe5\x99\x00:\xec\
\xfbB\xc4\x08\xdf5\xaal\x16\xf0b\x82\xf5\x5c\x08<\
\xa9\xca\xbe\xaa\xa2\x96\x8d\xb1\x15\xc4\xe0\xbc\x12\xa0\xa3\x0d\
\xff\x06\xf1r\x04;\x97b\xd4\xbbALL\xa1\xbe\xda\
f[\xcc\xf2tc\xa1\xbfc/\x8c$=w\x048\
]\xddo\xb7K\xa6\x8d\xc5\x05\x8ey~m\x0a\xf5]\
ic\x07\xf5=\xbb\x14\xecVc\x8af\x8e\xb6\xc8\x05\
\x01\xba\xab\xfb\xd7#\xda\xe9\x9f\xc0\xcfH\xa9X\xd0\xc0\
\xb3K\x85\xfe\xae=\xf2H\x80.\xea\xbe.\xa2\x9d\x9e\
\xea~M\x8au^\xdb\xc0\xb3K\xc5[\x0d\xb4E.\
\x08p\xa2\xc35F\x81\x16\x8f\xecH\xb1\xcez\x09\xf7\
\x84\x88v\xf4w\xed\x90G\x02\xe8\x1d\xbc{\xc8\x0fv\
7\xd0\x16\xb9 \x80\xde\xd7\x17uO\x9d^L\xe9\x94\
b\x9d\xb5\xed\x9d\x11\xed\xe8\xef\xda\x22\x8f\x04\xd0\x8d\xd0\
:\xa2\x9d\x0d\xea\xfe\xcc\x14\xeb\xdcW\xdd\xbf\x19\xd1\x8e\
\x9e\xb6\x1e\xcc#\x01v50&h\xcc\xf4,\x88a\
)\xd6Y\xdb^\x15\xd1\xce\x89\x0d\xb4E.\x08\xa0\xc3\
\xb4]#\xda\xd1\x91\xb5\x01\x8e75\x09\x0cpx\x97\
\xa8S\xce\x8f40\xb8\xcc\x05\x01\xf4T\xa8WD;\
\xf30\xe2\x8a &\xa4P\xdf\x1f9\x06\xad\x7f\x8ch\
\xabWBS\xe0\x8a&\xc0:\xc7\x9c\xfa\xb8\x08v\xf6\
`\xf6\x12\x04q\x0d\x85\x0bMq0\x02\x93{(\x88\
YDK<\xd1\x0a\x93\x81$\x88\xf5\xe5\xea\x84rK\
\xc2\xdeQs\xe0\xcf\x10m=\xe0TL\xf8\xb7e\xa0\
l3&\xc5\xcb\xa6\x98u<\x19\x93.\xae\x8b\x1a\xb4\
\x9d\xe1\x18\x80\x96\x82A\xc0\x12\xf5\xfb\x7fB\x1e=\x00\
\x98\xbc=(\x02D\xc1z\x0a5\x84]1\x09\x9c\xba\
\xc5\xec\xfc\xe7)\x8c\xd4M\x8e\xd8\xf9`\xb6\x8d\xd5\xd7\
\x06\xb9\x22\xc0bu\x7fQ\x0c[?w\x8c\xca\xfb\xd8\
\xb77\xca\xa2\xcd\x08\xfb\xb7z\xa1f9\xf0\xcb\x18\xf5\
\xd4\x02\x90\x17\xcb\xda\x03e\x96\x84\x0dT\x12\xa9C\x22\
\xd2!\xe6&\x8c\xadE\x04\x9d\xb3K\x94\x9b\x0d\x10\x91\
9Ell\x8e\xa9\xe7?\xc9\xb1Oap\x9ee\xe1\
\xcd\xecou\xd0\xc5\xde\x08<\x18\xc3f?\xeb\xfa;\
\x17\xf9\xff5\x98U\xbd\xb5\x81\xe9W';u\x1cV\
O i\x8b\xf5P\xabc\xd4m4&\xc9dp*\
\xdc\x0d\xb3}<\x97\x1e\x00\xbbA\x22\x88\xa5\x09m\xc7\
Z\x91\xe0\xc6\x90W\x13\xda\xc9\xa3\x15\xd0\xf7\x97\xbb\xfd\
\xb3\xb0;x\xa6\xba\x1f\x18c0x\x14ob\xa4V\
5\x98D\x91Qq\x10\xb3\xc3w\x08\xb01f\x9d.\
\xa4p\xd3\xc9\xcc\xb2\xb7~F\xb6\x86-Qo\xc6\xbc\
\x04m\xf7\x12\x91\x87l\xfa\xb6R\xb1[D\x1e\xb0\xb2\
\xf5\xa4\xea\xb1 \x05OW5)bFb\xb2z\xbe\
\xcfK\x8c\xdafu\x82\xcfh\x87\x91\xa1\x07\xb7\x87\x1f\
\x9d\x7f\xef\xb4^c\x95\x1d\x1f\xfc\x89\xe8\xd9E]\x18\
hg\x14A\x5c\x8e\xc9@^Vd\x85\x00\xcdm \
'8\xe5z\x1c#\xed\xae\x06<\x05\x5c\x19\xb8_\x0b\
\x9cE\x06\xce!\xc8J\x86\x90#\xc0$Uv5e\
\xd4\xca%\x883\x80+T\xd9]d\xe4\x10\x8a,\xa5\
\x88y\x8cp\x02\xa5c\x80[\xab\x80\x00\xb7\x11\xce\x0b\
\xf4\x16\xf0DV*\x97%\x02\x1c\xc4\xa4\x7f\x0f\xe2\xfa\
z\xe6\xf3\x95\x80\x8f\x02\xd7:\xc2\xc8\x87=\x01\xdcx\
\x88\xf0\xde\x806\xc0\xcd\x15L\x80\xb1\x84\x17\xa8\xb6\x03\
3\xb2T\xc1\xac\x11`\x0f\xe1$\x0a\x00\xdf%\x9ct\
\xb1Rp\x12p\x83*\xbb\x0fs\xec\x8c'@=\xb8\
\x8f\xb0\xc0\xe3x2\x96Z\xadD|\x9f\xf0\xde\xc1\xdd\
\xc0\xaf\xb3V\xc9,\x12\xe0\x1d\xe0aUv3e\x94\
NG@[K\x80 \x1e\x04\xde\xf5\x04(\x0dS\x08\
\x87p;\x03\xdf\xa8 \x02|\x9b\xb0\xd0\xe5\x00\xd1s\
\x1e\xe5\x92\x00oc$WA\x8c\xa3\xf8\x19AYB\
+;\xf8\x0b\xe2w\x98\xd5DO\x80F@\x07Kz\
`\xf2\xeff\x1d\xd7\x12V!\xb9\x82\x5c\x9e\x00%\xe0\
\x9f\x98|\xbbA\x8c'c\xc9\x96\x1d\xedy\x9b*{\
\x0as\x14\xad'@\x04\xe8\xa4\x0c}\x89\x96\x94\xa1\xa9\
p\x05\x85\x12\xb2\x1a2\xce\xd8,c)\xf0\x17U6\
!\xc3\xf5\x1d\xaf\xee\x9f\xc7h\x08=\x01b@\xbfA\
C\x80s3X\xcfa\xc0\xa7\x1b\xf0`\x9e\x00\x11\xf0\
\x9c\xe3-\x9aP\x01o\xff\x12\x87\xf7\xf2\x04H\xc8\x0b\
|\x9e\xe8\xe9Y\xd2\xc0@\x8c\xe4K\xcfb\xf0\x04H\
\x06\xae\x91\xf4\xf8\x0c\xbf\xfd\xff\xc0\x1cz\xe5\x09\x90\x10\
\x5cs\xe9\xab\x88\xbe\xa14I\xb8\x04\x1f\x93\xc8\x88\xe0\
\xa3Z\x08\x00FA\x1bL\xaf\x96\x15\xc1\x88\x16|\xb8\
\xa2\x98\x9e\x00\x09\xc0%\x18\xf9:\x85{\xed\x9b\x12.\
\xc1\xc7T\xe2I\xd1=\x01\xea\xc1\x03\x84W\xd4ZS\
\x98$\xba)\xa1\x05\x1f\xae\x95LO\x80\x04\xb1\x87\xc2\
5\xf5\x1b)\xcf\xf6j\x97\xe0\xe3~\x92\x95\x93{\x02\
8\xf0+\xc2\x82\x91\xf6\x98\xe3X\x9a\x1aZ\xf0\xb1\xd7\
\x12\x00O\x80t\xb1\x83B]\xdd\x0f(\xcc\xbc\x95&\
\x5c\x82\x0f\xadg\xf4\x04H\x11ZY\xdb\x09\xf8f\x13\
>_\x0b>\x0ebD,x\x024\x0d\xea(\xcc\x0b\
4\x8e\xa6I\xb8\xe8\x12|\xcc\x22~*\x1aO\x80F\
B\x0bF>F\xe1\xc1\x11i\xa0\xa2\x04\x1f\xd5L\x80\
Z`\xae*K[0\xe2\x12|<\x8d\x11\xafx\x02\
\x94\x01z\xb9\xb5\x0fpY\x8a\xcf\xab8\xc1G\xb5\x13\
\xe0\x15`\x91\xc3\x0b\xa4\x05m{!e\xce\xf2\x95w\
\x02\xb8\xde\xc0sH\xe7$.\x97\xe0\xa3\xa6\xd2\x1b\xaf\
\x1a\x08\xf0g`E\x13x\x01m\xf3U\xa2\x1fs\xe7\
\x09\x90\xc2\x8c \x88\x8b\x80O&h\xdf%\xf8\xa8\xa9\
\x86\x86\xab\x16\x02\xcc\xa10\xdf\xee\xf8\x14\xdf\xfeu\xc0\
\xef=\x01\xb2\x83\xf7\x80\xbbU\xd9H\xcc\x91\xb2qQ\
L\xf0q\xc4\x13 [\xf8-\xe1\xedW\xae9{\x14\
h\xc1\xc7&\xccV/<\x01\xb2\x85\x03\xc0\xbd\xaal\
\x14\xd1\x0f\xa2\x00\xb7\xe0\xe3\x1e\xcax\xc4\x8b'@\xfd\
\xf8\x0d\xe1\x83\x9cZ\x01?\x8caO\x0b>\xde%^\
\x1a[O\x80\x94\xb1\x9bp.^\x80\xef\x10\xed<\x22\
\x97\xe0c\x1aUv\xbc]\xb5\x11\x00\x8c`$\x98\x86\
\xa5\x1d\xf0\xbd\x08v\xb4\xe0c\x1f&{\x09\x9e\x00\xd9\
\xc6\xbf\x81GT\xd9\x18\x1aw\x1c\x8dK\xf01\x83t\
O%\xf5\x04H\x10Z0\xd2\x11\xf8V#\xfe^\x0b\
>\x0eY\x9bx\x02T\x066\x02\xb3U\xd985\xa0\
+\x06\x97\xe0\xe3\x09\xcax\xb2\x97'@4\xd4\x10\x16\
\x8c\x9cLi\xb9\x87\xb5\xe0C\xa8\x90}~\x9e\x00a\
\xac\x01\x9eUe:\xa8\xe3j\x0f\x1d<\x9a\x8b\x11\x9f\
x\x02T \xb4`\xe4\xe3\xc0\x17\xeb\xf9\xbcK\xf01\
\xb1\x9a\x1b(+\xe9\xe2\xd3\xc4b\xc2\x09%\x96\x02g\
\x17\xf9\xec2\xc2k\xfe\x8bHG[\xe0=@\x13\x8f\
\x05\x82\x18\x84\xfb\x18\xb9\xaa\x14|x\x0f`\xb0\x92p\
B\x89\x05\xc0p\xf5\x99\x05\x84\xd7\xfcW\x90\xac\xa6\xc0\
{\x802\xe2.\xc7\xdb\xfe\xa9\xc0}\xc5f\xf8\xf0\x04\
(\x0dOb\xce\x04\x0a\x22\x98gH\x0b>\xd6\x13>\
\xc3\xc8\x13\xa0\xc2\xe1\x12\x8c\x1c\x1d\xf1\xbb\x04\x1f\x93\xed\
\xdfT=\xf22\x06\x00\x93K`#\xe1SJ\x1f\xb1\
q\x81\xeb\x03e[0ii\x0fx\x0fP]8\x80\
Y)\x0c\xe2:\x0a\x05\x1f\xf7\xe6\xa5\xf3\xf3\xe6\x01\xc0\
\x1c>QG\xf1\x13Hv\x02\xa7`t\x05x\x0fP\
}\xf8/F5T\x0c\xd3\xf3\xd4\xf9y\xf4\x00`\x0e\
\x9f\xd8H\xe1\x09$\xfb\x81\xee\x18=\x01\xde\x03T/\
\xb6\x01\x8f:\xca\x1f\xcd[\xe7\xe7\xd5\x03`G\xf9o\
\xf0\xc1\x09$\x871{\x086\xe6\xad!\xf2\xe8\x01\x00\
6`\x82CG1;\x8f\x9d\x9fg\x0f\x00\xd0\x0fs\
Z\xb8\xd8\x7f\xaf\xf1\x04\xc8\x1f\x9e\xb5\x04\xb84\xaf\x0d\
\xd0\x82|cb\xce\xbf\x7f\xee=@\xee\xd1\xdc7\x81\
'\x80\x87'\x80\x87'\x80\x87'\x80\x87'\x80\x87'\
\x80G\x9e\xf0\x7f\x19C\x90\xe30a\xd1\x00\x00\x00\x00\
\x00IEND\xaeB`\x82\
\x00\x00\x11r\
\x89\
PNG\x0d\x0a\x1a\x0a\x00\x00\x00\x0dIHDR\x00\
\x00\x02\x00\x00\x00\x02\x00\x08\x06\x00\x00\x00\xf4x\xd4\xfa\
\x00\x00\x00\x09pHYs\x00\x00\x0e\xc3\x00\x00\x0e\xc3\
\x01\xc7o\xa8d\x00\x00\x00\x19tEXtSof\
tware\x00www.inksca\
pe.org\x9b\xee<\x1a\x00\x00\x10\xffID\
ATx\x9c\xed\xddM\xa8\xa6\xe7]\xc7\xf1\xffeB\
\x92&Z\x85\xb1\xd8\x86\x22UDSb\x0b]\xb9\xe8\
\xc4h\xab\x90\x86\x16Q\xbb\x14\xed\xc2\x95\xe2B\x0a\xba\
uY\xb0\x08v\xe5\xa6\xe0\xa6.D\x14\xccKSH\
\xaa\x98ZqS\x04\xdfk\xb5MH\x1b\x9d4\xa1\xd1\
.\xfa6\xf3wqf\x9a\x93\x999\xe7</\xf7}\
_\xf7}\xfd?\x9fm\xe1z\xaes\xa6\xcc\xef\xfb\xdc\
\xcf\x9c\x93\x08\x00\x00\x00\x00\x00\x00\x00\x00\x00\x00\x00\x00\
\x00\x00\x00\x00\x00\x00\x00\x00\x00\x00\x00\x00\x00\x00\x00\x00\
\x00\x00\x00\x00\x00\x00\x00\x00\x00\x00\x00\x00\x00\x00\x00\x00\
\x00\x00\x00\x00\x00\x00\x00\x00\x00\x00\x00\x00\x00\x00\x00\x00\
\x00\x00\x00\x00\x00\x00\x00\x00\x00\x00\x00\x00\x00\x00\x00\x00\
\x00\x00\x00\x00\x00\x00\x00\x00\x00\x00\x00\x00\x00\x00\x00\x00\
\x00\x00\x00\x00\x00\x00\x00\x00\x00\x00\x00\x00\x00\x00\x00\x00\
\x00\x00\x00\x00\x00\x00\x00\x00\x00\x00\x00\x00\x00\x00\x00\x00\
\x00\x00\x00\x00\x00\x00\x00\x00\x00\x00\x80\xd7\xb4\xde\x17\x00\
\x80*2\xf3\x9e\x88x_D<\x12\x11?\x1e\x11o\
\x8c\x88W#\xe2\xdf#\xe2\xa9\x88x\xaa\xb5\xf6\xcd~\
7\x04\x00&\x93\x99-3\x7f=3_\xc8\xf3=\x97\
\x99\xbf\xd6\xfb\xbe\x00\xc0\x912\xf3\x0d\x99\xf9'\x17\x0c\
\xff\xcd\xfe83\xef\xee}w\x00\xe0\x00\x99yof\
>\xbd\xe7\xf8\xdf\xf0g\x99\xe9\xa3z\x00\xd8\x92\xeb\xe3\
\xff\xcc\x81\xe3\x7f\xc3o\xf5\xfe:\x00\x80\x1d\x1d\xf9\xce\
\xff\xb4W2\xf3\x07z\x7f=\x00\xc0\x05r\x9aw\xfe\
\xa7\xfd\xc6\x1c\xf7\x9c\xf5\xb3\x85\xcc\xfc\xde\x88x(\x22\
\xde\x12\x11w\xce\xf9Z\x00\x13y%\x22^\x8c\x88\x7f\
j\xad\xbd\xda\xfb2lKf\xde\x1b\x11\x8fE\xc4{\
&<\xf6\x93\xad\xb5G'</\x22f\x1c\xe5\xcc\xfc\
\xd5\x88\xf8\xc3\x88\xf0\xe8\x02\xd8\xa2oe\xe6\xa7#\xe2\
\xa3\xad\xb5gz_\x86\xf5\xbb>\xfe\x7f\x19\xd3\x8e\x7f\
D\xc4\x83\x13\x9f\x17\x113=\x01\xc8\xcc\xf7\xc7\xc97\
\xc1\xbf^\x04F\xf0\x17\x11\xf1\xa1\xd6\xda\xff\xf6\xbe\x08\
\xeb4\xd3;\xff\x1b\xbe\xd1Z{\xc3\xd4\x87\xce\x15\x00\
\x9f\x8b\x88w\xcdq6@'\xff\x1a\x11\x0f\xb7\xd6^\
\xea}\x11\xd6\xe5\xd4;\xff\xf7\xce\xf4\x12WZk?\
4\xf5\xa1\xdf3\xf5\x81y\xf2k\x0e\x8d?0\x9a\xb7\
G\xc4\x9fg\xe6]\xbd/\xc2z\x9cz\xe7?\xd7\xf8\
GD<7\xc7\xa1\x93\x07@D\xdc7\xc3\x99\x00k\
p9\x22f\xf9\x17\xd9l\xcf\x8c\x9f\xf9\xdf\xec\xa99\
\x0e\x9d\xfc#\x80\xcc\xbc\x14\x11_\x9d\xfa\x5c\x80\x95x\
9\x22\xde\xdaZ\xfbF\xef\x8b\xd0\xcf\xcc\x9f\xf9\x9fv\
5\x22\xde\xd9Z\xfb\x97\xa9\x0f\x9e\xe3\x09\x00\xc0\xc8.\
E\xc4\xcf\xf5\xbe\x04\xfd,8\xfe\x11\x11\x9f\x98c\xfc\
#\x04\x00\xc0!~\xb6\xf7\x05\xe8c\xc1\xc7\xfe\x11\x11\
_\x8c\x88\x0f\xcfu\xb8_\xce\x03\xb0\xbf\xb7\xf6\xbe\x00\
\xcb[\xf8\x9d\xffK\x11\xf1\xfe\xd6\xdal\x1f\xa9{\x02\
\x00\xb0??\x09P\xcc\xc2\xef\xfc_\x8a\x88\xf7\xce\xf5\
\xe8\xff\x06\x01\x00\xb0\xbf\x17z_\x80\xe5,\xf0s\xfe\
\xa7\xdd\x18\xff\x7f\x9c\xfb\x85\x04\x00\xc0\xfe>\xd7\xfb\x02\
,c\xd4\xf1\x8f\x10\x00\x00\xfb\xfaND<\xde\xfb\x12\
\xcco\xe4\xf1\x8f\x10\x00\x00\xfb\xfa\xb8_\x07<\xbe\xd1\
\xc7?\xc2/\x02\x02\xd8\xc7Kq\xf2KY\xfe\xbb\xf7\
E\x98O\x85\xf1\x8f\xf0\x04\x00`W\xdf\x8a\x88\x0f\x1a\
\xff\xb1U\x19\xff\x08\x01\x00\xb0\x8b\x97#\xe2\x91\xd6\xda\
\xdf\xf4\xbe\x08\xf3\xa94\xfe\x11\x02\x00\xe0<\xdf\x8e\x88\
?\x8a\x88\x07[k\x7f\xd5\xfb2\xcc\xa7\xda\xf8Gl\
\xe37\x01>\x1f\x11\x9f\xef}\x09\xa0\x8cW#\xe2\xcb\
q\xf2\xa3~\x8f\xb7\xd6^\xee|\x1ffVq\xfc#\
\xb6\x11\x00\xefj\xad\xbd\xd2\xfb\x12\x00\x8c\xa7\xea\xf8G\
l\xe3#\x80\xaf\xf5\xbe\x00\x00\xe3\xa9<\xfe\x11\xdb\x08\
\x00\x00\x98T\xf5\xf1\x8f\x10\x00\x00\x14c\xfcO\x08\x00\
\x00\xca0\xfe\xaf\x11\x00\x00\x94`\xfc_O\x00\x000\
<\xe3\x7f+\x01\x00\xc0\xd0\x8c\xff\xed\x09\x00\x00\x86e\
\xfc\xcf&\x00\x00\x18\x92\xf1?\x9f\x00\x00`8\xc6\xff\
b\x02\x00\x80\xa1\x18\xff\xdd\x08\x00\x00\x86a\xfcw'\
\x00\x00\x18\x82\xf1\xdf\x8f\x00\x00`\xf3\x8c\xff\xfe\x04\x00\
\x00\x9bf\xfc\x0f#\x00\x00\xd8,\xe3\x7f8\x01\x00\xc0\
&\x19\xff\xe3\x08\x00\x006\xc7\xf8\x1fO\x00\x00\xb0)\
\xc6\x7f\x1a\x02\x00\x80\xcd0\xfe\xd3\x11\x00\x00l\x82\xf1\
\x9f\x96\x00\x00`\xf5\x8c\xff\xf4\x04\x00\x00\xabf\xfc\xe7\
!\x00\x00X-\xe3?\x1f\x01\x00\xc0*\x19\xffy\x09\
\x00\x00V\xc7\xf8\xcfO\x00\x00\xb0*\xc6\x7f\x19\x02\x00\
\x80\xd50\xfe\xcb\x11\x00\x00\xac\x82\xf1_\x96\x00\x00\xa0\
;\xe3\xbf<\x01\x00@W\xc6\xbf\x0f\x01\x00@7\xc6\
\xbf\x1f\x01\x00@\x17\xc6\xbf/\x01\x00\xc0\xe2\x8c\x7f\x7f\
\x02\x00\x80E\x19\xffu\x10\x00\x00,\xc6\xf8\xaf\x87\x00\
\x00`\x11\xc6\x7f]\x04\x00\x00\xb33\xfe\xeb#\x00\x00\
\x98\x95\xf1_'\x01\x00\xc0l\x8c\xffz\x09\x00\x00f\
a\xfc\xd7M\x00\x0009\xe3\xbf~\x02\x00\x80I\x19\
\xffm\x10\x00\x00L\xc6\xf8o\x87\x00\x00`\x12\xc6\x7f\
[\x04\x00\x00G3\xfe\xdb#\x00\x008\x8a\xf1\xdf&\
\x01\x00\xc0\xc1\x8c\xffv\x09\x00\x00\x0eb\xfc\xb7M\x00\
\x00\xb07\xe3\xbf}\x02\x00\x80\xbd\x18\xff1\x08\x00\x00\
vf\xfc\xc7!\x00\x00\xd8\x89\xf1\x1f\x8b\x00\x00\xe0B\
\xc6\x7f<\x02\x00\x80s\x19\xff1\x09\x00\x00\xced\xfc\
\xc7%\x00\x00\xb8-\xe3?6\x01\x00\xc0-\x8c\xff\xf8\
\x04\x00\x00\xafc\xfck\x10\x00\x00|\x97\xf1\xafC\x00\
\x00\x10\x11\xc6\xbf\x1a\x01\x00\x80\xf1/H\x00\x00\x14g\
\xfck\x12\x00\x00\x85\x19\xff\xba\x04\x00@Q\xc6\xbf6\
\x01\x00P\x90\xf1G\x00\x00\x14c\xfc\x89\x10\x00\x00\xa5\
\x18\x7fn\x10\x00\x00E\x18\x7fN\x13\x00\x00\x05\x18\x7f\
n&\x00\x00\x06g\xfc\xb9\x1d\x01\x0000\xe3\xcfY\
\x04\x00\xc0\xa0\x8c?\xe7\x11\x00\x00\x032\xfe\x5cD\x00\
\x00\x0c\xc6\xf8\xb3\x0b\x01\x000\x10\xe3\xcf\xae\x04\x00\xc0\
 \x8c?\xfb\x10\x00\x00\x030\xfe\xecK\x00\x00l\x9c\
\xf1\xe7\x10\x02\x00`\xc3\x8c?\x87\x12\x00\x00\x1be\xfc\
9\x86\x00\x00\xd8 \xe3\xcf\xb1\x04\x00\xc0\xc6\x18\x7f\xa6\
 \x00\x006\xc4\xf83\x15\x01\x00\xb0\x11\xc6\x9f)\x09\
\x00\x80\x0d0\xfeLM\x00\x00\xac\x9c\xf1g\x0e\x02\x00\
`\xc5\x8c?s\x11\x00\x00+e\xfc\x99\x93\x00\x00X\
!\xe3\xcf\xdc\x04\x00\xc0\xca\x18\x7f\x96 \x00\x00V\xc4\
\xf8\xb3\x14\x01\x00\xb0\x12\xc6\x9f%\x09\x00\x80\x150\xfe\
,M\x00\x00tf\xfc\xe9A\x00\x00td\xfc\xe9E\
\x00\x00tb\xfc\xe9I\x00\x00t`\xfc\xe9M\x00\x00\
,\xcc\xf8\xb3\x06\x02\x00`A\xc6\x9f\xb5\x10\x00\x00\x0b\
1\xfe\xac\x89\x00\x00X\x80\xf1gm\x04\x00\xc0\xcc\x8c\
?k$\x00\x00fd\xfcY+\x01\x000\x13\xe3\xcf\
\x9a\x09\x00\x80\x19\x18\x7f\xd6N\x00\x00L\xcc\xf8\xb3\x05\
\x02\x00`B\xc6\x9f\xad\x10\x00\x00\x131\xfel\x89\x00\
\x00\x98\x80\xf1gk\x04\x00\xc0\x91\x8c?[$\x00\x00\
\x8e`\xfc\xd9*\x01\x00p \xe3\xcf\x96\x09\x00\x80\x03\
\x18\x7f\xb6N\x00\x00\xec\xc9\xf83\x02\x01\x00\xb0\x07\xe3\
\xcf(\x04\x00\xc0\x8e\x8c?#\x11\x00\x00;0\xfe\x8c\
F\x00\x00\x5c\xc0\xf83\x22\x01\x00p\x0e\xe3\xcf\xa8\x04\
\x00\xc0\x19\x8c?#\x13\x00\x00\xb7a\xfc\x19\x9d\x00\x00\
\xb8\x89\xf1\xa7\x02\x01\x00p\x8a\xf1\xa7\x0a\x01\x00p\x9d\
\xf1\xa7\x12\x01\x00\x10\xc6\x9fz\x04\x00P\x9e\xf1\xa7\x22\
\x01\x00\x94f\xfc\xa9J\x00\x00e\x19\x7f*\x13\x00@\
I\xc6\x9f\xea\x04\x00P\x8e\xf1\x07\x01\x00\x14c\xfc\xe1\
\xc4\x9d\xbd/\xc0\xbc2\xf3m\x11q\x7f\x9c\xc4\xde\xff\
D\xc4\x7f\xb5\xd6\xaev\xbd\x14tr}\xfc\x1f\x8b\x88\
\xf7,\xf0r\xc6\x9fZ2\xf3RN\xcbS\x8a=e\
\xe6\x9b3\xf3\xa3\x99\xf9\xa5\xdb|?\xafd\xe6\xc73\
\xf3'z\xdf\x13\x96\x94\x99\xf7f\xe63\x13\xff\xfdt\
\x96+\x99\xf9\x8e\xde_3,*\x05@W\x99\xf9\x9b\
\x99\xf9\xf5\x1d\xbe\xaf\xdf\xce\xcc\xdf\xcf\xcc;z\xdf\x19\
\xe6\x96\xc6\x1f\xe6\x97\x02\xa0\x9b\xcc\xfc\xd8\x01\xdf\xdfO\
e\xe6}\xbd\xef\x0esI\xe3\x0f\xcbH\x01\xd0Ef\
~\xf8\x88\xef\xf1\xb3\x99\xf9}\xbd\xbf\x06\x98Z\x9e\x8c\
\xff\xd3\x93\xfcMt1\xe3Om)\x00\x16\x97\x99?\
\x92\x99\xdf<\xf2\xfb,\x02\x18J\x1a\x7f8\x97q\x1d\
\xc3\xefE\xc4]G\x9eq9\x22\x1eK\x1f\x070\x80\
|\xed_\xfb\xfbQ?8\x83\x00\xd8\xb8\xcc\xbc;\x22\
~q\xa2\xe3\x1e\x8e\x88\xa7<\x09`\xcb\xf2\xb5\x9f\xf3\
\xf7\xa3~p\x0e\x01\xb0}?\x15\x11S\x0e\xb6'\x01\
l\x96w\xfe\xb0;\x01\xb0}?<\xc3\x99\x9e\x04\xb0\
9\xde\xf9\xc3~\x04\xc0\xf6\xdd3\xd3\xb9\x9e\x04\xb0\x19\
\xde\xf9\xc3\xfe\x04\xc0\xf6]\x99\xf1lO\x02X=\xef\
\xfc\xe10\x02`\xfb\xfea\xe6\xf3=\x09`\xb5\xbc\xf3\
\x87\xc3\x09\x80\x8dk\xad=\x1f\xf3G\xc0\xc3\x11\xf1\x84\
\x08`M\xd2\x7f\xd8\x07\x8e\x22\x00\xc6\xf0\x07\x0b\xbc\x86\
\x8f\x03X\x0d\x8f\xfd\xe1x\x02`\x0c\x9f\x88\x88\xbf_\
\xe0u|\x1c@w\x1e\xfb\xc34\x04\xc0\x00Zk\xd7\
\x22\xe2\x97#\xe2+\x0b\xbc\x9c\x8f\x03\xe8\xc6c\x7f\x98\
\x8e\x00\x18Dk\xed\xcbq\xf2\x8e\xe8\xc5\x05^\xce\xc7\
\x01,\xcec\x7f\x98\x96\x00\x18Hk\xed\xdf\xe2\xe4/\
\xc7%\x22\xe0rD<)\x02X\xc2\xa9\xf1\xf7\xd8\x1f\
&\x22\x00\x06#\x02\x18\x8d\xf1\x87y\x08\x80\x01\x89\x00\
Fa\xfca>\x02`P\x22\x80\xad3\xfe0/\x01\
00\x11\xc0V\x19\x7f\x98\x9f\x00\x18\x9c\x08`k\x8c\
?,C\x00\x14 \x02\xd8\x0a\xe3\x0f\xcb\x11\x00E\x88\
\x00\xd6\xce\xf8\xc3\xb2\x04@!\x22\x80\xb52\xfe\xb0<\
\x01P\x8c\x08`m\x8c?\xf4!\x00\x0a\x12\x01\xac\x85\
\xf1\x87~\x04@Q\x22\x80\xde\x8c?\xf4%\x00\x0a\x13\
\x01\xf4b\xfc\xa1?\x01P\x9c\x08`i\xc6\x1f\xd6A\
\x00 \x02X\x8c\xf1\x87\xf5\x10\x00D\x84\x08`~\xc6\
\x1f\xd6E\x00\xf0]\x22\x80\xb9\x18\x7fX\x1f\x01\xc0\xeb\
\x88\x00\xa6f\xfca\x9d\x04\x00\xb7\x10\x01L\xc5\xf8\xc3\
z\x09\x00nK\x04p,\xe3\x0f\xeb&\x008\x93\x08\
\xe0P\xc6\x1f\xd6O\x00p.\x11\xc0\xbe\x8c?l\x83\
\x00\xe0B\x22\x80]\x19\x7f\xd8\x0e\x01\xc0ND\x00\x17\
1\xfe\xb0-\x02\x80\x9d\x89\x00\xceb\xfca{\x04\x00\
{\x11\x01\xdc\xcc\xf8\xc36\x09\x00\xf6&\x02\xb8\xc1\xf8\
\xc3v\x09\x00\x0e\x22\x020\xfe\xb0m\x02\x80\x83\x89\x80\
\xba\x8c?l\x9f\x00\xe0(\x22\xa0\x1e\xe3\x0fc\x10\x00\
\x1cM\x04\xd4a\xfca\x1c\x02\x80I\x88\x80\xf1\x19\x7f\
\x18\x8b\x00`2\x22`\x5c\xc6\x1f\xc6#\x00\x98\x94\x08\
\x18\x8f\xf1\x871\x09\x00&'\x02\xc6a\xfca\x5c\x02\
\x80Y\x88\x80\xed3\xfe06\x01\xc0lD\xc0v\x19\
\x7f\x18\x9f\x00`V\x22`{\x8c?\xd4 \x00\x98\x9d\
\x08\xd8\x0e\xe3\x0fu\x08\x00\x16!\x02\xd6\xcf\xf8C-\
\x02\x80\xc5\x88\x80\xf52\xfeP\x8f\x00`Q\x22`}\
\x8c?\xd4$\x00X\x9c\x08X\x0f\xe3\x0fu\x09\x00\xba\
\x10\x01\xfd\x19\x7f\xa8M\x00\xd0\x8d\x08\xe8\xc7\xf8\x03\x02\
\x80\xaeD\xc0\xf2\x8c?\x10!\x00X\x01\x11\xb0\x1c\xe3\
\x0f\xdc \x00X\x05\x110?\xe3\x0f\x9c&\x00X\x0d\
\x110\x1f\xe3\x0f\xdcL\x00\xb0*\x22`z\xc6\x1f\xb8\
\x1d\x01\xc0\xea\x88\x80\xe9\x18\x7f\xe0,\x02\x80U\x12\x01\
\xc73\xfe\xc0y\x04\x00\xab%\x02\x0eg\xfc\x81\x8b\x08\
\x00VM\x04\xec\xcf\xf8\x03\xbb\x10\x00\xac\x9e\x08\xd8\x9d\
\xf1\x07v%\x00\xd8\x04\x11p1\xe3\x0f\xecC\x00\xb0\
\x19\x22\xe0l\xc6\x1f\xd8W\x9b\xfa\xc0\xcc\xbc\x14\x11_\
\x9d\xf0\xc8;Zk\xd7&<\x8f\x8d\xcb\xcc\x07\x22\xe2\
\xd3\x11\xf1\x96\x05^\xee3\x11\xf1hk\xed\xff\x16x\
\xad\x83\x18\xff\xda2\xf3\xc1\x88x4\x22\xde\x1e\x11o\
\x8a\x88\xafE\xc4\xf3\x11\xf1\xa9\x88\xf8\xdb\xd6\xda\xd5\x8e\
\xd7\xa3\x92\xcc\xbc\x94\xd3\xf2\x94\x82[d\xe6\x03\x99\xf9\
\x95\x89\xff\xbfv\x96gs\xa5O\x022\xf3\xde\xcc|\
z\xa1\xef\xc3\x95\xcc|G\xef\xaf\x99\x13\x99y93\
?s\xc1\x9f\xd9\x173\xf3W2s\xf27{p\x8b\
\x14\x00,$\x8bG@\x1a\xff\x922\xb3e\xe6\xeff\
\xe6\xd5=\xfe\xfc\x1e\xcb\xcc7\xf6\xbe;\x83K\x01\xc0\
\x82\xb2h\x04\xa4\xf1/+3?r\xe0\x9f\xe3_g\
\xe6]\xbd\xef\xcf\xc0R\x00\xb0\xb0,\x16\x01i\xfc\xcb\
\xca\xcc\x0f\x1e\xf9\xe7\xf9\xb1\xde_\x03\x03K\x01@\x07\
Y$\x02\xd2\xf8\x97\x95\x99we\xe6\x7f\x1e\xf9g\xfa\
\x9d\xcc\xfc\xc9\xde_\x0b\xeb`\x5c\x19B\x85\x1f\x11L\
\xff\xda\xbf\xba_\x8a\x88\x1f=\xf2\x8c;\x22\xe2\xb7'\
\xb8\x0b\x03\x10\x00\x0cc\xe4\x080\xfeD\xc4/Lt\
\xce\x072\xf3\x8e\x89\xceb\xc3\x04\x00C\x191\x02\x8c\
?\xd7M\xf5q\xcc\x9b\x22\xe2\xfe\x89\xceb\xc3\x04\x00\
\xc3\x19)\x02\x8c?\xa7\xbcy\xc2\xb3\x04\x00\x02\x801\
\x8d\x10\x01\xc6\x9f\x9b\xdc=\xe1Y\xf7Lx\x16\x1b%\
\x00\x18\xd6\x96#\xc0\xf8\x03s\x13\x00\x0cm\x8b\x11`\
\xfc\x81%\x08\x00\x86\xb7\xa5\x080\xfe\xc0R\x04\x00%\
l!\x02\x8c?\xb0$\x01@\x19k\x8e\x00\xe3\x0f,\
M\x00P\xca\x1a#\xc0\xf8\x03=\x08\x00\xcaYS\x04\
\x18\x7f\xa0\x17\x01@Ik\x88\x00\xe3\x0f\xf4$\x00(\
\xabg\x04\x18\x7f\xa07\x01@i\xd7#\xe0\xe7#\xe2\
\xca\x02/w9\x22\x9e\xc8\xccG\x22\xe2\x890\xfe@\
G\x02\x80\xf2Zk\xff\x1c\x11\x0f\xc72O\x02\x1e\x8a\
\x88OF\xc4\xcf,\xf0Z\xc6\x1f8\x93\x00\x80X\xfc\
\xe3\x80%\x18\x7f\xe0\x5c\x02\x00\xae\x1b(\x02\x8c?p\
!\x01\x00\xa7\x0c\x10\x01\xc6\x1f\xd8\x89\x00\x80\x9bl8\
\x02\x8c?\xb03\x01\x00\xb7\xb1\xc1\x080\xfe\xc0^\x04\
\x00\x9caC\x11`\xfc\x81\xbd\x09\x008\xc7\x06\x22\xc0\
\xf8\x03\x07\x11\x00p\x81\x15G\x80\xf1\x07\x0e&\x00`\
\x07+\x8c\x00\xe3\x0f\x1cE\x00\xc0\x8eV\x14\x01\xc6\x1f\
8\x9a\x00\x80=\xac \x02\x8c?0\x09\x01\x00{\xea\
\x18\x01\xc6\x1f\x98\x8c\x00\x80\x03t\x88\x00\xe3\x0fLJ\
\x00\xc0\x81\x16\x8c\x00\xe3\x0fLN\x00\xc0\x11\x16\x88\x00\
\xe3\x0f\xccB\x00\xc0\x91f\x8c\x00\xe3\x0f\xccF\x00\xc0\
\x04f\x88\x00\xe3\x0f\xccJ\x00\xc0D&\x8c\x00\xe3\x0f\
\xccN\x00\xc0\x84&\x88\x00\xe3\x0f,B\x00\xc0\xc4\x8e\
\x88\x00\xe3\x0f,F\x00\xc0\x0c\x0e\x88\x00\xe3\x0f,J\
\x00\xc0L\xf6\x88\x00\xe3\x0f,N\x00\xc0\x8cv\x88\x00\
\xe3\x0ft!\x00`f\xd7#\xe0\xa7#\xe2\xb37\xfd\
O\x7f\x17\x11\xef6\xfe@\x0fw\xf6\xbe\x00T\xd0Z\
\xfbBD\xbc;3\x7f,\x22\xde\x16\x11\xcf\xb5\xd6\xfe\
\xa3\xef\xad\x80\xca\x04\x00,\xe8z\x08|\xa1\xf7=\x00\
|\x04\x00\x00\x05\x09\x00\x00(H\x00\x00@A\x02\x00\
\x00\x0a\x12\x00\x00P\x90\x00\x00\x80\x82\x04\x00\x00\x14$\
\x00\x00\xa0 \x01\x00\x00\x05\x09\x00\x00(H\x00\x00@\
A\x02\x00\x00\x0a\x12\x00\x00P\x90\x00\x00\x80\x82\x04\x00\
\x00\x14$\x00\x00\xa0 \x01\x00\x00\x05\x09\x00\x00(H\
\x00\x00@A\x02\x00\x00\x0a\x12\x00\x00P\x90\x00\x00\x80\
\x82\x04\x00\x00\x14$\x00\x00\xa0 \x01\x00\x00\x05\x09\x00\
\x00(H\x00\x00@A\x02\x00\x00\x0a\x12\x00\x00P\x90\
\x00\x00\x80\x82\x04\x00\x00\x14$\x00\x00\xa0 \x01\x00\x00\
\x05\x09\x00\x00(H\x00\x00@A\x02\x00\x00\x0a\x12\x00\
\x00P\x90\x00\x00\x80\x82\x04\x00\x00\x14$\x00\x00\xa0 \
\x01\x00\x00\x05\x09\x00\x00(H\x00\x00@A\x02\x00\x00\
\x0a\x12\x00\x00P\x90\x00\x00\x80\x82\x04\x00\x00\x14$\x00\
\x00\xa0 \x01\x00\x00\x05\x09\x00\x00(H\x00\x00@A\
\x02\x00\x00\x0a\x12\x00\x00P\x90\x00\x00\x80\x82\x04\x00\x00\
\x14$\x00\x00\xa0 \x01\x00\x00\x05\x09\x00\x00(H\x00\
\x00@A\x02\x00\x00\x0a\x12\x00\x00P\x90\x00\x00\x80\x82\
\x04\x00\x00\x14$\x00\x00\xa0 \x01\x00\x00\x05\x09\x00\x00\
(H\x00\x00@A\x02\x00\x00\x0a\x12\x00\x00P\x90\x00\
\x00\x80\x82\x04\x00\x00\x14$\x00\x00\xa0 \x01\x00\x00\x05\
\xdd\xd9\xfb\x02;x_f~\xb6\xf7%\x00:zg\
D\xdc\xd7\xfb\x12\x8ce\x0b\x01\xf0x\xef\x0b\x00\xc0h\
|\x04\x00\x00\x05\x09\x00\x00(H\x00\x00@A\x02\x00\
\x00\x0a\x12\x00\x00P\x90\x00\x00\x80\x82\x04\x00\x00\x14$\
\x00\x00\xa0 \x01\x00\x00\x05\x09\x00\x00(H\x00\x00@\
A\x02\x00\x00\x0a\x12\x00\x00P\xd0\x1c\x01pm\x863\
\x01\x98\xce\xd5\xde\x17\xa0\xbf9\x02\xe0\xd5\x88\xf8\xfa\x0c\
\xe7\x02p\xbck\x11\xf1\xf9\xde\x97\xa0\xbf\xc9\x03\xa0\xb5\
v-\x22\xfet\xeas\x01\x98\xc4\x93\xad\xb5+\xbd/\
A\x7fm\x8eC3\xf3\x07#\xe2\xd9\x88x`\x8e\xf3\
\x018\xc8\x97\x22\xe2\xa1\xd6\xda\x0b\xbd/B\x7f\xb3\x04\
@DDf~\x7fD\xfcND| \x22\xee\x0f\xff\
\xe0\x10\xa0\x87\x8c\x88\x17#\xe2\xc9\x88\xf8Hk\xed\x95\
\xce\xf7\x01\x00\x00\x00\x00\x00\x00\x00\x00\x00\x00\x00\x00\x00\
\x00\x00\x00\x00\x00\x00\x00\x00\x00\x00\x00\x00\x00\x00\x00\x00\
\x00\x00\x00\x00\x00\x00\x00\x00\x00\x00\x00\x00\x00\x00\x00\x00\
\x00\x00\x00\x00\x00\x00\x00\x00\x00\x00\x00\x00\x00\x00\x00\x00\
\x00\x00\x00\x00\x00\x00\x00\x00\x00\x00\x00\x00\x00\x00\x00\x00\
\x00\x00\x00\x00\x00\x00\x00\x00\x00\x00\x00\x00\x00\x00\x00\x00\
\x00\x00\x00\x00\x00\x00\x00\x00\x00\x00\x00\x00\x00\x00\x00\x00\
\x00\x00\x00\x00\x00\x00\x00\x00\x00\x00\x00\x00\x00\x00\x00\x00\
\x00\x00\x00\x00\x00\x00\x00\x00\x00`\x85\xfe\x1f\xa3U&\
\xa7\xd6\xbdi\x06\x00\x00\x00\x00IEND\xaeB`\
\x82\
\x00\x00\x06\xe3\
\x89\
PNG\x0d\x0a\x1a\x0a\x00\x00\x00\x0dIHDR\x00\
\x00\x00\x80\x00\x00\x00\x80\x08\x06\x00\x00\x00\xc3>a\xcb\
\x00\x00\x06\xaaIDATx\x9c\xed\x9dM\x8b\x1cU\
\x14\x86\x9f\xae\x9e\xcc\x98\x19%\xc1\x0f0A1[\x09\
.D\x82\x08Q\x04q\x9b,\x5c\xe8BA\xdc\xa8\xc4\
\x9f\xe0\xc2\x9d?\xc0\x85\x0b\xddJ6\xae\x05\x05\x89 \
\x08\xeeU\x04?\xc0M\xe2BI0\x99\x9e\xcctO\
\xb7\x8b\xd3\xa7\xeb\xa3oU\xf5$=\xd3u\xef\xbc\x0f\
$S\xe9\xa9\x99\x5c\xea\xbe\xf7\x9cs\xcf[\xd5\x0dB\
\x08!\x84\x10B\x08!\x84\x10B\x08!\x84\x10\x22Y\
z\x0b\xbev\xd4LV=\x80\xe3HF7&\xdf\xe9\
\xdax\x92$t\x81\xd7\x81>\xab]\x85{\xc0xz\
\xdc[\xf1X\x92\xa6G~\x81/\x00\x17\x813\xc0&\
6\x01\xabX\x81c\xe0_\xe0w\xe0+\xe0\x16\x12\xc1\
\xa1\xe1\x13\xfc:p\x09\xbb\xf8CV\x7f\xb1\xfbX$\
\xba\x01|\x8a\x89!#\x8f\x0abI\xf4\x80\xe7\x81+\
\xc0]l\xe2\xbb\x92w\xc7\xc0I,\x02|\x0c\xfc\x8d\
\x22\xc1\xd2\xc9\x80\x97\xb1\x8b=!/\xbc\xba\xf0\xa7\x0f\
\xec\x00\xa7\x81\x0f\x80\x87\xe8\x96@\x93 \x03\xce\x02\xa3\
\xe9q\xd7p\x11\x9c\x03\xde\x05NL_\x97\x08\x96D\
\x06l\xd1\xed\xb0\xda\x07\xee\x00\xcf\x02o\xa1(\xb0T\
2\xba=\xf9\x8e\x8b\xe0\x15\xe02\x96\xb2\xba\x18\xb1\xa2\
#\xa6\x8b\x98\x01\xdb\xc0k\xc0\x8bH\x04K!\xc6\x0b\
\xb8\x07\xbc\x0d\x9cG\x22\xb8ob\xbbx=\xf2\x06\xd5\
{\xc0\x13\xac\xaea\x95\x04\xb1\x09\x00l\xb2\x87\xd8\xb6\
\xf0\x0ap\x0a\x15\x86\xf7L\x8c\x02\x00\x1b\xf7]\xe0I\
\xe0}`c\xfa\xbaDp@b\x15\x00\xe4;\x83g\
\xb0\x9a\xc0\xa3\x80Dp\x00\xd6V=\x80\xfb\xc4E\xf0\
\x12f }I\xdc\xa2^&\x0bm\xefc\x17\x00\xe4\
\xdb\xc3\xcb\x98\x08\xae\xadv8\x9d\xc2#b\xad\x89\x96\
\x82\x00\x9c]\xe0M\xe0?\xe0gd\x1c\xed\x93;\xbb\
\xb5\xd7\xa2\x07|v\x84\x83:L\xdc\xcc\x9a\x00\x83\x15\
\x8f\xa5\x0b\x0c\x80\xeb\xc0\xb7\xc0/\xd4\x88 %\x01@\
\xae\xf6\xfe\xaa\x07\xd2\x01zX\x84\x9f\x00_\x00_\x13\
\xb8\xa7\x22\xa5\x14\x00\xf9\x0e`\xb4\xd2Qt\x87]l\
\x8e\xdf\x00\xfe\xc0n\xac)\xd5\x05\xa9\x09\xc0\xd1V\xd0\
\xe8c\x8ba\x03x\x15\xf8\x07\xdb5\xcd\x16H\xaa\x02\
\x109}\xaci\xf6\x1c\xe6\x9f\xdc\x04\xbe\x07\xbe\x81\xc5\
\x050\xe1xW\xd4\xa9\xb0\x81uO\xdf\x01\x9e\x02>\
_T\x00\x1b\xd8\xdd8\xb1\x8a \xd6q;\xcb\x1a\xff\
>V\x17\xecb\xcd\xb3?\xdb\x040\xc1B\xc8\xaf\xc0\
_\xd4W\xd7\x8b\xe6\xdc\xba\xf3\x0e\xfaz\xd7\xff\xdf{\
\xfd\xfea\x8eg\x0c<\x86\xad\xfc!&\x86\x17\x9a\x04\
\xe0\x93\xbf\x0d|\x82\x15\x0f\x22nN\x02\x1faB\x18\
\x02\x8f\xb7E\x80>p\x1b+\x22\x8e\xb2\xc7\x1e{\xc8\
\xee*{\xd8\x0e\xc0#\xc6\xa4M\x00=\xac\xa34F\
\x0fe\xc4\x8cw\x01\xd7\xb1\xfb(\xf6\x99.\xee\xa6U\
\xed\xad\xd5m4\xf9\xa9\xf0\x00yw\xb0\x07l\xb7\x85\
u\x8f\x00~,\xe2\xe6A\xf2B\xbeU\x003\x95\x14\
~@\xc4\x89\xcf\xdd\x16&\x80\xf1\xf4\xeb\x9d\xb6\x08\xe0\
)\xa0\xf8KD\xbclr\x80\x14\xe0\x85\x83\xac\xd5t\
\xd8\xa2\xfc0Pk\x0d0\x22\x8f\x00\xda\x9a\xc5K1\
\x05\xf8\xceo\x9f\x16\x01d~\xd2!\x0eL\x1c-\x9b\
\xe4vp\xab\x00\xc0\x22\x80R@\xfcx\xf4\xde\x22\x7f\
\x90fDK\x11\xe8\xfdc\xa5\x80\xf8)\x0a\xc0\x0b\xc0\
\xc6\x08\xe0'\x15k\x00\x11/.\x80Ml\xe2]\x00\
\xad\x11`\x88\xf9\x00\x22~\x8a\xef\x05\xe1\xf5\xdd\xa0M\
\x00\x83\xe9\x89\xa0\x14\x10+\xbe\x03\xe8SN\x01;\xc0\
\xb0m\x17\xb0\x8dn\xb0L\x855\xf2\x14\xe06\xff\xa8\
\xa9\x06p\x01h\xe5\xa7A\xb5\x0b8\x00\xc6\x8b\xa4\x00\
?\x16q\xe3>@\xc9\xe3i\xdb\x05\xc8\x07\x88\x1f\x9f\
\xbbMr\x01\xcc<\x9eEj\x80\xe2/\x11\xf1\xe2m\
`w\x02\x07P/\x00\x19A\xe9\xe1)\x00ln[\
#\x80\x8c\xa04\xa8\xa6\x00\x98\xf6\x00\xa0^\x002\x82\
\xd2c\x8b\x5c\x0c\xb3\xb9m\x8b\x00J\x01\xf1Sl\x03\
\x17\x8d\xa0\xd6\x1a@FP\x1aT\x8d\xa0Y\x1b\x18\xc2\
\x02\x90\x11\x94\x16E\x01\x94\x8c h\x8e\x002\x82\xd2\
!\xc3R@qq\xef\xf87B\xc8\x08J\x83\xaa\x11\
\xe45\xc0\x0e\xb6\xc0\x1bw\x012\x82\xd2\xc1\x8d o\
\x02m3]\xdcu5\x80\x8c\xa0\xb4(\x1aA\xa5\xa7\
\xbd\xdaR\x80\x1f\x8b\xb8\xa9\x1aA\xb3\xb9m\xda\x05\xc8\
\x07\x88\x9fj\x17\xd0\xdf^\x7f\xb6\xbbk\xab\x01\x8a\xbf\
D\xc4\x8b\x1bA%'\x10\xc8B\x02\xf0&\x90\xba\x80\
\xe9P4\x82\xa00\xb7u\x11\xa0\xe8\x03\xa8\x10\x8c\x97\
\x90\x11T2\xf9B\x02\x90\x11\x94\x1eA#\x08\xea#\
\x80\x8c\xa04\x08\x19A3\x1f\x00\xc2\x02\x90\x11\x94\x0e\
!#\xa81\x05\xc8\x08J\x8b:#\xa81\x05\xc8\x08\
J\x8b\x90\x11\xd4\x9a\x02d\x04\xc5O\x9d\x11t\x97\xa9\
\x11\x04a\x01\xc8\x08J\x8b\xaa\x11t\x87\xc2\xe2\x0e\xd5\
\x002\x82\xd2\xa2\xd6\x08\x82\xfa\x14\xa06p:\xd4\x1a\
A0/\x00W\x89\x9c\xc0\xf8i5\x82@\x11\xe08\
P5\x82|qg\xb3\xbf\x0a\xc8\x08J\x8f\xe0\x13A\
N(\x02\xc8\x08J\x83\xba'\x82Js[\x15@\xe9\
\x9eq\x91\x04U#\xa84\xb7\xa1\x080B\x1f\x0e\x91\
\x02uO\x045\xa6\x80j\x0d\xa0\x14\x10/!#h\
\xce\xe4\xcb*? #(\x1dBF\xd0B\x11@F\
P:T\x8d\xa0\xd6\x1a@FP\x1a\xd4\x19A\x03*\
\x1eOh\x17 #(\x1dj\x9f\x08\xa2\xa6\x06\x90\x11\
\x94\x16\x8dF\x10\x84S\x80\xda\xc0\xe9\xd0h\x04A8\
\x05\xc8\x08\x8a\x9f\x85\x8c \x08o\x03\x15\x01\xd2\xa1\xf6\
\x89 \xaa\x07S\x8a\x8d\x02\x11?U#h\xae\xc5\x9f\
U\x8e\x8b\xfbD\x15\x82\xf1\xb2\x90\x11\x04e\x01\xcc\xdd\
2,\xa2\xa7\xf6\x89 \xa7\x9a\x02\xd4\x06N\x83\xc6\xb7\
\x86+R\x8d\x002\x82\xd2\xa0\xce\x08\x9a\x9b\xdb\xac\xf0\
\x82\x8c\xa0t\xa83\x82\xe6l\xfej\x0a\x18\x02\xbb\x87\
:4qT\xf4ix\x22\xc8\xc9(\x1b\x07\xb7\xc9\x9d\
@\xa5\x80\xb8\x99\x90\x0b \xc3\xde\x1an\xce\xe3Y\xc3\
B\xbe\x17\x0b'\x81\xd3\xc0-\xd4\x08\x8a\x15\x7f\xab\xff\
\xb3\xc0)l\xd2\xd7\x81\x9b\xe4\x02\x98-\xee5\xe0:\
\xf04\x16\xfa\x1f\x06>\x9c\x9e\x5c\xfc\x90a\x11\x1f\x8f\
\x02\x1b\xc0\x1e\xb6\xc0oP.\x08\x01\x13\xc0w\xc0y\
L9{X\x04x\xe4H\x87*\x0e\x83\x11V\xd3\x9d\
\xc0\x16\xf7\x0f\xa1\x93\xd6\x80\x1f\x81s\xc0%L\x19C\
t?@\x0a\x14?(\xf2*\xf0\x1b\xf9V\x7f\x86\x7f\
\x92\xf4\x04\xb8\x00\x5c\x04\xcePn \x88\xb8\xf00\x7f\
\x1bK\xef\xd7\x80\x9f\xc8\xe7\xb9Dh\x82\xd7\xc9=d\
\x11'\xbe\xed\x1b\x16\xfe\xdd:\x9f\xc5-\xa1H\x83\x1e\
\xcd\x9f\x0a\x13\x9cp\x89 \x0d\x14\xc1\x85\x10B\x08!\
\x84\x10B\x08!\x84\x10B\x08!\x8e;\xff\x03i\x93\
\xf2,\x16\x871\x05\x00\x00\x00\x00IEND\xaeB\
`\x82\
\x00\x00\x0a\xf6\
\x89\
PNG\x0d\x0a\x1a\x0a\x00\x00\x00\x0dIHDR\x00\
\x00\x01\x00\x00\x00\x01\x00\x08\x06\x00\x00\x00\x5cr\xa8f\
\x00\x00\x00\x04sBIT\x08\x08\x08\x08|\x08d\x88\
\x00\x00\x00\x09pHYs\x00\x00\x0b\x13\x00\x00\x0b\x13\
\x01\x00\x9a\x9c\x18\x00\x00\x0a\x98IDATx\x9c\xed\
\xdd]\x8c\x5ce\x1d\x80\xf1g\x97~lk\xd1D\xaa\
\xad\x14\x8c\x02\x11A\x82$\x0a%(vEA\x11\x15\
\x02\xebGR\x14.PA\x8cD\xd1p\xc1\x85\x1a\x83\
b\xaa\x89&JD\x0d\x10D\x89\x16\x0d16\x22\x1f\
B\x14KHL\xf0\x93\x8fTl \xa5i\xa1\x85-\
t\xa1\xa5\x85\xf5\xe2\xdd\xa5t\xd9\x9dyg\xe6\xcc\xbc\
s\xe6\xff\xfc\x92s\xd1v\xf6\xcc\x7f\xd3=\xcf\xce\x99\
y\xe7\xcc\x10\xf5\xb5\x0d8\xa8\xf4\x10\x12\xb0\x15X^\
z\x88v\x0c\x97\x1e@R9\x06@\x0a\xcc\x00H\x81\
\x19\x00)0\x03 \x05f\x00\xa4\xc0\x0c\x80\x14\x98\x01\
\x90\x023\x00R`\xf3J\x0f\xd0\x03\xdf\x03n.=\
\x84ji\x0c\xb8\xa4\xf4\x10\x9a\xdd6`2c;\xab\
\xd4\x80\xaa\xbd1\xf2~\xc6\xb6\x94\x1a\xb0S\x9e\x02H\
\x81\x19\x00)0\x03 \x05f\x00\xa4\xc0\x0c\x80\x14\x98\
\x01\x90\x023\x00R`\x06@\x0a\xcc\x00H\x81\x19\x00\
)0\x03 \x05f\x00\xa4\xc0\x0c\x80\x14\x98\x01\x90\x02\
3\x00R`\x06@\x0a\xcc\x00H\x81\x19\x00)0\x03\
 \x05f\x00\xa4\xc0\x0c\x80\x14\x98\x01\x90\x023\x00R\
`\x06@\x0a\xcc\x00H\x81\x19\x00)0\x03 \x05f\
\x00\xa4\xc0\x0c\x80\x14\x98\x01\x90\x023\x00R`\x06@\
\x0a\xcc\x00H\x81\x19\x00)0\x03 \x05f\x00\xa4\xc0\
\x0c\x80\x14\x98\x01\x90\x023\x00R`\x06@\x0a\xcc\x00\
H\x81\x19\x00)0\x03 \x05f\x00\xa4\xc0\x0c\x80\x14\
\x98\x01\x90\x023\x00R`\x06@\x0a\xcc\x00H\x81\x19\
\x00)0\x03 \x05f\x00\xa4\xc0\x0c\x80\x14\x98\x01\x90\
\x023\x00R`\x06@\x0a\xcc\x00H\x81\x19\x00)0\
\x03 \x056\xaf\x8d\xafY\x00\x1c\x09\xac\x00\x96T;\
N\xcbs\xe48\x89\xf6\xbeO\xe9\xc4\xcc\xdb\x8d\x00c\
\xdd\x1c\xa4\x89\x9d\xc0&\xe0!`O+_8\x94y\
\xbb\xe9op5\xf0^`a+w\x22\xa9'v\x01\
\x7f\x02~\x01\xfc\x06\xd8\xdd\xe9\x0e\x0f\x00.\x026\x03\
\x93nnn\xb5\xd96\x01\x9f\xa5\xc9i~\xa3G\x00\
G\x007\x00+\x1b\xed@R_[\x0f\x9c\x0bl\x9c\
\xed\x1f\xe7\x0a\xc0\xa9\xc0M\xc0\xab\xbb4\x94\xa4\xde\x19\
\x07\xce!\x9d\x1e\xecg\xb6\x00\x9c\x09\xac\x05\xe6wy\
(I\xbd\xf3<p6\xb0\xee\xe5\x7f93\x00'\x03\
\xb7\xe1\x93|\xd2 \xda\x05\x9c\x02\xdc3\xfd\x17/\x0f\
\xc0r\xe0\xef\xc0\xb2\x1e\x0f%\xa9w6\x03\xc7\x01O\
\xc0\xfe\xcf\x10^\x85\x07\xbf4\xe8\x0e\x06~0\xfd\x87\
\xe9G\x00\xa7\x00w\x14\x19GR\x09'\x03wO\x07\
\xe0.`U\x8b;x\x06x\x8e\xf4\x9acI\xf3\x80\
\xc5\xec[\x19\xf8\x02i\xae]\xc5&\xd2 \x1a\x01\x16\
\x91\xd6\xc6L\x92V\xdcM\x90~\xdeJ\x1a\x22\xfd\xfc\
\xb7\xba*\xf7v\xd2\xab}\x1cM\xfe\xe2\x82\xa7\x81/\
\x93\x1eFH\xea\x1f+\x80\xaf\x92\x96\x05\xe7\x1e\xcf\x87\
\x03\x5c\x9ey\xe3=\xc0\x09\xbd\xfan$\xb5\xe5$\xd2\
\xa3\x92\x9cc\xfa+\x90^\xf6\xcb\xb9\xf1\xf5=\xfc&\
$\xb5\xefW\xe4\x1d\xd3\xeb\x86I\xa7\x009n\xad~\
NI]\x90{\xac\x1e=\x0c,\xcd\xbc\xf1cm\x0e\
#\xa9\xb76e\xden\xe90\xf9\xef\xabo\xe9}\xc6\
\x92\x8ay>\xf3v\x8b\xbc\x22\x904x\xb2_\x9a7\
\x00R`\x06@\x0a\xcc\x00H\x81\x19\x00)0\x03 \
\x05f\x00\xa4\xc0\x0c\x80\x14\x98\x01\x90\x02\xf3\x13s\xa4\
\xeez=\xf0Q\xd2;i\x0f!\x1dsO\x00\xff$\
]\xa0\xf3\xdf\xe5FKr\xdf;\xfc\xeeR\x03J5\
\xb4\x02\xb8\x96\xb4,\xb7\xd1qu7\xf0\xae\x8a\xef{\
\xb4\xc9}No{\xc9\xbc\xa1\x01\x90\xf2\x9d\x01<E\
k\x9f\xe4s\x05\xd5\x9d\x92\x8ff\xde\xa7\x01\x90*v\
\x0e\xe9\xc0j\xe5\xe0\x9f\xde~J\xfe\xe7u62\x9a\
y\x7f\x06@\xaa\xd0\xb1\xa4kQ\xb6s\xf0Oo\x97\
T0\xc7h\xe6}\x19\x00\xa9\x22C\xc0\xbdtv\xf0\
O\x02\xcf\x02\x87v8\xcbh\xe6}\xed\xf5e@\xa9\
\x1a\xa7Q\xcd53\x17\x01\x97V\xb0\x9f,\x06@\xaa\
\xc6y\x15\xeek5\xe9\xf2\xe3]g\x00\xa4j\x8cV\
\xb8\xaf\xa5\xc01\x15\xeeoN\x06@\xea\xdc\xab\x807\
T\xbc\xcf\xb7T\xbc\xbfY\x19\x00\xa9s\xad~*O\
\x8e\x03\xbb\xb0\xcfW0\x00R\xe7&\xba\xb0\xcfg\xba\
\xb0\xcfW0\x00R\xe7v\x02[*\xde\xe7\x86\x8a\xf7\
7+\x03 U\xe3\xae\x0a\xf7\xb5\x1d\xf8W\x85\xfb\x9b\
\x93\x01\x90\xaaQ\xe5G\xe7\xddH\x8f>u\xd8\x00H\
\xd5\xb8\x05\xf8[\x05\xfb\xd9\x05\xac\xa9`?Y\x0c\x80\
T\x8dI\xe0\x02`w\x87\xfb\xb9\x1cx\xb4\xf3q\xf2\
\xf9^\x00\xa9:\x9f \xff\xe3\xb9gn\xd7\xe2\xbb\x01\
\xa5\xda\xfb\x080Nk\x07\xff\x95T\xb7\xfcw4\xf3\
>\x0d\x80\xd4%+\x80\xebH\x1f\xaa\xdb\xe8\xb8\xfa+\
\xd5\x1f[\xa3M\xee\xf3\xa5\x00xM@\xa9;\x1e\x03\
\xce\x07.#=\x22X\x09\xbc\x91tM\xc0\xc7\x81\x7f\
\x90\xae\x09\xd8\x93\x97\xfb\x1a\xf1\x11\x804XF\xf1z\
\x00\x92\x9a1\x00R`\x06@\x0a\xcc\x00H\x81\x19\x00\
)0\x03 \x05f\x00\xa4\xc0\x0c\x80\x14\x98\x01\x90\x02\
3\x00R`\x06@\x0a\xcc\x00H\x81\x19\x00)0\x03\
 \x05f\x00\xa4\xc0\x0c\x80\x14\x98\x01\x90\x023\x00R\
`\x06@\x0a\xcc\x00H\x81\x19\x00)0\x03 \x05f\
\x00\xa4\xc0\x0c\x80\x14X\x9d?\x19\xe8\xc7\xc0\x92\xd2C\
H\xc0\x0e\xe0\xe2\xd2C\xb4\xa3\xce\x01\x18\x03\x0e*=\
\x84\x04l\xa5\xa6\x01\xf0\x14@\x0a\xcc\x00H\x81\x19\x00\
)0\x03 \x05f\x00\xa4\xc0\x0c\x80\x14\x98\x01\x90\x02\
3\x00R`u^\x08\x94k+ps\xe9!TK\
\x03\xbf\xd8,B\x00.\xc4\x00\xa8=\xb7\x03kK\x0f\
\xd1M\x9e\x02H\x81\x19\x00)0\x03 \x05f\x00\xa4\
\xc0\x0c\x80\x14\x98\x01\x90\x023\x00R`\x06@\x0a\xcc\
\x00H\x81\x19\x00)0\x03 \x05f\x00\xa4\xc0\x0c\x80\
\x14\x98\x01\x90\x023\x00R`\x06@\x0a\xcc\x00H\x81\
\x19\x00)0\x03 \x05\x16\xe1\x9a\x80U8\x00\xf84\
p>\xf0\xd6\xa9?\xab\xff\xec\x05\x1e\x04\xae\x01n\x00\
^,;N\xff3\x00\xcd\x8d\x00\xbf\x05N/=\x88\
\xb2,\x03V\x01g\x03\x1f\x07\x9e/;N\x7f\xf3\x14\
\xa0\xb9+\xf1\xe0\xaf\xa33\x81o\x96\x1e\xa2\xdf\x19\x80\
\xc6^\x0b|\xbe\xf4\x10j\xdb\x17\x81\x03K\x0f\xd1\xcf\
\x0c@c'\x00\xf3K\x0f\xa1\xb6\x8d\x00\xef,=D\
?3\x00\x8d\x8d\x94\x1e@\x1d[\x5cz\x80~f\x00\
\x1a{\xb0\xf4\x00\xea\xd8\xfd\xa5\x07\xe8g\x06\xa0\xb1\x87\
\x80{J\x0f\xa1\xb6\xdd\x09l,=D?3\x00\x8d\
M\x02\x17\x00\xe3\xa5\x07Q\xcb\x9e\x04>Wz\x88~\
g\x00\x9a\xbb\x1f8\x09\xf8K\xe9A\x94\xedN\xe0D\
`C\xe9A\xfa\x9d\x0b\x81\xf2<\x00\xbc\x078\x0c8\
\x0a_\x19\xe8W{H\xc1\xf6a\x7f&\x03\xd0\x9a\xff\
Mm\xd2@\xf0\x14@\x0a\xcc\x00H\x81\x19\x00)0\
\x03 \x05f\x00\xa4\xc0\x0c\x80\x14\x98\x01\x90\x023\x00\
R`\xad,\x04\x1a\xea\xda\x14\xf5\xb0\x00x\x1f^\x13\
\xb0J\xe3\xa4e\xbb\x0f\x97\x1ed\xc0\xe4\xfeb\x9f\x9c\
\x07<C\xdeUS\x96\xb4?O\xed\x9dJ\xba\xd0\xe4\
!\xa5\x07\x19P\xd7\x01\x17\x03\xcf\x16\x9ecP\xe4^\
\x05\xe9\xe9a\xe0\xd1\xcc\x1b\xbf\xad\xcda\xean\x15\xb0\
\x0e\x0f\xfen:\x1f\xb8\x09OI\xabrL\xe6\xed\x1e\
\x19\x06\xee\xcb\xbc\xf1\xa7\x88\xf7\xd0w\x18\xb8\x1a\xdf\xfc\
\xd3\x0b\xa7\x03c\xa5\x87\x18\x00\xf3\x80s3o{\xdf\
0pK\xe6\x8d\x8f\x05\xbeO\xac\x83\xe1\xed\xc0\x91\xa5\
\x87\x08\xe4\x93\xa5\x07\xa8\xb9\x05\xc0\x0fI\xcfS\xe5\xf8\
\xc3<\xe0w\xe4?\x0f\xf0\x05\xe0C\xc0Z\xd2\xe5\xb2\
&H\x17\xcd(aA\x0f\xee\xe3\xcd=\xb8\x0f\xeds\
x\xe9\x01\xda4B\xb9G/C\xa4\xe7\xe7\x8e\x02>\
\x06\xbc)\xf3\xeb\xc6\x81u\xd3O\x02\xfe\x0c\xf8R\xe6\
\x17\x1e\x06\x5c\xd6\xda\x8c\xb5\xe5\x95\x80z\xeb\xc9\xd2\x03\
\xb4\xe95\xa4_\x8aur5\xf0\xdc\xf4\x93.\xdf\x01\
\x9e.8L\xbf\xba\x97\x14H\xf5\xc6m\xa5\x07\x08\xe2\
)`\x0d\xec{\xd6u+q~\xab\xb7b\x02\xb8\xa2\
\xf4\x10Al\x06\xae*=\xc4\x0c\x83\xba\xf6\xe5R`\
;\xec\xff\xb2\xcb\xd5\xa4\xcf\xc0\x1b4\xcb:\xfc\xfa5\
\xc0\x8f\xaa\x18Ds\xda\x0c\x9cA\xff\x9dr\x1d\x5cz\
\x80.\xb8\x91\xb4\xee\x02\xd8\x7f%\xe0$p\x1ep(\
p|og\xea\xaaN_\xbf\x7f\x91\xf4\xe4\xe7\xafI\
\xafW{M\xc0\xeal\x07\xee \xfd\xf2\xd9Qx\x96\
\xd9\xac(=@\xc5\xd6\x93\xaer\xfd\xd2\x13\xf73\x97\
\x02\xef\x04>HZ\xf8rb\xef\xe6\xea\xaa]\x15\xed\
\xe7\xcfS\x9b\xe2\xd8]z\x80\x0a\xad\x07>\xcc\x8c\xd5\
\x96\xb3\xad\xbcz\x12x?\xe9\xa1\xc2 p\x9d\xb9\xda\
\xf5\xdf\xd2\x03T\xe4\xe7\xa4\xe5\xecO\xcd\xfc\x87\xb9\x96\
^N\x00\xabI\xa7\x04\xdb\xbb7WOT\xf5\x08@\
\xf1L\x94\x1e\xa0CO\xb0\xef8\x9e\xf5}\x16\x8d\xd6\
^O\x02\xd7\x93\x16g|\x03x\xbc\xea\xe9$u\xc5\
\x16\xe0k\xc0\x11\xc0/i\xb0X/\xe7\xed\xc0;\x80\
\xaf\x03\xdf\x02N\x01>\x00\x1cGz\x82\xe4@\xca\xbd\
T\xf2:|\xf3\x88\xfa\xc3\x8b\xa4\xdf\xb6%L\x92\xd6\
\xaal\x22\xbd\xaf\xe7\x8f\xa4\xb7X\xef)4O\xcfl\
#}\xf3\xcd\xb6\xb3J\x0d\xa8\xda\x1b#\xefglK\
\xa9\x01;\xe5oP)0\x03 \x05f\x00\xa4\xc0\x0c\
\x80\x14\x98\x9f\x0e\x9cg>p!i)\xb0\x17\x05\xed\
_{I\xd7\xa9\xb8\x06\xf8\xc9\xd4\x9f\xd5\x80\x01hn\
1ii\xf4h\xe19\xd4\xdcB\xe0\x1dS\xdb\x99S\
\x9b\x0b\xc1\x1a\xf0\x14\xa0\xb9\xef\xe2\xc1_G\xa7\x01\xdf\
.=D\xbf3\x00\x8d-\x05>Sz\x08\xb5\xed\x22\
\xd2\xd5z4\x07\x03\xd0\xd8\xf1x\x9aTg\xd3\xa7\x04\
\x9a\x83\x01hla\xe9\x01\xd4\xb1\x91\xd2\x03\xf43\x03\
\xd0\xd8\x7fJ\x0f\xa0\x8e\xf9\x7f\xd8\x80\x01hl\x03^\
\x04\xa4\xcen\x05\x1e)=D?3\x00\xcd]@z\
\xe3\x91\xeae+i\xed\x86\x1a0\x00\xcdm ]\x1e\
-\xf7\x13\x94T\xde\xef\x81\x95\xc0\xc6\xd2\x83\xf4;\x9f\
\xe1\xce\xf30\xe9\xb3\xeb\x96\x93>*\xcc\x8b\x82\xf6\xa7\
=\xc0\x03x\xf1\x9al\x06\xa05[\xa8\xf1{\xbf\xa5\
\x99<\x05\x90\x023\x00R`\x06@\x0a\xcc\x00H\x81\
\x19\x00)0\x03 \x05f\x00\xa4\xc0\x0c\x80\x14\x98\x01\
\x90\x023\x00R`\x06@\x0a\xcc\x00H\x81\x19\x00)\
0\x03 \x05f\x00\xa4\xc0\x0c\x80\x14\x98\x01\x90\x023\
\x00R`\x11.\x096\x0a\x8c\x97\x1eB\xb54Zz\
\x80n\x1b*=@\x07\xb6\x01\x07\x95\x1eB\x22]\x82\
|y\xe9!\xda\xe1)\x80\x14\x98\x01\x90\x023\x00R\
`\x06@\x0a\xcc\x00H\x81\x19\x00)0\x03 \x05f\
\x00\xa4\xc0\xea\xbc\x12\xf0\x85\xa9M*\xad\xb6?\x87\xff\
\x07\x0b\x8cz&OGax\x00\x00\x00\x00IEN\
D\xaeB`\x82\
\x00\x00\x09u\
\x89\
PNG\x0d\x0a\x1a\x0a\x00\x00\x00\x0dIHDR\x00\
\x00\x00\x80\x00\x00\x00\x80\x08\x06\x00\x00\x00\xc3>a\xcb\
\x00\x00\x00\x04sBIT\x08\x08\x08\x08|\x08d\x88\
\x00\x00\x00\x09pHYs\x00\x00\x0b\x13\x00\x00\x0b\x13\
\x01\x00\x9a\x9c\x18\x00\x00\x09\x17IDATx\x9c\xed\
\x9d[l\x1cW\x19\xc7\xff\xdf\x99\xb5\xdd\x90l\xba\xe7\
\x9c\x89\x22\x1e*\xd1\x07\xe0\xa9\x8a\x0a\xa5\x0aB\xe0\x8d\
\x9d\x047j\x22ZA\x85*T\x89k$T\x89T\
\x15UDT.U\x10\x14\xa1R)\x0a\x94\x02*w\
AEE+\xe8\x05\x92\xb4j\xd5*iA\x84\xa6\xa4\
\xf4\x92\xa61M\x9a8\x9e\x9d\x8b\x9d\x9b\x83\xe7;<\
\xc4\x15\x96\xdbx\x8f\xed\xdd\x99]\x9f\xf3{\xb2=\x9f\
\xe7\xfc\xb5\xdfO\xb3g\xce\xec\xce\x10fP\xab\xd5\xae\
\xa0 \xf8\x82\x01\xd6\x81\xf92!\xc4\xb2\x995\x9e\xae\
\xe2<3\x1f\x11D\x8fs\x10\xdc\x93\x8e\x8e>?}\
#M\xfb\xb9W)u7\x886\x03\x10\xc5f\xf4\x14\
\x84\x811\xf7V\xab\xd5-\xc3\xc3\xc3\xe7\x80\xff\x0b\xd0\
+\xa5|\x8c\x84XSb8OQ\x18\xf3d\xb5Z\
\x1d\x1a\x1e\x1e>\x17\x00\x80Rj\x07\x09\xf1\xa9\xb2s\
y\x0a\x82\xe8=\xe7'&\xc2\xb3g\xcf>L\xb5Z\
\xed\x0a\x11\x04\xff\x84?\xec\xbb\x86a!\xae\x0c\x96,\
]\xba\x8d\x80\xd5e\xa7\xf1\x14\x0e\x113\x0b\x03\xac+\
;\x89\xa7\x1c\xd8\x98\x01\x01\xe6\xcb\xca\x0e\xe2)\x07A\
ty\xa5\xd9y~\xdch\xd0l\xdb=\x9d\x8d\xd2\xda\
\x5ct#Q\x9f\x9f\xf89\x8e\x17\xc0q\xbc\x00\x8e\xe3\
\x05p\x1c/\x80\xe3x\x01\x1c\xc7\x0b\xe08^\x00\xc7\
\xf1\x028\x8e\x17\xc0q\xbc\x00\x8e\xe3\x05p\x1c/\x80\
\xe3x\x01\x1c\xc7\x0b\xe08^\x00\xc7\xf1\x028\x8e\x17\
\xc0q\xbc\x00\x8e\xe3\x05p\x1c/\x80\xe3x\x01\x1c\xc7\
\x0b\xe08^\x00\xc7\xf1\x028\x8e\x17\xc0q\xbc\x00\x8e\
\xe3\x05p\x1c/\x80\xe3x\x01\x1c\xc7\x0b\xe08^\x80\
\x12\x08\xc3\xf0\xbdR\xeb\x07jR\x8e\xd7\xa4<\xa3\xb4\
~\xf4\xd20\xbc\xb2\x8c,^\x80\x82\x09\xc3\xf0\x83l\
\xcc>\x02\xae\x17B,\x13B,\x010Dy\xfe\x8c\
R\xea\xea\xa2\xf3x\x01\x0aDk}\x15\x1b\xb3\x1b\x80\
\x9a\xb9M\x08\xb1\x04Dw\x17\x9d\xc9\x0bP\x10J\xa9\
\xab\x0d\xb0\x1b@m\x96\xb2\xd5+W\xae\x5cZT&\
\xc0\x0bP\x08J\xa9\xd5L\xb4\x0b\xc0\xa5eg\x99\x89\
\x17\xa0\xcdH)?\xccD\x7f\x11\xc0r\x8b\xf2\xbd#\
##\xa7\xdb\x1ej\x1a^\x806\x22\xa5\xfc\x88\x01\xac\
\x9a\xcf\xccg\x09\xd8RD\xae\xe9x\x01\xdaD-\x0c\
?j\x80\xc7\x84\x10\xd5f\xb5\xcc|6\x10bc\xa3\
\xd1\xf8[\x11\xd9\xa6S)z@\x17\xa8\x85\xe1\xc7\x90\
\xe7\x8f\x08!\x9aN\xe8\x98\xf9L \xc4\xb5\x8dF\xe3\
\x89\x22\xb2\xcd\xc4\x1f\x01Z\x8c\xd6\xba>\x87\xe6\x9fF\
\x10l(\xab\xf9\x80\x17\xa0\xa5h\xad\x07r\xe6\x87\xe7\
\xd2\xfc4\x8a\x9e,\x22\xdb\xc5\xf0\x02\xb4\x08\xa5\xd4\xda\
\x9c\xf9\xcfB\x88w5\xabe\xe6S\x04\x0c\xa5Q\xf4\
T\x11\xd9f\xc3\x0b\xd0\x02\x94R\xeb\xd9\x98?M-\
\xeb\xce\x0a3\x8f\x130\x94$\xc9\xd3Edk\x86\x17\
`\x81H)\x87\xd8\x98\x87\x84\x10\x974\xabe`\x8c\
\x80\x8f'I\xf2L\x11\xd9l\xf0\x02,\x00\x19\x86\x1b\
\x88\xe8A\x9b\xe6\x03\xc8\x841\xeb\x93$\xd9\xdb\xf6`\
s\xc0\x0b0Ojax-\x19\xf3G\x10\xf5Y\x94\
g0f}\x1c\xc7\xcf\xb6=\xd8\x1c\xf1\x02\xcc\x03\xad\
\xf5&a\xcc\x03\x00z-\xcaS\x02\xd6\xc5q\xfc\x5c\
\xbbs\xcd\x07/\xc0\x1c\xd1Z\x7f\xc2\x00\x7f\x80]\xf3\
\x13A\xb4\xb6\x8c\x15>[\xfcJ\xe0\x1cPJ]o\
\x80\xdf\x01\xe8\xb1(\x8fs\xa2\xb5q\x14\xedow\xae\
\x85\xe0\x8f\x00\x96(\xa5>\x09\xa2\xdf\xc3\xae\xf9\x8d\x5c\
\x88\xc1\xac\xc3\x9b\x0f\xf8#\x80\x15R\xca\x1b@\xf4\x1b\
\xd8\xbd^\x11\xe7\xf9`\xd6h\x1chw\xaeV\xe0\x05\
h\x82\x0c\xc3O\x931\xbf\x06\x104-6f\x94\x99\
\x07\xd34}\xa1\xfd\xc9Z\x83\x17`\x16jZ\xdfH\
\xc6\xfc\x12\x16\xcd7\xcc'\x01\x0c\xa4iz\xb0\xfd\xc9\
ZG'\xcc\x01:\xf2\xb1t5\xad?#\x00\xab\xe6\
3\xf3\x08\x11\xadI\x92\xa4\xab\x9a\x0f\x94$\x80\xd6\xfa\
\xfdR\xca\x87\xa6>\x13\x7fNJ\xb9[k\xfd\xa12\
\xb2\xbc\x13J\xa9\x9b\x04\xf0\x0b\xd85\xff\x84 Z\x13\
\xc7\xf1\x8b\x05Dk9\x85\x0b\x10\x86\xe1\xfb\x0c\xb0\x97\
\x84\xd84u\xf1\xa4\x97\x84\x18\xcc\x99\x9f\x92R^S\
t\x9e\x99(\xa5>\x0b\xa2\xfb`\xf1\xda0\xf3\xf1@\
\x88z\x1c\xc7\xff. Z[(\x5c\x80\xdc\x98\xef\x02\
\x90o\x0b\x22\xc4%$\xc4\x835\xad7\x16\x9d\xe9-\
\x94R\x9f\x07\xd1\xcf`\xd7\xfc7+APo4\x1a\
/\x17\x10\xadm\x14.\x00\x01\x03\xb3l\xee\x15\xc0\x03\
J\xa9\xeb\x0a\x0b4\x85\x0c\xc3/\x82\xe8'\xb0\x98\x93\
0p\xac\x12\x04\xf5(\x8a^) Z[)c\x0e\
p\xf1g\xd9^\xa0\x07D\xf7K)o($\x0d\x00\
\xa9\xf5f2\xe6\xc7\xb0k\xfe\xd1\x1e!\xeaQ\x14\xbd\
Z@\xb4\xb6S\x86\x00\xbb,j*$\xc4okZ\
\xdf\xd8\xee05\xad\xbfL\xc0\x8f`w6\xf2\x06\x0b\
Q\x1f\x1d\x1d=\xd4\xee\x5cEQ\xfc\x1c \x08\xb6\x02\
\x88,J\x03\x01\xfcJ)uS\xbb\xb2(\xa5n\x16\
\xc0N\xd85\x7f8\x9f\x9c\xec\x1f\x1b\x1d}\xad]y\
\xca\xa0p\x01\xb2\x93'\x0fs\x9e\x0f\xc2\x98Q\x8br\
\x01\xa2\xfb\x94R\x9fku\x0e\xa5\xd4W@\xb4\xc3\xb2\
\xfcH>9Y\xcf\xb2\xec\xf5V\xe7(\x9bR\xd6\x01\
\xd24=`\x8cY\xc3\xcc#\x16\xe5\x02D?\x95Z\
on\xd5\xf8J\xa9[\xe6\xf0M\xdc\xd79\xcf\xebY\
\x96\x1di\xd5\xf8\x9dDi+\x81I\x92\x1c\x0c\x84\xa8\
3\xf3q\x8br\x22\xe0\x1e\xa5\xd4\xcd\x0b\x1dWj}\
+\x88\xee\xb2*6\xe6\xb0a\xae\xa7i:\xbc\xd0q\
;\x95R\x97\x82\x1b\x8d\xc6K\x95 \xe8g\xe0\xa8\xd5\
?\x10\xedPJ\xdd2\xdf\xf1\xa4\xd6\xb7\x11\xf0}\xab\
bc^3\xc6\xd4\x93$\xf9\xcf|\xc7\xeb\x06J\xbf\
\x16\x10E\xd1\xab&\x08\xfa\x01\xd8\xbd\xd0DwI\xad\
o\x9b\xeb8R\xeb\xad\x04\xdciSk\x98\x0f\x01\xe8\
O\x92\xe4\x8d\xb9\x8e\xd3m\x94.\x00pab\x98O\
N\xf6\x03\xb0\x9ad\x11p\xa7Rj\x9b\xed\xfe\x95R\
\xdb\x08\xf8\x8eM-3\xbf\x22\x84\xe8\x8f\xe3\xf8\x98\xed\
\xfe\xbb\x99\x8e\x10\x00\x00\xb2,;b\x98\xfba\x8c\xdd\
i\x16\xd1v\xa9\xf5\xb7\x9a\x95)\xa5n\x07\xd1v\x9b\
]2\xf3\xcbS\xcb\xbboZeX\x04t\x8c\x00\x00\
0u\xc8\xedgf\xab%V\x02\xbe.\xb5\xfe\xf6\xc5\
\xb6K\xad\xbf\x09\xa2;l\xf6\xc5\xcc/\xf5T*\xf5\
(\x8al&\xa5\x8b\x86\x8e\x12\x00\x00\xe28>V\x09\
\x82:\x03VW\xd8\x08\xf8\x9aR\xea{3\xff.\xb5\
\xbe\x83\x80o\xd8\xec\x83\x81\x17{{z\xea\xa3\xa3\xa3\
'\xe6\x9a\xb7\xdb\xe98\x01\x00 \x8a\xa2\xe3}\x95J\
\x1d\x80\xdd\x07,\x88\xbe*\xb5\xfe\xc1[\xbfJ\xad\xb7\
\x13p\xbb\xe5p\x07\xfb*\x955'O\x9e\xb4Y\x93\
Xt\x90\xd2z\xd6\x8b3q\xa3Q\xda'v\x96-\
[\x16\xf6\xf6\xf6\xee\x06\xd1*\x9bz\xc3\xbc\x93\x88\xc6\
A\xb4\xd5r\x88\x7f\x9d\xef\xe9\x198u\xe2\x84\xcd\xaa\
dW\xd2\xac\xbf\x1d-\x00\x00,_\xbe\x5c\x05A\xb0\
\x8b\x84\xf8@\x8bw}\xe0\xfc\xc4\xc4\xe0\xa9S\xa7l\
\xaeKt-\xcd\xfa\xdb\x91o\x01\xd3\x19\x1b\x1b\x8b\x99\
y\x90\x99[\xf7\xed\x1ac\x9e\xff\xef\xf9\xf3\x03\x8b\xbd\
\xf96t\xbc\x00\x00\x90eYJ\xc0:\x06\xf6-x\
g\xc6\xec\x9f\x9c\x9c\x1c\x18\x1f\x1fo\xb4 Z\xd7\xd3\
\x15\x02\x00@\x92$Y\x00\xac\x070\xef\x1b+\x18\xe6\
\x7f\xe4y>866\x16\xb70ZW\xd35\x02\x00\
@\xa3\xd1\x18\xef\xa9T\x86`\xcc\x9c\xef\xabc\x98\xff\
\xce\xcck\xb3,K\xda\x91\xad[\xe9*\x01\x00`d\
d\xe4t__\xdf\x06\xc3\xbc\xc7\xf6\x7f\x18x\x8e\x99\
\xd7\xf9\xe6\xbf\x9d\xae\x13\x00\x00\x8e\x1f?~f\xe9\xd2\
\xa5\x1b\x19\xf8k\xb3Z\x06\x9e%\xe6\xf5Y\x96\xa5E\
d\xeb6\xbaR\x00\x008z\xf4\xe8\xd9T\xcaM0\
\xe6\x91\x8b\xd50\xb0o\xea\xb6,Y\x91\xd9\xba\x89\xae\
\x15\x00\x00p\xe8\xd0D\x1c\xc7\xd7\x01\xb8\x7f\xe6&\xc3\
\xbc'\x00\xd6\xc7q<VB\xb2\xae\xa1\xe3\x17\x82l\
\xa9\x85a?\x193\x08\xa0\x02\xa2\xa7\x93(z\x14\xcd\
?\x82\xbe\xe8\xe9\xfa\x95@\xcf\xc2\xe8\xfa\x95@O{\
\xf1\x028\x8e\x17\xc0q\xbc\x00\x8e\xe3\x05p\x1c/\x80\
\xe3x\x01\x1c\xc7\x0b\xe08^\x00\xc7\xf1\x028\x8e\x17\
\xc0q\xbc\x00\x8e\xe3\x05p\x1c/\x80\xe3x\x01\x1c\xc7\
\x0b\xe08^\x00\xc7\xf1\x028\x8e\x17\xc0q\xbc\x00\x8e\
\xe3\x05p\x1c/\x80\xe3x\x01\x1c\xc7\x0b\xe08^\x00\
\xc7\xf1\x028\x8e\x17\xc0qHi=\x01\xbbG\xa1{\
\x16\x1b\xc6L\x08f>Rv\x0eO90\xd1a!\
\x88\x1e/;\x88\xa7\x1c\x08\xd8C\xb5\x15+V\x09\xe6\
\xfd\xe8\xd0g\xf8z\xda\x86\xe1<_\x15\x9c;sf\
d\xc9\x92%\xef\x06\xd1Ue'\xf2\x14\x87a\xfea\
\x9a\xa6?\x17\x00P\xadV\xb7\xcc\xe7\xd6k\x9e\xee\xc4\
0?\x91h}+0u\x1a8<<|\xaeZ\xad\
\x0e\xe1\xc2\xd33\x9d\xbf\xad\xca\x22\xc6\x18\xe6\x9d\x89\xd6\
\xd7\xe0\xd0\xa1\x09\xe0\x1d\xde\xf7k+V\xac\x12y\xfe\
%6f@\x10]\x0e\xa2\xbe\xe2szZ\x861\x13\
Lt\x98\x80=&\xcf\xefM\xd3\xf4\x85\xe9\x9b\xff\x07\
$_\x0a\xa3\xc9\xca\xf5\x9c\x00\x00\x00\x00IEND\
\xaeB`\x82\
\x00\x00\x07V\
\x89\
PNG\x0d\x0a\x1a\x0a\x00\x00\x00\x0dIHDR\x00\
\x00\x00\x80\x00\x00\x00\x80\x08\x06\x00\x00\x00\xc3>a\xcb\
\x00\x00\x00\x09pHYs\x00\x00\x0b\x13\x00\x00\x0b\x13\
\x01\x00\x9a\x9c\x18\x00\x00\x07\x08IDATx\x9c\xed\
\x9c_\x88\x5c\xe5\x19\xc6\x9fwfv\x09\xc1n\x1a\x8d\
\xba9\xe7;gG\x0dQ4)\x18\xb1^\x95\x92\xfe\
!\x85\xd6\xa2\x175Bb\x12!\x9a\xa0\xe8E\xafB\
\x11D\xbc\xd0\x8bB)\x88&\xa4\xd0V\x13M\xc5\x16\
o\x04!\xd4H+\x95\x80x!\x06a10\x9e3\
g\xd8\x98`\xcc\x22Q\xd79\xf3z\xd1\x0d\xca\xce\xd9\
?3;\xe7{\xbf\x99\xef\xfd\xc1\xde\x9co\x86yv\
\x9e\xdf\x9e\xef\x9c\xb3\xe7|\x80\xa2(\x8a\xa2(>B\
\xd2\x01lQ\xaf\xd7\xd7\xcc\xcd\xcd]%\x9d\xc3&\xb5\
Z-O\x92\xe4\xe2R\xaf\x19y\x01n\xb8a\xe3T\
\x9eW\x9eg\xc6\x0e\x00U\xe9<\x024\x99\xe9\xa9f\
\xb3\xf9\x97\xa2\xc1\x91\xfeB6l\xd8\xf0\x83ju\xec\
4\x80;\x01T\xa4\xf3\x081A\x84\xdfNL\xac\xcb\
fgg\xdf_88\xd2_\xca\xda\xb5k\x1e\x04P\
\x97\xce\xe1\x02D\xfcd\xd1\xf6\x91\x16\x00\xe8l\x91N\
\xe0\x10&\x8e\xe3\xf5\x0b7\x8e\xb4\x00\xcc\x95\x91\xfe\xfd\
z\xa5\xddnwM\xf9\xfa\x05y\x8e\x0a\xe095\xe9\
\x00\x82|\x04\xf0\x1f\xa4C\x0c\x12f\xdcED\x87z\
y\x8f\xcf\x02|\x96\xa6\xad\xd7\xa5C\x0c\x92(\x0az\
~\x8fN\x01\x9e\xa3\x02x\x8e\x0a\xe09*\x80\xe7\xa8\
\x00\x9e\xa3\x02x\x8e\x0a\xe09*\x80\xe7\xa8\x00\x9e\xa3\
\x02x\x8e\x0a\xe09*\x80\xe7\xa8\x00\x9e\xa3\x02x\xce\
\x92\xff\x0e\x9e\x9a\x0a\xb6u:\xf4#f\x1a\xd2\x7f\x1b\
\xf3\xcdK\x0c^o\x8c\xd9\xdf\xbd\xb9\xc3@\xe5b\xad\
V{\xab\xd1h|^Z4G(,6\x08\x82\xb5\
\xd5*\x9d\xe8tp7\x00\x10\xb1\xddTv\xd8D\xc4\
G\xbb7\x13\x00F\x9e\x7fs)\x8a\x82}\xa3v\xcf\
\xc0B\x0a\xa7\x80j\x95\xfe\x08\xfc\xbf|\x8fY\x07\xd0\
+q\x1c\xdf(\x1d\xa4L\x8a\x04\xa8\x01\xd8k;\x88\
\xa3\xaca\xcewI\x87(\x93.\x01\xc20\x5c\x07`\
\xad@\x16W\xe9\xfd>\xab!\xa2\xeb\x18\x80\x99\xc9\x83\
G\x06{\xa1\xd4/\xc3\x18\xf3c\x00\xa6R\xa9\x9cZ\
\xeeA\xce2\xd0\xd3@9(\x8a\xc2\x17\x88\xf84\x11\
\xff\x939\x9f\xae\xd7\x83[l\x87P\x01d\xa08\x0e\
\x8e\x008\xf8\xbdm\x1b\xf2\xbc\xb7[\xba\x07A\x1f\xe7\
\xf7|\xef\xa8\x9d\x1aE\x91y\x0f\xe0;,}\x1c\xc5\
qp\x84\x99\x1e\xea\x1a X_\xbf@\xf7\x00vY\
\xb4|\x009\xc0Gl\x07\x1a\xd2+|C\xc9\x92\xe5\
3\xd3\xde4\xcdN\xda\x0e\xa5\x02\xd8\x81\x8c\x09\x0f3\
c\xd1\xf2\x9b\xcd\xe6q\xeb\xa9\xa0S\x80\x0d\xc8\x98\xf0\
0\x11\x1e.\x18\x13-\x1fP\x01\xcaf\xa9\xf2;\xd2\
\xe5\x03*@\x99,W\xfe\x1e\xe9\xf2\x01=\x06(\x0b\
\x8a\xa2\xf0\x05\xc0\xed\xf2\x01\xdd\x03\x94\xc1\x95\xf2\x0f\x14\
\x8c9\xb1\xdb\xff>*\xc0`YI\xf9\xc7l\x87Z\
\x0a\x15`p\x0c]\xf9\x80\x0a0((\x8a\xc2\xe7\xb1\
H\xf9D\xd8\xe7b\xf9\x80\x0a0\x08\xae\x94\x7f\xb0`\
\xacC\x84}I\x92\xbdd;\xd4J\xd1\xb3\x80\xd5\xb1\
T\xf9 \xc2\xcb\x9d\x0e\x9d7\xc6\xfc\xcaJ\x18\xc2\xed\
\xcc\xbd\xdd\xbf\xa9\x02\xac\x828\x0e\xfe\xcc\x5c\x5c>\x00\
0c7\x11\xef\xb6\x95\xa7\xc7\xee\x01\xe8\x14\xd07\xc6\
\x98M\xcc\xf4\x98t\x8e\xd5\xa2\x02\xf4\xcf5\xd2\x01\x06\
\x81\x0a\xd0'\xcdf\xf3=\x00\x1fJ\xe7X-z\x0c\
\xd0?9P\xd9\x01tN\x01\xd8\x5c\xfc\x12\xfe\x0f\x11\
R[\x81\x98\xc9\x00\xf8i/\xefQ\x01VA\x9a\xa6\
\xad(\x8a\xb6/&\x013MU\xab\xf9\xdeFc\xa6\
a#O\x14\x05\xf7\x00\xd4\x93\x00:\x05\xac\x924M\
[@e;\x80\xe9\x85cD\x98j\xb7\xabo\xd7\xeb\
\x93u\xfb\xc9V\x86\x88\x00\xc6\x98{\xe388fL\
\xf0\x8c1\xe6j\x89\x0c\x83d\x98%\xb0.@\x1c\x87\
\xf7\x11\xf1\xbf\x98i\x17\x11\x1d\x22\xc2\x7fo\xba\xe9\xfa\
\xebl\xe7\x184\xc3*\x81u\x01\x98\xb1\xe0\xc2\x08\xdf\
:7W}K%\x90\xc1\xba\x00D|\xae`\xebm\
*\x81\x0c\xd6\x05h\xb7\xf14\x80V\xf7\x88J \x81\
u\x01Z\xadV\xd2\xe9`;T\x02'$\x109\x0b\
\xc8\xb2lz9\x09&''\xaf\xb5\x1el\xc0\x0c\x83\
\x04b\xd7\x01\x96\x93`l\xacrJ%(\x1f\xd1\x0b\
A*\x81\xbc\x04\xe2W\x02U\x82\xef$0\xc6\x84\xb6\
s\x89\x0b\x00\xacD\x02?\x8e\x09\x88\xf8\x09\xdb\x99\x9c\
\x10\x00XN\x02l\xf1A\x02\x806\xda\xce\xe3\x8c\x00\
\x80J\x00tN\xd8\xce\xe2\x94\x00\x80_\x12\x8c\x8f\xb7\
\x7f\x02\xe0O\xccx\x8d\x08;\xd3\xb4e]\x00'\xef\
\x07\xc8\xb2l:\x0c\xc3\xed\x95\x0aN\xa1{\x99\xb6-\
cc\xd5\x7fONN\xfe|ff\xe6\xbcD\xbeA\
q\xf6\xec\xb9O\x01\xfc^2\x83s{\x80+,\xb3\
'\xd8:/\xc1\xd0\xef\x09\xa4\xe9c\x0f@\x8fF\x91\
\xf9\xcd\xe0\xa3,\x06O\xa3x\xb1\xc6\xad\xa3\xb2'\x90\
\xa4\x9f)\xe0\x17\x803\x8bGo\x1d\x1b\xab\xbe\x09\xe0\
N\x00\x1d\xe90\xc3\x88\xb3S@\x0fl\x8b\xe3\x8d\xb7\
K\x87\x18VFA\x000\xd7F~]\xff\xb2\x18\x01\
\x01\xe8\xb94M\xcfJ\xa7\x18Vz>\x06`\xe6g\
\x89p\xba\x8c0\xc5\xd0\xfd\x00v\x16\x8e\x10\x1fM\x92\
\xecq{YF\x8f\x9e\x05 \xc2i[K\xc5\x1ac\
v\x11\xf1\xef\x8as\xf0\xd1$i\x1d\x80CG\xa4\xc3\
\x88\xb3S\xc0|\xf9/\xa2 \xa3\x96?8\x9c\x14\xc0\
\x18\xb3[\xcb\xb7\x83s\x02\xcc\x97\xffwh\xf9Vp\
J\x00-\xdf>\xce\x08\x10\xc7\xe1\x03Z\xbe}\x9c\x10\
 \x8e\xc3\x07\x98\xf17h\xf9\xd6\x11\x17@\xcb\x97E\
T\x808\x0e\xf7h\xf9\xb2\x88\x090_\xfe_\x8b2\
h\xf9\xf6\x10\x11@\xcbw\x07\x81\xf5\x01\x82_j\xf9\
\xee \xb0>\x00\x1d,\xfa\x5c-_\x06\xeb7\x85\x12\
\xe1\xf2\xc2\x15-\x1d/\x7f\x7f\x14\x85\xfb\xa4C\xac\x90\
\x9e\xff\xa0\x05\xee\x0a\xae>\x0b\xe4\xbf\x06\xb0~~\xc3\
\xe1$i=\x027\xcb\x07\x80\xea\xfc\xcfHb]\x80\
$I\xce\x04A\xb0\xb9V\xa3\x9f\xe59\xd2,\xcb\xde\
\xb5\x9dA\xf9\x0e\x91\xe7\x02Z\xad\xd6\x05\x00\xafJ|\
\xb6\xcf\x10Q\xd7^V\xfcJ\xa0b\x8d/\xb3,\xbb\
\xb4p\xa3\x0a\xe0\x09D|\x1c@{\xe1v\x15\xc0\x0f\
N^\xbe<W\xf8\x08\x9a\x93\xcf\x06:\xc6;\xcc\xfc\
\x0f\xe9\x10\xfd@D\xedJ\x85?\xf8\xe4\x93\xd6\xff\x16\
{\x8d\x0a\xb0<g\x9a\xcd\xd6s\xd2!\xcaB\xa7\x00\
\xcfQ\x01<G\x05\xf0\x1c\x15\xc0sT\x00\xcfQ\x01\
<G\x05\xf0\x1c\x15\xc0sT\x00\xcfQ\x01<G\x05\
\xf0\x1c\x15\xc0sT\x00\xcfQ\x01<\xa7\x8fE\xa2p\
W\x14\x15-\xdc9\xcc\xf0\x0f\xa5\x13H\xd1\xc7\x22Q\
t\xa8\x8c \x8a\x0c:\x05x\x8e\x0a\xe09]\x02\xd4\
j\xb5\x5c\x22\x88\xc3\x8c\xf4\xf7\xd1%@\x92$\x17\x01\
4\x05\xb28\x09\x11>\x90\xceP&\x85S\x003=\
e;\x88\xa3|\xfc\xf5\xd7\xedc\xd2!\xca\xa4\xf0\xa1\
\xc7\xd9\xd9\xd9\xf7'&\xd6eD\xd8\x06`\xc2r&\
\x17h\x03x#\xcfy\xe7\xcc\xcc\xcc\x05\xe90eB\
\xcb\xbd \x8e\xe3\xf5\xedv{d\x9f\x8e-b||\
\xfc\x8bF\xa3\xf1\x95t\x0eEQ\x14EQ\x94\xb2\xf8\
\x16qg\xe1}\x0f\xc0\x8e6\x00\x00\x00\x00IEN\
D\xaeB`\x82\
\x00\x00\x05\x10\
\x89\
PNG\x0d\x0a\x1a\x0a\x00\x00\x00\x0dIHDR\x00\
\x00\x00<\x00\x00\x00<\x08\x06\x00\x00\x00:\xfc\xd9r\
\x00\x00\x04\xd7IDATx\xda\xed\x9ai\xc8\x15U\
\x18\xc7\x9fw\xb3\x0d\x97p\xad\x14\xd3\xca\xa52\x95\x02\
\xb3\x5c\x82@\xcdh3\xdbL\xc2\xfa\x10V~0\xb5\
PI\x85\x16\xc8\x05D[L\x145\x22h\xa1\xfaP\
\x94BbF\xf5E\x0b\x0c#\x10\xb7\xc8J\xa2\x1dE\
3_o\xff?\xcfs\x98\xe3x\xef}\xe7\xdewf\
\xde;\xd7y\xe0\xc7}\xef\xdc;3\xe77\xe7\xdcs\
\x9es\xce\xdb gY4tt\x01r\xe1\x5c8\x17\
\xce\x85s\xe1\x5c8\x17>{\xa2\x9e\x84\xbb\x82\xb9`\
\x10\xb8\x10\xbc\x0f\xd6\xd6\xab\xf0]`9\xb8,t\xfc\
;\xb0\x17\xdc\x99ua\x96\xbb\x00\xfa\x81\x17\xc14;\
\xfe\x9f\xbd\xb6\x82s\xed\xef\xf7\xc0\xd4\xac\x0b3f\x82\
gAOp\xd2\x5cN\x81\x16\xfb\xfcW\xf0\x0cX\x17\
~RY\x8b\x11`\x05\xb8\xd9\xde\x9f\xb4\xd7f{=\
\x026\x82\xa5\xe0\xa7\xf0\xc9Y\x12>\x07\xcc\x07O\x83\
\xf3%h\xbe\xaeF\x7f\x06\x1b\xc0&\xb0\xaf\xd4E\xb2\
\x22<Q\xb4\xc6\x86\xdb{\xd7\x84\x9b\xc0/`5X\
\x0f~k\xebB\xb5.|\x09x\x1e\xcc(\x22\xcax\
\xc5>?\x1c\xf5\x82\xb5&|\x1e\xe8\x0cz\x80\x09\xa2\
\x9dNw\x13m\x14\xed\x99)\xfb;\x98\x02>\xaf\xf4\
\x06i\x0bS\xa67\xb8\x18\xf41.\xb0c#\xc1\x00\
\xfbNW\xafl\x94m\xb6W\xcar\x5c\xbd\x1f|S\
M\x01\xa2\x083k\xb9Vt\xcc\xe3\xf8\xf6=\xd8\x11\
\xf1\xfa\xec\x5cn\x14\xedQ\xaf\x17\xcd\x82zJ\xd0\xa3\
\x96\x0b'\xd8`\xf7\xe5\xdf\x7f\xda\x83\xf9\xa1\xda'^\
N\x98\xcd\xeb90]\xb4\x06\xfc`Sz\x02\xec.\
r\x1e\x0bv\x13\xb8\x1b\xdc\x02.\x0d}^0\x81\x82\
\xe1\xcaA\x1aCerc+\xbf\xf7\x97T\xd9\x8c\xa3\
\x08S\xf6\x130\xde\xde\x9f2\xc4\x0aE\xfe\x06\x8f\x82\
\x8f\xec:\xac\xbd\xdbD\x9b\xdbP\xefZ\xee\x5c'\x14\
\xf5\x81\xbb\x87\xe1\xc6\xd9\xc9\xe0\xd3\xf6\xc8\x96\xbb\xe1B\
\xf0\x028\x0e:I\xd0a\xb8s\xdc\xef\x8aq\xd0>\
\xef\xe7]\xaf\xd5$\x9b\xe4\xcc\x1a\x8b\x12\x85\xd0}\xde\
\x05\xf7\xb6W\xb6\x5c\x01v\x81\xab\xed\xc6\xe1f\xe6\x0a\
\xe3\x9aZ\x93w\xdc\xf5\xa6\x8d\x11\xee\xd1\x96l\xab\xbd\
\xff\x11\x8c\x05\x87\x92\x12f\xea\xb6CNo\x82\xe1\xef\
\x15\x8a\xfc]MM\x96\x92-H\xd0BX\x9e]q\
\xc8\x16+\x18\x87\x84m\xe0\x1a\xbbi\xa7\x12BI\x85\
\xbb\x17k\x97My\x0eX\x19\xe7\x0d|\x09\x0e\xf6[\
M\xd6\x85?4\x14$Yiw}\xe6\xc8\xcc\x8f9\
B,\x8e\xfb&\xbe\xc0\xad\xa2S.&\xde\xec\xacn\
\x10\xfd\xed\xf85\x9c\x94\xb4\xdf/\xf0\xf5\x1f\xd0Wt\
\xe6\x93\x98p\xb1\xcf\x96\x81\xd9\xf6\xbeI\x92\x95u\x9d\
\x1ek\xf7>\xf0N\x02\xf7\x8a$\xf0\x10x]\xb4\xa9\
5Wp^\xa5\xb2\xbc>\xfb\x0cN\x06\x16%![\
I\xc1_\x05\x8fI\xf0\xfb\x8a\xa3i\x17\x93]%A\
\x8b\xeaPaN\xbe\x99\xac\x0f\x91`\xecm\xaf\xb4\x9f\
I\xb5\xa4![\x890c\x1c\xd8.Z\x1b\x14v\xd9\
W5\xd2\xe1Lj\x0dx<i\xd9J\x85\x19\x5c^\
Y\x1a\x93\xb4\x1b\xf2\xbe\x10}\x98\xa9D5\x05uy\
\xb6x\xe2\xe5\xb2\xacp\xf6\xe4\xb27\x97IM\x02[\
jY\x98\xc1u^\xae#]\xe4\x1ds\x13\x86b\xd1\
(A\xce\xcd\xf8W\xb4_xSt\xfa\x99Z\xb4\xa7\
\xd3\xe1z\x13S?\xae\xeas\xa6\xd4\xd2\xc6\xf7\xf90\
\xbe\x16\x9dFrE\xa3`\x0f-\xf1\x8e*.a\x17\
\x14\xedk\xd2\xdc\xea\x18\x08\x8eI0\x8feMrj\
7XtQ\x80\x13\x13\xf6\x03\x1c\xdf\x0f\xd9y\x99\x12\
\x8e\x12\xa3\xc1W\xe0\x01\xf0\x96\x1d\xfb\x16t\x913W\
D2/\xdc`\xb2\x5c\x8f\xbaC\x82\xe5\x9d\x03\xe0e\
\xd1]\x84\xba\x12^\x22\xda1\xb1I\xbb\xc9\xc1\x18\xf0\
\x81h\xed\xc6>A\xe8Ha\xce\xb86\x83\xabDW\
.\x5cP\x96\xab\x9f\x0b\xd3\x94MZ\xb8\x97h\x075\
\x0b|\xe8\x1d\xe7P\xb6\xdd\x1eF\x9b[#Y\x11\xbe\
\x1d\xbc\x04\xde\x10\xdd=\xf0\x839\xf3\x09\xf0T\xda\xb2\
q\x08s\x81~\x9c\x09p\x5c\xbe\x5ct\xc1\x9dC\xcd\
Q\xd0M\x82\xe1\x891Lt\xa9\x95\x9bb\x91\xf7\x83\
jE\x98\xe7\x8e\x02W\x8a\xa6\x9a\xdc6\xf9\x03\xbc-\
\xfa\xbf\x15\xaf\x81y\xe0K\xfb>\xf7\x88\xd8\xc4wJ\
LK\xaei\x0b\xbbxP\xb4V7\x89\x8e\xadn\xdf\
\xf6\x0a\xd1\x15\x13\xd6(\xf7n\xd9A]\x07>\x16]\
N\xca\xa40sd6\xe3=\xde1\xe6\xcc\xcc\xbe\xee\
\x11\xcd\xb9\x99F\xb2\x96\x1f\x16\x1d\x9e8\x0d\xe4\xba\xd9\
\x02)\x9d{\xd7\xac\xb0/\xd9\xea\xbd\xe7V\x0d\x9b\xfa\
~\xd0_t\xd9\x86\x09\xc6g\xa2\xffl\xc2\xf9/\xf7\
\x8a\x9e\xcc\xaap\xa9`\xedsHb\xb3\x0foov\
3\xe9\xba\x10\xe6*\x06k\xfc\x11\xd1\x7f,\xd9\x9c\xb6\
X\xda\xc2.\xd8|\x8fw\xb4d\x9a\xc25\x17\xb9p\
\xbdG.\x5c\xef\x91\x0b\xd7{\xfc\x0f\xcf\x88\xf6=\x9f\
\xd0.\xe3\x00\x00\x00\x00IEND\xaeB`\x82\
\x00\x00M\xea\
\x89\
PNG\x0d\x0a\x1a\x0a\x00\x00\x00\x0dIHDR\x00\
\x00\x02\x00\x00\x00\x02\x00\x08\x06\x00\x00\x00\xf4x\xd4\xfa\
\x00\x00\x00\x09pHYs\x00\x00\x0e\xc3\x00\x00\x0e\xc3\
\x01\xc7o\xa8d\x00\x00\x00\x19tEXtSof\
tware\x00www.inksca\
pe.org\x9b\xee<\x1a\x00\x00 \x00ID\
ATx\x9c\xec\xddy\xbc\xedc\xdd\xff\xf1\xd7\xe7\x9c\
\x83c\x0c\x91!\xb3J\x03%S\x85\xe6\x14wBD\
#Ew4\xdc?\x9a\xee;\x8d$\xcdT\xa4\x81f\
\x9a\x10*\xee\xa8\x14B\x83H\x94\xa1[\xe6Y\xe6\xe9\
p\xa6\xf7\xef\x8f\xef\xda\xda\xb6}\xf6\xf8\xfd\x5c\xd7\x1a\
\xde\xcf\xc7\xe3<\x1c\xe7\x9c\xfd\xf9\x5c\xd7Zk\xaf\xfd\
Y\xd7\xf7\xfa~\xae\xc0\xccl\x04IO\x02^\x03l\
\x0b\xac\x0f<\x01X\xbc\xf3\xd7\x0f\x01s\x86\xfd\xf3\xb9\
\xc0\x03\xc0\x83\xc0\xc3\xc0=\xc0<\xe0^\xe0\xeeE\xfc\
\xba\xb5\xf3\xeb\xb6\x88\x98\x9b<\x1d3\x1bE\xd4\x1e\x80\
\x99u\x0fI\xab\x03\x07\x03{\x003\x0b\xa5\xbd\x0b\xb8\
\x05\xf8\x17p\x1dpC\xe7\xd7u\xc0\xf5\xc0\x0d\x11q\
{\xa1\xb1\x98\x0d\x0c\x17\x00f\x06\x80\xa4\xe7\x01'\x02\
\xab\xd6\x1e\xcb(\xee\x05\xfe\xd9\xf9u\xe5\xb0\xdf_\x1e\
\x11\xb7\xd5\x1c\x98Y\xafr\x01`fC?\xfc\x7f\x0b\
\xcc\xae=\x96)\xb8\x03\xb8\x04\xb8\xb4\xf3\xdf\xcb\x80\x8b\
#\xe2_UGe\xd6\xe5\x5c\x00\x98\x0d\xb8\xce\xb2\xff\
\x05t\xe7'\xff\xe9\xb8\x1e\xb8p\xf8\xaf\x88\xb8\xae\xee\
\x90\xcc\xba\x87\x0b\x00\xb3\x01'\xe9\xdb\xc0\x9e\xb5\xc7Q\
\xc8=\xc0\x9f\x81si\x8a\x9es\x22\xe2\xae\xbaC2\
\xab\xc3\x05\x80\xd9\x00\xeb\xec\xf6\xbf\x9cr\x1b\xfe\xba\xcd\
\x02\x9aK\x07\xe7\x02\xbf\x03\xce\x8a\x88\x9b\xea\x0e\xc9\xac\
\x0c\x17\x00f\x03L\xd2\xfe\xc0\xa7k\x8f\xa3\xcb\xfc\x93\
N1\x00\xfc&\x22n\xac<\x1e\xb3\x14.\x00\xcc\x06\
\x98\xa4\xb3\x80\x17\xd4\x1eG\x97\xbb\x088\x0d8\x15\xf8\
}D\xcc\xab<\x1e\xb3V\xb8\x000\x1b`\x92\xae\x03\
\xd6\xac=\x8e\x1e\xf2\x00\xf0\x07\xe0\x14\xe0$o*\xb4\
^\xe6\x02\xc0l\x80Iz\x98\x7fw\xf8\xb3\xc9\xfb\x1b\
\xcd\xca\xc0i4\x1b\x0a\xbd:`=\xc3\x05\x80\xd9\x00\
\x93\xa4\xdac\xe8#\xf7\xd2\xac\x0c\x9c\x00\x9c\x16\x11\x0f\
V\x1e\x8f\xd9\x98\x5c\x00\x98\x0d0\x17\x00i\x1e\x04~\
A\xd3Y\xf1\x94\x88\xb8\xaf\xf2x\xcc\x1e\xc3\x05\x80\xd9\
\x00s\x01P\xc4C\xc0\xe9\xc0\xd1\xc0\xcf|\xf8\x91u\
\x0b\x17\x00f\x03\xcc\x05@qw\xd2\x5c\x22\xf8\x01p\
vD,\xac<\x1e\x1b`.\x00\xcc\x06\x98\x0b\x80\xaa\
n\xa0)\x04\xbe\xea\xbb\x09\xac\x06\x17\x00f\x03\xcc\x05\
@WX\x00\x9c\x01\x1cEsk\xe1\xfc\xca\xe3\xb1\x01\
\xe1\x02\xc0l\x80\xb9\x00\xe8:7\x01\xc7\x00GF\xc4\
\xd5\xb5\x07c\xfd\xcd\x05\x80\xd9\x00s\x01\xd0\xb5\x16\xd2\
\x1c\xcf|\x14\xf0S\xf7\x17\xb0\x0c.\x00\xcc\x06\x98\x0b\
\x80\x9ep3p$\xcd^\x81\x7f\xd5\x1e\x8c\xf5\x0f\x17\
\x00f\x03\xcc\x05@Oy\x188\x0e\xf8tD\x5cV\
{0\xd6\xfb\x5c\x00\x98M\x91\xa4\x19\xc0\x8a\xc0\x0a\xc3\
\xfe\xbb<\xb0\x1c\xb0\x14\xb0D\xe7\xcf\x96\xe8\xfc\xff\x90\
e\x80\xc5:\xbf\x7f\x80f7\xf8\xdf\x81S#\xe2\xde\
\x22\x83\xefH*\x00~\x03\xdcM\xf3\x98\x0c\xff\xb5t\
B\xaeA\xb4\x108\x198$\x22\xce\xa9=\x18\xeb]\
.\x00\xccF!i%`m`\x1d\x9a\xc3rV\x1b\
\xf1kU\xe0\xf1-\xa7\x9dK\xf3\x09\xef#\x11qm\
\xcb\xb1G\x95T\x00\xec\x16\x11\xc7\x8f\x92k\x09\x1e[\
\x14\xac\x0a\xac\xd5\xf9\xb5N\xe7\xbf\xab\x03\xb3\x12\xc6\xd5\
\x8f\xfe\x04\x1c\x0a\x9c\x18\x11\x0bj\x0f\xc6z\x8b\x0b\x00\
\x1bX\x92V\x06\x9e\x06l\xd0\xf9\xf5\x14`=\x9a\x1f\
\xfc\xcbT\x1c\xdaC\xc0\xbe\x11\xf1\x8d\xecD%\x0b\x80\
\x89\x924\x8b\xa6\x08\x18^\x14\xacM\xf3\x1cmH\xfb\
\x85W?\xb8\x0a\xf8\x12\xf0\xed\x88x\xa0\xf6`\xac7\
\xb8\x00\xb0\xbe'i\x19`#\xe0\x99\xc0\xb3:\xff}\
:\xcd\xf2|7\xfblD\xec\x9f\x99\xa0\x1b\x0b\x80\xf1\
HZ\x05x\x06\xcds8\xf4\xdf\x0diV\x14\x06\xdd\
\x9d\xc0\x17\x81\xc3|\xfe\x80\x8d\xc7\x05\x80\xf5\x15IK\
\x02\xcf\x06\xb6\xe8\xfc\xda\x9c\xe6S\xfd\x8c\x9a\xe3\x9a\x86\
}\x22\xe2\xa8\xac\xe0\xbdX\x00,\x8a\xa4Ui\x0a\x82\
\x8d\x81\xe7\x02\xcf\xa1\xb9|3\x88n\x07>\x07|\xc5\
\xa7\x12\xda\xa2\xb8\x00\xb0\x9e&\xe9\x89\xc0\xf3\x81\xad\x81\
-i>\xe9\xf7\xd3\xf5\xe3\x87\x81\x0d\xb2\xf6\x04\xf4S\
\x010\x1aI\xab\x01\x9b\x01\x9bv~mM\xb3Qs\
P\xdc\x0e\x1c\x02\x1c\x1e\x11sj\x0f\xc6\xba\x8b\x0b\x00\
\xeb)\x92\xd6\x01^\x0a\xbc\x80\xe6\xcd|\xbd\xaa\x03*\
\xe3\x98\x88\xd8##p\xbf\x17\x00#u\xf6\x17lH\
\xb3B\xb0%\xcdki\xf5\xaa\x83*\xe3\x06\xe0\x934\
{\x04|\x1a\xa1\x01.\x00\xac\xcbu\xae\xdf?\x17x\
Y\xe7\xd7\xa6uGT\xc5\xc3\xc0\x132n\x11\x1c\xb4\
\x02`4\x92\xd6\xe3\xdf\xaf\xafm\xe8\xef\x15\x82\xeb\xf8\
w!\xe03\x07\x06\x9c\x0b\x00\xeb:\x92\xd6\x07v\x02\
v\xa4\xf9\x946\xb3\xee\x88\xbaB\xca\x0fU\x17\x00\x8f\
\xd6Y!x\x0e\xcd\xca\xc0\xcbh\x8a\xcf\xc5\xc6\xfc\xa2\
\xdet\x05p\x00\xf0\xe3\x88p3\xa8\x01\xe5\x02\xc0\xba\
\x82\xa4g\x00\xbb\x02\xdb3\x98\x9f\xf2\xc7spD|\
\xb4\xed\xa0.\x00\xc6\xd6Y\x81z\x09MA\xfa*`\
\xa5\xba#j\xdd\x1f\x80wG\xc4y\xb5\x07b\xe5\xf5\
\xd3f)\xeb!\x92f\x02\xcf\xa3\xf9\xa1\xffj\x06w\
\xb7\xf6D\x0d\xc2u\xea\xae\x13\x11\xf7\x03?\x07~>\
\xec5\xbb=\xb0\x0b\xf0\xa4\x9ack\xc9\xf3\x80?J\
\xfa\x09\xf0\xfe\x88\xb8\xae\xf6\x80\xac\x9c^\xbd5\xcaz\
\x90\xa4\x99\x92^.\xe9\x18\x9a\xdd\xc9g\x03\xfb\xe2\x1f\
\xfe\x13\xb1l\xed\x01\x0c\xba\x88X\x10\x11\xe7D\xc4\xfe\
\x11\xf1d\x9a\xcd\x84\x1f\x07.\xad<\xb4\xe9\x0a\x9aB\
\xfc2I\x07J\x9a]{@V\x86\x0b\x00K'\xe9\
\xa9\x92\x0e\x04\xfe\x09\xfc\x12x\x13\xfd\xbd\xd1\xca\x06@\
D\x5c\x12\x11\x07F\xc4P3\xa2\x03h^\xe3\xbdj\
)\x9a9\x5c*\xe95\xb5\x07c\xf9\x5c\x00X\x0aI\
\xcbK\xda[\xd294\x9f\x90\x0e\xa0i\xebj\xd6w\
\x22\xe2\xb2\x888\xa8\xb32\xb0\x19p8\xcd*W/\
Z\x178^\xd2\x99\x926\xae=\x18\xcb\xe3\x02\xc0Z\
\xd3Y\xe2\x7f\x99\xa4\xa3\x81\x9bh\xce0\xdf\x0ao6\
\xb5\x01\x12\x11\x17D\xc4~4\x97\xb6^\x07\xfc/\xd0\
\x8b\xb7\xdc\xbd\x108_\xd2\x91\x92\xdcf\xb9\x0f\xb9\x00\
\xb0i\x93\xb4\x86\xa4O\xd3\xfc\xd0\xff5\xb0;\xb0d\
\xddQ\x99\xd5\x15\x11\x0fE\xc4\xb1\x11\xb1=\xb0\x0a\xb0\
\x0fpA\xe5aM\xd6L`o\x9a\xcb\x02)\xcd\xa8\
\xac\x1e\x17\x006e\x926\xed|\xda\xbf\x0a\xd8\x1fx\
B\xe5!\x99u\xa5\x88\xb83\x22\x8e\x8a\x88\xcdh.\
\x11\x1c\x05\xf4Rk\xdeU\x80\xefI:E\x927\xed\
\xf6\x09\x17\x006)\x92\x16\x97\xb4\xab\xa4s\x81\xf3i\
>\xed\xf7c\xa3\x14\xb3\x14\x9dK\x04\xfb\xd0\xec\x89\xd9\
\x9f\xa6;_\xafx%\xf0wI\xfbI\xf2\xcf\x8f\x1e\
\xe7'\xd0&D\xd2\x13$}\x00\xb8\x128\x8e\xa6C\
\x9f\x99MQD\xdc\x16\x11\x9f\xa59\xcfb\x07\xe0t\
\xa0\x17\xba\xf2-\x07|\x09\xf8\x9d\xa4\xa7\xd5\x1e\x8cM\
\x9d\x0b\x00\x1b\x93\xa4\x8d$}\x97\xe6S\xcag\x805\
\xea\x8e\xc8\xac\xbft\xfa\x0b\x9c\x1c\x11\xdb\xd0\xdcNx\
8\xf0@\xe5aM\xc4V\xc0E\x92>#i\xf1\xda\
\x83\xb1\xc9s\x01`\xa3\x92\xb4a\xe7\xfa\xfe\x85\xc0\x9b\
\x81%*\x0f\xc9\xac\xefE\xc4\xe5\x9d;\x08\xd6\x01\x0e\
\x06\xee\xae;\xa2q-\x06|\x80\xe6n\x81-j\x0f\
\xc6&\xc7\x05\x80=\x8a\xa4gK:\x09\xb8\x98\xe6\xfa\
\xbe\x0f\xe21+,\x22n\xef\x9c\xfd\xb0&\xf0n\x9a\
;l\xba\xd9F\xc0\xef;\xab\x01\xde\x13\xd4#|\x7f\
\xb6\x01 i3\xe0c4}\xce\xfd\xbax\xac;\x80\
k\x80[h\x1a\xbc\xfck\xc4\xefo\x03n\xed\xfc\xff\
\xf7hZ\xab\xb6\xe9\xf8\x88\xd8\xad\xe5\x98>\x0c\xa8G\
HZ\x02x-\xf0Q\xba\xff\x0c\x82\xf3\x807E\xc4\
\x15\xb5\x07bc\xf3a@\x03N\xd2\xb3\x80\x0f\x03\xaf\
\xc1?\xf8\xef\xa2\xb9\xa5q\xe4\xafK\x22\xe2\xe6\x89\x06\
\xc9\xf9\x99j\x83,\x22\x1e\x06\x8e\x96\xf4#\xe0\xf5\xc0\
\x07\x81\xa7\xd6\x1d\xd5\x22m\x01\x5c \xe9\xfd\x11qT\
\xed\xc1\xd8\xa2\xb9\x00\x18P\x926\xa1\xb9\xc6\xb8]\xed\
\xb1T\xf0\x00p\x11\xf0\x17\x9a=\x0e\x17\x02WtN\
~3\xebZ\x111\x8f\xa6\x10\xf8>\xb0\x1b\xcdaD\
O\xa9;\xaaQ-\x0b\x1c)\xe9%\xc0\xdb#\xa2\xdb\
\xf72\x0c$\x17\x00\x03F\xd2\xea4}\xf9\xdf\xca`\
\x5c\xdf\xbf\x17\xf8\x1bM\x07\xb6\xa1_\x97G\xc4\x82\xaa\
\xa32\x9b\x86\x88X\x08\xfc\xb8s\x8c\xef^4\xdf\xd3\
\xddxd\xf4k\x81-%\xed\x11\x11g\xd6\x1e\x8c=\
\x9a\x0b\x80\x01!ii\xe0\xbf;\xbf\x96\xaa<\x9cL\
\xb7\x00g\x01g\x02gF\xc4\xe5u\x87c\x96'\x22\
\xe6\x03GuV\x04\xfe\x1fMc\xa1n;isM\
\xe0\xb7\x92\xbe\x0c\xfcwD\xcc\xad= k\xb8\x00\xe8\
s\x92\x82\xe6\xfa\xfe\xe7\x81\xb5+\x0f'\xc3m4\x9b\
\x8e\xce\xa1i\xa4\xf2\x97\x88\xf0Ex\x1b(\x11\xf1 \
\xf0YI\xdf\xa4\xd9\x1f\xf0.`v\xddQ=J\x00\
\xfb\x02\xcf\x93\xf4Fo\x10\xec\x0e\xbe\x0d\xb0\x8fIz\
1\xcd\x92\xf7q\xf4\xcf\x0f\xff\x87\x81\xd3\x80\xff\x02\x9e\
\x11\x11\xabD\xc4\xab\x22\xe2\xb3\x9d\x16\xab\xfe\xe1o\x03\
+\x22\xee\x88\x88\xf7\x03O\xa69o\xa0\xdbN!\xdc\
\x9cf\x83\xe0.\xb5\x07b.\x00\xfa\x92\xa4'K:\
\x0e\xf8-\xf0\xec\xda\xe3i\xc1]\xc0\xf14\x0d\x89V\
\x89\x88\xed\x22\xe2+\x11qi\xe5q\x99u\xa5\x88\xb8\
\xa1s\xde\xc0\xb3\x813j\x8fg\x84e\x81\xe3%\x1d\
,i\x10\xf6!u-\x17\x00}D\xd2b\x9d~\xfd\
\x7f\xa3\xfd\xfb\xd0K\xbb\x86\xe6\x13\xcc\x0e4?\xf4w\
\x8b\x88\xa3#\xe2\x9e\xba\xc32\xeb\x1d\x11\xf1\xf7\x88x\
\x09\xcd\xf7\xd1\xb5\xb5\xc73L\xd0\xdc~\xfckI>\
E\xb4\x12\x17\x00}\xa2\xb3\xdc\xffw\x9a~\xfd\xbd\xda\
\xb6\xf7\x1a\x9a[\x137\x8a\x88u#b\x9fN\x8f\xf4\
y\x95\xc7e\xd6\xd3\x22\xe2d\x9as\x06>Ns\x19\
\xad[\xbc\x98\xa6\x8d\xf0\xe6\xb5\x072\x88\x5c\x00\xf48\
I+H:\x12\xf8\x0d\xddy?\xf0x\xee\x05\x8e\x01\
\xb6\x01\xd6\x8b\x88\x8fF\xc4\xdf+\x8f\xc9\xac\xefD\xc4\
\x83\x11q M\xdb\xdeS+\x0fg\xb85iN\x16\
|k\xed\x81\x0c\x1a\x17\x00=L\xd2\xae\xc0\xe5\xc0\xde\
\xf4V\x17\xbf\x054;\xf6\xdf\x0c\xac\x1e\x11{D\xc4\
\xe9\xde\xc0g\x96/\x22\xae\x88\x88\xff\xa0\xb9,pM\
\xe5\xe1\x0c\x99\x0d|S\xd2\x91>Y\xb0\x1c\x17\x00=\
H\xd2\xfa\x92~E\xb3\xbb\xbf\x97\xae\x9f]\x02\xbc\x07\
xbDl\xd3\xb9\xa6\xdf\x0b\xc7\x9e\x9a\xf5\x9d\xcee\
\x81g\x00\x9f\xa5{\xee\x16\xd8\x1b8S\xd2\x13k\x0f\
d\x10\xb8\x00\xe8!\x9dM~\xfb\xd3l\xf2\xdb\xa6\xf6\
x&h\x01p\x12\xf0\xd2\x88\xd80\x22\xbe\x14\x11\xb7\
\xd6\x1e\x94\x99=rY`\x7f\xe0\xb94\xef+\xdd\xe0\
y\xc0\x9f%mZ{ \xfd\xce\x05@\x8f\x90\xb4.\
\xcd\xed<\x9f\x06\x96\xac<\x9c\x89\xb8\x078\x1cxR\
D\xec\x1c\x11\xbf\xad= 3\x1b]D\x5c\x00lJ\
\xd3I\xb0\x1b:\xf5\xad\x06\x9c%i\x87\xda\x03\xe9g\
.\x00z\x80\xa4=\x80\x8b\x81\xadj\x8fe\x02\xfe\x0a\
\xecCsm\x7f\xbf\x88\xb8\xa6\xf2x\xccl\x02\x22b\
^D|\x16\xd8\x0c8\xbf\xf6x\x80\xa5\x81\x13%\xfd\
\xbf\xda\x03\xe9W.\x00\xba\x98\xa4'H\xfa9\xcd\xf9\
\xf2\xcb\xd4\x1e\xcf\x18\x04\xfc\x0cx~D<;\x22\x8e\
\xea\xb4&5\xb3\x1e\x13\x11\x7f\xa3Y\x86\xdf\x9f\xfa\xb7\
\x0c\xce\x04\x0e\x97t\x98$\xff\xbcj\x99\x1f\xd0.%\
\xe9\xe54\xc7\xd4\xbe\xaa\xf6X\xc6\xb0\x108\x05\xd8<\
\x22v\x8a\x88sj\x0f\xc8\xcc\xa6/\x22\xe6wV\x03\
6\xa59k\xa3\xb6}\x81\x13$\xf5\xf3Af\xc5\xb9\
\x00\xe82\x92\x96\x94t\x18M\xbf\xfbn<\xde\x13\x9a\
\x1f\xfc\xc7\x03\x1bv\xfa\xf0_P{@f\xd6\xbe\x88\
\xb8\x84\xe6\xd2\xe3A4\x1bzk\xda\x098C\xd2*\
\x95\xc7\xd17\x5c\x00t\x11I\x9b\xd1|\xea\xdf\x97\xee\
\xbc\xaf\x7f\x1eM\xd3\x9e\xa7wZ\xf3^V{@f\
\x96\xab\xb3\x1ap\x00\xb05pu\xe5\xe1l\x01\xfcA\
\xd2\xd3*\x8f\xa3/\xb8\x00\xe8\x02\x92B\xd2\xfb\x80\xdf\
\x03\x1b\xd4\x1e\xcf(\xe6\x01_\x07\x9e\xdci\xda\xf3\x8f\
\xda\x032\xb3\xb2\x22\xe2\x8f4\x1b\x04O\xac<\x94u\
\x81s%\xbd\xa8\xf28z\x9e\x0b\x80\xca$-\x0b\x1c\
\x0b\x1c\x02,Vy8\xa39\x85\xe6\xd8\xddwDD\
7\x1d&bf\x85E\xc4\x9d\x11\xb1\x0bM\x17\xcf\x9a\
M\xbcV\x00N\x93\xb4S\xc51\xf4<\x17\x00\x15I\
\xda\x00\xf8\x03\xddyr\xdf\x9f\x80\x17t\xae\xf1_Q\
{0f\xd6=\x22\xe2h`s\xe0\xa2\x8a\xc3X\x82\
\xe6X\xe17U\x1cCOs\x01PI\xa7r\xfd\x13\
M+\xcenr\x05\xb0\x1b\xf0\xbc\x888\xbb\xf6`\xcc\
\xac;u\xf6\x00=\x97\xa6\xe1W\xads<f\x01\xdf\
\x95\xb4W\xa5\xfc=\xcd\x05@a\x92fI\xfa\x0cM\
{\xdc\xc7\xd5\x1e\xcf0w\xd0\xdc\xf7\xbbQD\x1c\xef\
\x83y\xccl<\x11\xf1PD\xec\x07\xbc\x9ez\x97\x04\
f\xd2\x1c$\xb4_\xa5\xfc=\xcb\x05@A\x92V\xa3\
i\xe7\xfb\x81\xdac\x19f\x1e\xf0y\x9a\xa3x?\x1b\
\x11\xb5\x1b\x7f\x98Y\x8f\x89\x88c\x81-\x81+k\x0d\
\x01\xf8\x92\xa4\x8fU\xca\xdf\x93\x5c\x00\x14\x22\xe9\xf9\xc0\
\x054\xb7\xd2t\x8bs\x81M\x22\xe2\x7f\x22\xe2\xde\xda\
\x831\xb3\xde\x15\x11\x17\x03\x9b\x00?\xaf8\x8c\x8fw\
VXm\x02\x5c\x00\x14 io\xe0\xb74\x07\x5ct\
\x83;\x80\xff\xa4i\xdd\xfb\xf7\xda\x831\xb3\xfe\xd0\xf9\
 \xb1\x13\xcd\xe5\xc4Z\x97\x11? \xe9\x08I\xdd\xd8\
K\xa5\xab\xb8\x00H\xd4\xb9\xbf\xff@\xe0H\x9a\xcd*\
\xb5\x89\xa6\x91\xcf\xd3\x22\xe2[\xbe\xceofm\x8b\x08\
u\xda\x08\xbf\x16\xb8\xbf\xd20\xde\x05|\xcd\xe7\x07\x8c\
\xcd\x0fN\x12IK\x00?\x00\x0e\xa8=\x96\x8e\xff\x03\
^\xdei\xe4\xf3\xaf\xda\x831\xb3\xfe\x16\x11\xc7\xd34\
\x0e\xba\xbc\xd2\x10\xf6\xa1\xd9\x1c\xe8\x95\x80Ep\x01\x90\
@\xd2\x13\x803iv\xc6\xd6\xf60\xf0a\x9a\xbe\xfd\
\xa7\xd7\x1e\x8c\x99\x0d\x8eN\xd7\xd0-\x81\xdfT\x1a\xc2\
\x9e4M\xd6l\x14.\x00Z&\xe9I\xc094\xf7\
\xc7\xd6\xf6w\x9a\xfb\xf9?\x15\x11\xf3j\x0f\xc6\xcc\x06\
OD\xdc\x05l\x0b|\xa3\xd2\x10\xde\xdb\xb9\x14k#\
\xb8\x00h\x91\xa4\xadh:\xfb=\xb9\xf2P\x16\xd24\
\xe7\xd8,\x22.\xac<\x163\x1bp\x111\x9ffI\
\xfe\xe3\xd4\xd9\x1cx\x80\xa4n\xba\xfd\xba+\xb8\x00h\
\x89\xa47\xd3\xec\xf4_\xa9\xf2P\xae\x06^\x1c\x11\xfb\
\xf9\x9e~3\xeb\x16\x9d\xcd\x81\x07\xd2,\xcb\xd7X\x91\
\xfc\x8c\xa4\xf7T\xc8\xdb\xb5\x5c\x00\xb4\xa0\xd3|\xe2;\
\xc0\xe25\x87\x01|\x95\xa6\x93\xdf\xef*\x8e\xc3\xccl\
\x91\x22\xe2{\xc0v\xc0=\x15\xd2\x1f*\xe9?+\xe4\
\xedJ.\x00\xa6\xa1s\x9b\xdf!4\xcbZ5w\x9a\
\xde\x02\xec\x10\x11\xef\x8a\x88\x9a't\x99\x99\x8d+\x22\
~C\xd3\x14\xed\xba\xd2\xa9\x81\xafKz]\xe1\xbc]\
\xc9\x05\xc0\x14un-9\x0cx_\xe5\xa1\xfc/\xcd\
q\xbd\xa7T\x1e\x87\x99\xd9\x84u\x9a\x90=\x0f(\xbd\
Oi&p\xb4\xa4W\x15\xce\xdbu\x5c\x00L\x81\xa4\
\x994K\xfe\xff\xaf\xe20\x16\xd0\xac<\xec\x10\x11w\
V\x1c\x87\x99\xd9\x94D\xc4M\xc0\x8b\x81\xdf\x17N\xbd\
\x18p\x9c\xa4\x17\x16\xce\xdbU\x5c\x00L\x92\xa4\xc5\x81\
\xe3\x807W\x1c\xc6m\xc0\xb6\x11q`D,\xac8\
\x0e3\xb3i\x89\x88{\x80m\x80_\x17N=\x1b\xf8\
\x99\xa4\x0d\x0b\xe7\xed\x1a.\x00&A\xd2R\xc0\xc9\xc0\
\xce\x15\x87q&\xb0\xb1\x9b\xfa\x98Y\xbf\x88\x88\x07\x81\
W\x01?-\x9c\xfaq\xc0\xc9\x92V)\x9c\xb7+\xb8\
\x00\x98 I\x8f\x03~\x05\xbc\xbc\xd6\x10\x80\xcf\x02/\
\x8b\x88\x9b+\x8d\xc1\xcc,E\xe7\xb6\xe5\xd7\x02?)\
\x9cz\x1d\xe0\x14IK\x17\xce[\x9d\x0b\x80\x09\x90\xb4\
\x12M+\xcb\xad*\x0d\xe1v`\xbb\x88\xd8?\x22\x16\
T\x1a\x83\x99Y\xaa\x88\x98\x0b\xbc\x0e\xf8n\xe1\xd4\x9b\
\x01?\xee\xec\xef\x1a\x18.\x00\xc6!\xe9\xf14?\xfc\
7\xad4\x84\xbf\x01\x9bG\xc4/+\xe573+\xa6\
\xf3!g/\xe0\xcb\x85So\x0f|\xaep\xce\xaa\x5c\
\x00\x8cA\xd2r\xc0\xa9\xc03+\x0d\xe14\xe0\xf9\x11\
qM\xa5\xfcff\xc5u\x8e*\xdf\x0f8\xb4p\xea\
\xf7J\xaaywWQ.\x00\x16a\xd8\x86\xbf\xcd+\
\x0d\xe1p`\xfb\xce\x0eY3\xb3\x81\xd2i\x1d\xfc~\
\xe0\xf3\x85S\x7fQ\xd2\x8e\x85sV\xe1\x02`\x14\x9d\
[\xfd~\x02\xbc\xa0B\xfa\xf9\xc0\xbb:\xbd\xfc}\xbd\
\xdf\xcc\x06\xdd\x07\x80\xaf\x17\xcc7\x13\xf8\xa1\xa4\xe7\x14\
\xccY\x85\x0b\x80\x11$-F\xf3\xc3\x7f\xbb\x0a\xe9\xef\
\x04^\x1e\x11_\xad\x90\xdb\xcc\xac\xebt.\x07\xbc\x0b\
8\xa6`\xda\xa5\x80\x93$\xad^0gq.\x00\x86\
\xe9\xec\x00=\x9a\xe6~\xd4\xd2\xae\x00\xb6\x8c\x883*\
\xe463\xebZ\x9d\x86g{\x02\xc7\x16L\xbb\x1ap\
BgE\xb8/\xb9\x00\xe8\x904\x03\xf8\x16\xcd-(\
\xa5\x9dE\xb3\xd3\xff\x1f\x15r\x9b\x99u\xbd\xce%\xd1\
\xdd\x81\x92\xe7\x9e<\x17\xf8B\xc1|E\xb9\x00\xe0\x91\
\x83}\x8e\xa0N{\xdf\x93i\xee\xf1\xf7f?3\xb3\
1D\xc4<`\x17\xa0\xe4m\xd1\xef\x92\xb4g\xc1|\
\xc5\xb8\x00h|\x12xG\x85\xbc\xdf\x05v\x8e\x889\
\x15r\x9b\x99\xf5\x9cN\xb3\xa0\x9d\x81\xb3\x0b\xa6\xfd\xaa\
\xa4Z\xbd`\xd2\x0c|\x01 \xe9\xad\xc0\x07+\xa4>\
\x1cxkD\xcc\xaf\x90\xdb\xcc\xacg\x0d;;\xe0\xe2\
B)g\x03\xc7KZ\xb1P\xbe\x22\x06\xba\x00\x90\xb4\
\x1deo/\x81\xa6\xa7\xff\xc7;\xb7\xf9\xf9$?3\
\xb3)\xe8\x5c6\xdd\x0e\xb8\xbeP\xcau\x81c\xfb\xa9\
]\xf0\xc0\x16\x00\x926\x02~\x04\xcc*\x98v\x01\xf0\
\xf6\x888\xb0`N3\xb3\xbe\x14\x117\xd1\x14\x01w\
\x17J\xf92\xe0\x80B\xb9\xd2\x0dd\x01 i-\x9a\
6\xbb\x8f+\x98\xf6a`\xb7\x888\xaa`N3\xb3\
\xbe\x16\x11\x97\xd0\xec\x09\x98[(\xe5G$\xd5<\x12\
\xbe5\x03W\x00t\xfa\xfb\x9f\x0c\x94l\xf00\x97\xe6\
\x87\xff\x89\x05s\x9a\x99\x0d\x84N\xff\x94\xb7\x97J\x07\
|K\xd2\xfa\x85\xf2\xa5\x19\xa8\x02`X\x97\xbf\x92\x87\
\xfb\xcc\x05v\x8d\x88\x9f\x17\xccif6P\x22\xe2;\
\xc0A\x85\xd2-Os|\xf0b\x85\xf2\xa5\x18\x98\x02\
\xa0s\xaf\xffQ\xc06\x05\xd3\xce\x03^\xeb\x1f\xfef\
fE\x1cHs{u\x09\x9b\x01\x1f+\x94+\xc5\xc0\
\x14\x004O\xd4[\x0a\xe6\x1b\xfa\xe1\xff\xd3\x829\xcd\
\xcc\x06V\xe7\xdc\x80}\x80\xdf\x14J\xf9AI\xcf/\
\x94\xabu\x03Q\x00t\x8ev,\xb9ss\x01\xb0G\
D\x9cT0\xa7\x99\xd9\xc0\xeb4\x0a\xda\x15\xf8g\x81\
tC'\x07\xaeP W\xeb\xfa\xbe\x00\x90\xb4\x01\xf0\
=\x9a\x8d\x1b%\x0c\xfd\xf0\xffq\xa1|ff6L\
D\xdcE\xd3(\xe8\xde\x02\xe9\xd6\xa0\xb9\xbc\xdcs\xfa\
\xba\x00\xe8\xec\xf8\xff)\xe5n\xf7[\x00\xbc1\x22~\
X(\x9f\x99\x99\x8d\x22\x22.\xa7\xb9\xec\xab\x02\xe9^\
#\xe9M\x05\xf2\xb4\xaao\x0b\x80\xce\xa6\xbfo\x01O\
-\x95\x12\xd8'\x22J\x1eWiff\x8b\xd0\xb9\x0c\
\xfb\xb9B\xe9\xbe&\xe9\xc9\x85r\xb5\xa2o\x0b\x00\xe0\
\xc3\xc0k\x0a\xe6\xfbXD|\xab`>33\x1b\xdf\
\x87\x80S\x0b\xe4Y\x06\xf8A/\xdd\x1a\xd8\x97\x05\x80\
\xa4mhn\x07)\xe5\xc8\x888\xb8`>33\x9b\
\x80\xce\x99+o\x04\xae,\x90ns\x9a\x82\xa3'\xf4\
]\x01 im\xe0\x874\xbb3K\xf89\xf0\xaeB\
\xb9\xcc\xccl\x92:\x9b\x02w\x01\x1e,\x90\xee#\x92\
6+\x90g\xda\xfa\xaa\x00\x90\xb4$p\x22\xb0R\xa1\
\x94\xbf\xa3\xb9\xd7\x7fA\xa1|ff6\x05\x11q\x11\
\xf0\x9f\x05R\xcd\x02\xbe\xd9\x0b\x97\x02\xfa\xaa\x00\x00\xbe\
\x01lR(\xd7\xdf\x80\x1d#\xe2\xa1B\xf9\xcc\xccl\
\x1a\x22\xe2G\x949\x02\xfeY\xc0\xfb\x0b\xe4\x99\x96\xbe\
)\x00$\xedIs\x9d\xa7\x84\x1b\x80WFD\xa9#\
(\xcd\xcc\xac\x1d\xef\x01..\x90\xe7\x00IO+\x90\
g\xca\xfa\xa2\x00\xe8\xdczqx\xa1t\xf7\x00\xaf\x88\
\x88\xeb\x0b\xe533\xb3\x96tVm\xdf\x00\xccIN\
\xb5\x04\xf0\xf5\xce-\xe9]\xa9\xe7\x0b\x00I\xb3\x80c\
hn\xc1\xc8\xb6\x10xSD\x5cZ \x97\x99\x99%\
\x88\x88K(\xb3D\xff\x02\xe0m\x05\xf2LI\xcf\x17\
\x00\xc0\xc1\xc0s\x0a\xe5\xfa@D\x9cR(\x97\x99\x99\
%\x89\x88\xaf\x02\xc7\x15H\xf5yIk\x14\xc83i\
=]\x00Hz\x01\xe56Z\x1c\x13\x11\x87\x14\xcae\
ff\xf9\xde\x0e\x5c\x9b\x9cc9\xe0k\xc99\xa6\xa4\
g\x0b\x80\xce\xe9K\xc7P\xe6~\xff?\xd0\xc5\xcb8\
ff6y\x9d\xfe\x00\xbb\xd3\x9c\xe3\x92i{I\xbb\
$\xe7\x98\xb4\x9e-\x00hn\xe5X\xab@\x9e\x9b\x80\
]#\xe2\xe1\x02\xb9\xcc\xcc\xac\xa0\x888\x1b\xf8d\x81\
TGt\xdb\xb1\xc1=Y\x00Hz;\xb0[\x81T\
s\x80\x9d\x22\xe2\xc6\x02\xb9\xcc\xcc\xac\x8eO\x00\xe7%\
\xe7X\x952\x85\xc6\x84\xf5\x5c\x01\xd0\xb9\xaf\xf2\xd0\x12\
\xa9\x80\xb7D\xc4\x9f\x0b\xe423\xb3J\x22b>\xf0\
f \xbb\xb1\xdb\xde\x92\x9e\x99\x9cc\xc2z\xaa\x00\x90\
4\x83\xe6\x88\xdf\xa5\x0a\xa4;4\x22J\xec\x1053\
\xb3\xca\x22\xe2r\xf2?\xa1\xcf\x04\xbe\x94\x9cc\xc2z\
\xaa\x00\x00\xde\x07<\xaf@\x9e\xf3h\x8e\x1363\xb3\
\xc1\xf1\x19\xe0\x82\xe4\x1c/\x96\xf4\xea\xe4\x1c\x13\xd23\
\x05\x80\xa4u\x81\x03\x0a\xa4\xba\x8b\xe6\x80\x9f\xb9\x05r\
\x99\x99Y\x97\xe8\x5c\x0a\xd8\x0b\xc8~\xff?D\xd2\xec\
\xe4\x1c\xe3\xea\x89\x02\xa0\xd3J\xf1(`\xe9\xecT\xc0\
^\x11qMr\x1e33\xebB\x11q1\xcdJ@\
\xa6\xf5\x80w'\xe7\x18WO\x14\x00\xc0\xde\xc0\xcb\x0a\
\xe4\xf9BD\xfc\xb4@\x1e33\xeb^\x9f\x00.L\
\xce\xf1aI\xab%\xe7\x18S\xd7\x17\x00\x92V'\xbf\
\x1a\x83\xe6\xba\xff\x87\x0a\xe413\xb3.\xd6\xb9\x14\xf0\
V`^b\x9ae\xa8|[`\xd7\x17\x00\xc0W\x80\
\xe5\x93s\xdc\x05\xbc\xce\xd7\xfd\xcd\xcc\x0c \x22.\x04\
\xbe\x90\x9c\xe6\xcd\x926K\xce\xb1H]]\x00Hz\
=\xb0Sv\x1a\x9a\xeb\xfeW'\xe713\xb3\xder\
\x10pMb\xfc\x19\xc0\xe1\xb5\x8e\x0c\xee\xda\x02@\xd2\
\xe3)s\xbf\xe4\xd7|\xdd\xdf\xcc\xccF\x8a\x88\x07\x81\
\xffNN\xf3<`\xd7\xe4\x1c\xa3\xea\xda\x02\x80\xe6\x87\
\xff\x13\x92s\x5c\x09\xfcOr\x0e33\xebQ\x11\xf1\
\x13\xe0\xb4\xe44\x07K\x9a\x95\x9c\xe31\xba\xb2\x00\x90\
\xb4\x15\xf0\xc6\xe44\x0bi\x96\xfe\x1fH\xcecff\
\xbdm_ \xf3@\xb8'\x03oH\x8c?\xaa\xae+\
\x00:\xed~\xbf\x04d_\x139$\x22~\x97\x9c\xc3\
\xcc\xccz\x5cD\x5c\x01|99\xcd\xc7%-\x9e\x9c\
\xe3Q\xba\xae\x00\x00\xf6\x01\xb2wE^F\x99\xae\x82\
ff\xd6\x1f\x0e\x022O\x86]\x87\xe6@\xa2b\xba\
\xaa\x00\xe8\x9c\x95|Pr\x9a\xf9\xc0\x9b#\x22\xfb\xd4\
'33\xeb\x13\x11q\x1f\xf9{\xc6>\x22i\x89\xe4\
\x1c\x8f\xe8\xaa\x02\x80\xa6\xfb\xd2J\xd99|\xc4\xaf\x99\
\x99MVD\xfc\x108#1\xc5Z\xc0\xdb\x12\xe3?\
J\xd7\x14\x00\x92\x9eA\xb3\xfc\x9f\xe9/\xc0\xa7\x93s\
\x98\x99Y\xffz7\xcd&\xf2,\x1f\x92\xb4db\xfc\
GtM\x01@\xd3\xf1/\xf36\x88\xb9\xc0\x1e\x11\x91\
\xd9\xda\xd1\xcc\xcc\xfaX\xe7\xb0\xa0\xef'\xa6X\x0dx\
Gb\xfcGtE\x01 \xe9\xb5\xc0\x0b\x93\xd3\x1c\x12\
\x11\x97$\xe703\xb3\xfe\xf71ro\x0b\xfc\xa0\xa4\
e\x13\xe3\x03]P\x00t\x96:>\x9b\x9c\xe6Z\xe0\
S\xc99\xcc\xccl\x00D\xc4\xb5\xc0W\x13S\xac\x04\
\xfcWb|\xa0\x0b\x0a\x00`\x7f`\xed\xe4\x1c\xeft\
\xc3\x1f33k\xd1\xa7\x80{\x12\xe3\xbfW\xd2R\x89\
\xf1\xeb\x16\x00\x92V\x06\xde\x93\x9c\xe6\xf8\x88\xf8Er\
\x0e33\x1b \x11q;pHb\x8a\x95\x80\xb7$\
\xc6\xaf\xbe\x02\xf0\x11 \xf3:\xc7}\xe4\x17\x18ff\
6\x98\x0e%\xb79\xd0\xfb$\xcd\xcc\x0a^\xad\x00\x90\
\xb4\x16\xf9\xb7\xfd}4\x222\x9f\x1c33\x1bP\x11\
1\x07\xf8db\x8a\xf5\x80\x1d\xb3\x82\xd7\x5c\x018\x10\
\xc8\xecxt1\xcd\xad\x85fffY\xbe\x01\x5c\x9e\
\x18\xff\x03Y\x81\xab\x14\x00\x92\x9e\x02\xec\x9e\x98b!\
\xb0OD\xccO\xccaff\x03\xae\xf3s&\xb3\x85\
\xfd\x16\x92\xb6\xcc\x08\x5ck\x05\xe0\x93\xe46\xfd\xf9N\
D\xfc11\xbe\x99\x99\xd9\x90\xe3\x80+\x12\xe3\xbf/\
#h\xf1\x02@\xd2\xa6\xc0.\x89)\xee\x07>\x9a\x18\
\xdf\xcc\xcc\xec\x11\x11\xb1\x00\xf8\x5cb\x8a\x9d$=\xb5\
\xed\xa05V\x00>\x09Db\xfc\xcfG\xc4\xcd\x89\xf1\
\xcd\xcc\xccF\xfa\x1eM\xd3\xb9\x0c3\x80}3\x82\x16\
#ik\xe0\x15\x89)n\xa2\xb9-\xc3\xcc\xcc\xac\x98\
\xce93_LL\xf1\x96N\xef\x9c\xd6\x94^\x01\xf8\
Lr\xfc\x8f\xb8\xe3\x9f\x99\x99U\xf2\x0d\xe0\xb6\xa4\xd8\
K\xd2\xf2!A\xc5\x0a\x00I/\x01\xb6JLq\x11\
\xcd\x12\x8c\x99\x99Yq\x11\xf1 pXb\x8awH\
Z\xac\xad`%W\x00\xd2\xeee\xec\xf8\xef\x88\xc8<\
\xa3\xd9\xcc\xccl<G\x00w'\xc5^\x15\xd8\xae\xad\
`E\x0a\x00I\xcf\x02\xb6ILqJD\xfc:1\
\xbe\x99\x99\xd9\xb8\x22\xe2^r\x9b\xd0\xbd\xad\xad@\xa5\
V\x00>H\xde\xce\xff\xf9\xc0\xff$\xc5633\x9b\
\xac\xc3\x80\x07\x93bo'i\x8d6\x02\xa5\x17\x00\x92\
\xd6\x03^\x93\x98\xe2\x98\x88\xb8,1\xbe\x99\x99\xd9\x84\
E\xc4\xbf\x80\x1f&\x85\x9f\x09\xec\xd9F\xa0\x12+\x00\
\x1f\xa0\x19p\x86\x05\xe4\xdfY`ff6YG$\
\xc6~[\x1b\xa7\x04\xa6\x16\x00\x92V\x01\xf6HL\xf1\
\xbd\x88\xf8\xbf\xc4\xf8fff\x93\x16\x11\x17\x01\xe7$\
\x85_\x13x\xd9t\x83d\xaf\x00\xbc\x17\x98\x9d\x14\xdb\
\x9f\xfe\xcd\xcc\xac\x9bu\xf5f\xc0\xb4\x02@\xd2r\xc0\
\xdeY\xf1i>\xfdg\x1e\xbe`ff6\x1d'\x00\
7&\xc5\xdeQ\xd2j\xd3\x09\x90\xb9\x02\xf0.`\xf9\
\xa4\xd8\xf3h\xce\x14033\xebJ\x9d\xf6\xc0\xdfH\
\x0a?\x8bi^bO)\x00$-N\xc2\xc1\x05\xc3\
\x1c\x13\x11W%\xc6733k\xc3\x91\xc0\xdc\xa4\xd8\
{K\x9a\xf2-\xf6Y+\x00\xbb\xd0t,\xca\xe0O\
\xffff\xd6\x13\x22\xe2\x16\x9aK\x01\x19\xd6\x03\xb6\x9e\
\xea\x17g\x15\x00\xad\x1eX0\xc2\xf7\xfc\xe9\xdf\xcc\xcc\
zH\xe6-\x81\xaf\x9f\xea\x17\xb6^\x00H\xda\x10x\
~\xdbq;\x16\x02\x9fK\x8amff\xd6\xba\x88\xf8\
=\xf0\xf7\xa4\xf0\xbbM\xf5\x80\xa0\x8c\x15\x80w&\xc4\
\x1c\xf23\xef\xfc73\xb3\x1etLR\xdc\xc7\x03/\
\x9f\xca\x17\xb6Z\x00HZ\x06xc\x9b1G\xf8B\
bl33\xb3,\xdf\xa7\xe9_\x93\xe1\x0dS\xf9\xa2\
\xb6W\x00\xf6\x00\x96k9\xe6\x90\xf3#\x22\xab\xab\x92\
\x99\x99Y\x9a\x88\xb8\x098=)\xfc\x8e\x92\x96\x9e\xec\
\x17\xb5]\x00\xbc\xbd\xe5x\xc3\x1d\x9a\x18\xdb\xcc\xcc,\
\xdb\xd1Iq\x97\x06\xfec\xb2_\xd4Z\x01 \xe9\xf9\
\xc0Fm\xc5\x1b\xe1\x06\xf2n\xa3033+\xe1$\
\xe0\xee\xa4\xd8\xbbL\xf6\x0b\xda\x5c\x01\xc8\xbc\xf5\xefK\
\x9d\x8eJfff=)\x22\xe6\x90\xf7a\xf6\x95\x92\
\x96\x9c\xcc\x17\xb4R\x00HZ\x19\xd8\xb9\x8dX\xa3\xb8\
\x0f\xf8fRl33\xb3\x92\xb2.\x03,\xc3$\xef\
\x06hk\x05\xe0-\xc0\x12-\xc5\x1a\xe9\x9b\x11qO\
Rl33\xb3\x92\xce\x06\xaeL\x8a=\xa9\xcb\x00m\
\x15\x00\xbb\xb7\x14g\xa4\x85\xc0\x97\x93b\x9b\x99\x99\x15\
\x15\x11\xa2\xb9%0\xc3\xab&\xd3\x14h\xda\x05\x80\xa4\
\x8d\xc9\xdb\xfc\xf7\xab\x88\xb8:)\xb6\x99\x99Y\x0d?\
I\x8a\xbb<\x93\xe8\xc4\xdb\xc6\x0a@f\xe3\x9f\xacc\
\x14\xcd\xcc\xcc\xaa\x88\x88\xbf\x03\xffH\x0a\xff\xca\x89\xfe\
\xc3i\x15\x00\x92f\x00\xaf\x9bN\x8c1\xdc\x0a\x9c\x9c\
\x14\xdb\xcc\xcc\xac\xa6\x9f%\xc5\xddq\xa2\xffp\xba+\
\x00/\x05\xd6\x98f\x8cE\xf9\x8eo\xfd33\xb3>\
uRR\xdc\xf5%m0\x91\x7f8\xdd\x02\xe0M\xd3\
\xfc\xfaE\x11\xf0\xed\xa4\xd8fff\xb5\xfd\x89\xa6\xc9\
]\x86\xed'\xf2\x8f\xa6\x5c\x00HZ\x0ax\xf5T\xbf\
~\x1cg\xf8\xd4?33\xebW\x9d\xbb\x01~\x9e\x14\
~Bm\x81\xa7\xb3\x02\xb0\x13\xb0\xec4\xbe~,\xde\
\xfcgff\xfd.\xeb2\xc0\xd6\x139\x1ch:\x05\
@\xd6\xf2\xff\x1d\xc0O\x93b\x9b\x99\x99u\x8b\xb3\x80\
;\x13\xe2.\xce\x04n\x07\x9cR\x01 \xe9\x09\xc06\
S\xf9\xda\x098:\x22\x1eJ\x8amff\xd6\x15:\
\x1b\xddOI\x0a?\xee\xcf\xe8\xa9\xae\x00\xec\x06\xcc\x9a\
\xe2\xd7\x8e\xe7\xbbIq\xcd\xcc\xcc\xbaM\xd6\x8awZ\
\x01\x90\xb5\xf9\xef\xf2\x88\xb88)\xb6\x99\x99Y\xb79\
\x1d\xc8\xb8\xe5}CI\xab\x8d\xf5\x0f&]\x00H\x9a\
T\xab\xc1I\xfaAR\x5c33\xb3\xae\x13\x11\xf7\x01\
\x7f\xce\x08\x0d\xbcd\xac\x7f0\x95\x15\x80\xed\x81\x09\x1f\
60I\xc7&\xc5533\xebV\xbfI\x8a;\xe6\
\x87\xf5\xa9\x14\x00\x13n38I\xe7\xfb\xde\x7f33\
\x1b@\xa7'\xc5}\xe1X\x7f9\xa9\x02@\xd2\x12\xc0\
+\xa65\x9cE\xfbqR\x5c33\xb3n\xf6G\xe0\
\xfe\x84\xb8\x1bHZeQ\x7f9\xd9\x15\x80\x97\x92\xd3\
\xfcG\xe4\x1d\x8fhff\xd6\xb5\x22b.MO\x80\
\xd6C3\xc6e\x80\xc9\x16\x00Y\xcb\xffgG\xc4\xb5\
I\xb1\xcd\xcc\xcc\xba]\xd6>\x80\x17,\xea/&\x5c\
\x00H\x0a&q\xce\xf0$y\xf3\x9f\x99\x99\x0d\xb2_\
'\xc5\xddzQ\x7f1\x99\x15\x80\xe7\x00O\x9c\xfeX\
\x1ec>pBB\x5c33\xb3^q\x09psB\
\xdcgJZf\xb4\xbf\x98L\x01\xb0CK\x83\x19\xe9\
\x9c\x88\xb85)\xb6\x99\x99Y\xd7\xeb\x9c\x0e\x98q\x19\
`&\xb0\xe9h\x7f\xd1\x0d\x05\xc0\xff&\xc5533\
\xeb%\xbfO\x8a\xfb\xdc\xd1\xfepB\x05\x80\xa4\xd5\x81\
g\xb4:\x9c\x7f;9)\xae\x99\x99Y/\xf9SR\
\xdc\xa9\x17\x00\xc0\xcbZ\x1c\xc8pWF\xc4?\x92b\
\x9b\x99\x99\xf5\x92\x8b\x81\x07\x13\xe2N\xab\x00\x18\xb3\x9f\
\xf04\xfc<)\xae\x99\x99YO\x89\x88\xf9\xc0\x05\x09\
\xa1W\x95\xf4\x98M\xfc\xb5\x0b\x00_\xff733\xfb\
\xb7\xac\xcb\x00\xcf\x1e\xf9\x07\xe3\x16\x00\x92\x9e\x02\xac\x99\
0\x98{\x81\xb3\x13\xe2\x9a\x99\x99\xf5\xaa\xee)\x00h\
\xda\xfff\xf8U\xa7\xfd\xa1\x99\x99\x995\xba\xaa\x00\xf0\
\xf2\xbf\x99\x99Y\x01\x11q=pcB\xe8\xc9\x15\x00\
\x9d\xf6\xbf/J\x18\xc8B\xe0\xd4\x84\xb8fff\xbd\
.c\x15`mI+\x0c\xff\x83\xf1V\x00\x9e\x05\xac\
\x940\x90\xbf\xba\xfb\x9f\x99\x99\xd9\xa82\x0a\x80\x006\
\x1a\xfe\x07\xe3\x15\x00Y\xd7\xff\xcfH\x8akff\xd6\
\xeb\xfe\x9a\x14\xf7\xe9\xc3\xffg\xbc\x02 \xeb\xfa\x7f\xc6\
\xb9\xc7fff\xfd\xe0\x92\xa4\xb8\x13+\x00$\xcd\x04\
\x9e\x9f0\x80\x85\xc09\x09q\xcd\xcc\xccz^D\xdc\
\x08\xdc\x95\x10\xfaQ-\xfd\xc7Z\x01x\x06\xb0l\xc2\
\x00\xfe\x1a\x11\x19\x13333\xeb\x17\x97%\xc4\x9c\xf0\
%\x80\xcd\x13\x92\x03\x9c\x99\x14\xd7\xcc\xcc\xac_d\x5c\
\x06XU\xd2#\x1b\xfbk\x14\x00\xbe\xfeoff6\
\xb6\xac}\x00O\x19\xfa\xcdX\x05\xc0\x16\x09\x89}\xfd\
\xdf\xcc\xccl|Y\x05\xc0\x93\x86~3j\x01 i\
I`\xc3\x84\xc4\x17E\xc4\x9d\x09q\xcd\xcc\xcc\xfaI\
V\x01\xb0\xfe\xd0o\x16\xb5\x02\xb0\x09\xb0XB\xe23\
\x13b\x9a\x99\x99\xf5\x95\x88\xb8\x19\xc8\xf8\xc0<\xf6\x0a\
\x00y\xd7\xff}\xfa\x9f\x99\x99\xd9\xc4\x5c\x9a\x10s\xdc\
\x15\x80\x8c\xeb\xff\x00\xe7%\xc5533\xeb7\x19\xb7\
\x02>y\xe87%\x0b\x80[;\xcd\x0d\xcc\xcc\xccl\
|\xd7&\xc4\x5cQ\xd2\xe3`\x94\x02@\xd2\x8a\xc0z\
\x09I\xff\x9c\x10\xd3\xcc\xcc\xac_]\x97\x14w-\x18\
}\x05\xe094\xa7\x06\xb5\xed\x82\x84\x98fff\xfd\
*\xab\x00X\x13F/\x00\x9e\x9d\x94\xd0\x05\x80\x99\x99\
\xd9\xc4e\x5c\x02\x801V\x00\x9e1\xca\x9f\xb5\xe1\xfc\
\xa4\xb8fff\xfd\xe8F`AB\xdcE\xae\x00<\
}\x94?\x9b\xae\x1b;\xf74\x9a\x99\x99\xd9\x04D\xc4\
<\xe0\xa6\x84\xd0\x8f-\x00$\xcd`X\x9f\xe0\x16\xf9\
\xd3\xbf\x99\x99\xd9\xe4e\x5c\x06X\x03\x1e\xbb\x02\xb0.\
\xb0TB2_\xff733\x9b\xbc\x8c\x8d\x80\xab\xc0\
c\x0b\x80\x8c\xe5\x7fp\x01`ff6\x15\x19\x05\xc0\
\x13\xa0\x5c\x01pqR\x5c33\xb3~\x96\xd5\x0ch\
\xd6\xc8\x02\xe0i\x09\x89\xee\xa7\xd9\xc9hfff\x93\
sk\x00\xf4`F\x00\x00 \x00IDATB\xcc\
\x19\xc0\xca%V\x00.\x8f\x08%\xc4533\xebw\
w$\xc5]\xe5\x91\x02@R\x00OMHryB\
L33\xb3A\x90q$0\x8cX\x01X\x0bX6\
!\xc9?\x12b\x9a\x99\x99\x0d\x82\xac\x02`\xc5\xe1\x05\
@\xd6\x06@\xaf\x00\x98\x99\x99MM\xd6%\x80\xe5\x87\
\x17\x00\x19\x0d\x80\xc0\x05\x80\x99\x99\xd9\x94D\xc4\xc3\xc0\
\x83\x09\xa1W\x18^\x00\xac\x9d\x90`\x01pEB\x5c\
33\xb3A\x91\xb1\x0a\xb0\xfc\xc8=\x00m\xbb\xaaS\
\xbd\x98\x99\x99\xd9\xd4d\xec\x03H/\x00\xbc\xfcof\
f6=\xe9\x05\xc0\x9a\x09\x09|\x07\x80\x99\x99\xd9\xf4\
d\x5c\x02Xz\x16\x80\xa4%\xe8\x1c\x0e\xd0\xb2\x8c\x16\
\x86f\xd6\xdd\x9e+\xb9\xf7\x97Y\x8bVL\x88\xd9\x14\
\x004\x9f\xfe#!\xc1\xf5\x091\xcd\xac\xbb\xbd\xb7\xf6\
\x00\xccl\x5cK\x0e]\x02\xc8\xb8\xfe\x0fpCR\x5c\
333\x9b\xba\xa5\x86\x0a\x80\x8c\xeb\xff\xe0\x15\x003\
3\xb3n\xb4T\xe6\x0a\xc0\xc3\xc0\xbf\x12\xe2\x9a\x99\x99\
\xd9\xf4\xa4\xae\x00\xdc\xe8S\x00\xcd\xcc\xcc\xba\xd2\xe2\x99\
+\x00\xbe\xfeoff\xd6\x9df\x0d\x15\x00k$\x04\
w\x01`ff\xd6\x9df\x0e\x15\x00+'\x04\xf7\x06\
@33\xb3\xee\xf4H\x01\xb0BBp\xaf\x00\x98\x99\
\x99u\xa7Y3$-\x03,\x96\x10\xfc\xc6\x84\x98f\
ff6}3g\x00\x8fO\x0a\x9e\xd1\xbb\xd8\xcc\xda\
5\xb7\xf6\x00\xcc\xac\x8a\x053\xc8\xe91\x0cpWR\
\x5c3k\xcf-\xb5\x07`fU\xdc4\x83\x9c\xeb\xff\
\xe0\x02\xc0\xac\x17\x5c]{\x00fV\xc5\xd5\x99+\x00\
\x19\xe7\x17\x9bY\xbbN\xad=\x003\xab\xe2\x17Y\x05\
\xc0\xdc\x88x0!\xae\x99\xb5\xeb\x04`A\xedA\x98\
YQ\xf3\x81\x13\xb3\x0a\x00/\xff\x9b\xf5\x80\x88\xf8'\
\xf0\xdd\xda\xe30\xb3\xa2\xbe\x15\x11We\xed\x01p\x01\
`\xd6;>\x0a\xdc\x5c{\x10fV\xc4M\xc0\x01\x00\
^\x010\x1bp\x11q3\xf0j`N\xed\xb1\x98Y\
\xaa9\xc0N\x11q+4\x05\x80W\x00\xcc\x06\x5cD\
\xfc\x09\xd8\x0a\xb7\xf06\xebW7\x01/\x8a\x88?\x0f\
\xfd\xc1\x0c`\x99\x84Dw'\xc44\xb3D\x11q!\
\xb0\x05\xf0M\xbc1\xd0\xac_\xcc\x07\x8e\x026\x89\x88\
\xf3\x86\xff\xc5,`\xf1\x84\x84.\x00\xcczPD\xdc\
\x02\xbcM\xd2\xa7\x81\xd7\x00\xdb\x02\xeb\x03\xab\x92\xf3^\
af\xed\x9aK\xd3\xe0\xebJ\xe04\xe0'\x11q\xd5\
h\xff0\xab\x00x(!\xa6\x99\x15\xd2y\xc3\xf8\x5c\
\xe7\x97\x99\xf5\xa1\x19\xe4\x14\x00\xee/nff\xd6\xc5\
\xb2\x0a\x80y\x091\xcd\xcc\xcc\xac%.\x00\xcc\xcc\xcc\
\x06\xd0\x0c`\xb1\x84\xb8\xbe\x04`ff\xd6\xc5\xbc\x02\
`ff6\x80\xbc\x09\xd0\xcc\xccl\x00\xb9\x000\xeb\
\x0d/\x95\xb4n\xedA\x98Y\xff\xf0%\x00\xb3\xde\xb0\
\x22p\xa2\xa4%k\x0f\xc4\xcc\xfa\x83W\x00\xccz\xc7\
\xc6\xc0\x17k\x0f\xc2\xcc\xfa\xc3\x0c\x9an\x80m\xf3\x0a\
\x80\x0d2%\xc6\xdeG\xd2[\x12\xe3\x9b\xd9\x80\x98\x91\
\x147\xa3\xa80\xeb\x15\xd9ga|M\xd2\xa6\xc99\
\xcc\xac\xcf\xcd\xa09)\xa8m>4\xc4\x06\xd9\x8d\xc9\
\xf1g\x03\xc7I\xca8\xca\xdb\xcc\x06\xc4\x0c`aB\
\xdc%\x12b\x9a\xf5\x8a\xb3\x0b\xe4X\x0f8FR\xd6\
*\x9e\x99\xf59\xaf\x00\x98\xb5\xef\x5c\xe0\xe6\x02y^\
\x09|\xa8@\x1e3\xebC3\x80\x05\x09q\xbd\x02`\
\x03+\x22\xe6\x02G\x14J\xf7qI//\x94\xcb\xcc\
\xfaH\xd6%\x00\xaf\x00\xd8\xa0;\x14\xb8\xb4@\x9e\x19\
\xc0\x8f\xdc$\xc8\xcc&k\x06\xf0pB\x5c\x17\x006\
\xd0\x22\xe2a\xe0-\xe4|\x7f\x8d\xb4\x22p\xac$\xaf\
\xbc\x99\xd9\x84\xcd\x00\xe6$\xc4u\x01`\x03/\x22\xfe\
\x0c\xbc\xbbP\xba\xcd\x81\xc3\x0b\xe52\xb3>0\x03x\
0!\xae?\x89\x98\x01\x11\xf1u\xe0;\x85\xd2\xed-\
i\xafB\xb9\xcc\xac\xc7e\x15\x00^\x010\xfb\xb7w\
\x02\x7f)\x94\xeb+n\x12df\x131\x0b\x17\x00f\
\xa9\x22\xe2!I;\x03\x17\x00\x8fON7\x1b8A\
\xd2\xa6\x11qGr\xaeI\x93\xb4\x12\xf0r`S`\
e\x9a\xf1\x9aY{\xe6\x01\xb7\x02W\x02\xa7E\xc4\x95\
\x8b\xfa\x87Y\x05\xc02\x091\xcdzVD\x5c+i\
O\xe0g@$\xa7[\x1b\xf8\xae\xa4\x1d#\x22\xe3.\
\x9fI\x93\xf4\x14\xe0 `g`\xb1\xca\xc31\x1b\x18\
\x92\xce\x07>\x12\x11\xbf\x1c\xf9w3\x80\xfb\x13rf\
\x7f\xca1\xeb9\x11q2\xf0\xa9B\xe9\xb6\xa7K\x9a\
\x04I\xda\x0f\xb8\x18x-\xfe\xe1oV\xdaf\xc0i\
\x92\x8e\x95\xb4\xf4\xf0\xbf\x98A\xce\xc1%+%\xc44\
\xeb\x07\x1f\x03N+\x94\xeb\xe3\x92\xb6+\x94kT\x92\
\xbe\x08|\x09o\x0c6\xabm7\xe0w\x92\x96\x1f\xfa\
\x83\xac\x02\xc0+\x00f\xa3\xe8,\xc9\xbf\x11\xb8\xba@\
\xba\x19\xc0\xf7k5\x09\x92\xf4\x1e\xca\xdd\x06if\xe3\
\xdb\x84\xa6g\xc8,h\xde \xeeIH\xe2\x02\xc0l\
\x11\x22\xe2N\xe0u\x94k\x12t\xa2\xa4%\x0b\xe4z\
D\xe7\x9a\xffgJ\xe64\xb3\x09y9\xf0\x0eh\x0a\
\x80\xbb\x12\x12,\xeb\xaedf\x8b\x16\x11\xe7Q\xee\xd3\
\xf1\xc64\xcb\xf0%}\x02\xdf\x0dd\xd6\xad>*i\
\xd9\xacK\x00\xe0U\x00\xb31\xf5k\x93 I\xab\x02\
\xaf.\x91\xcb\xcc\xa6de`\xc7\xac\x15\x00p\x01`\
6\x11\xef\x02.*\x94\xeb\x08I\x1b\x17\xc8\xb3\x0d\xde\
\xedo\xd6\xedv\x98\x01\xdc\x96\x14\xdcw\x02\x98\x8d#\
\x22\xe6\x00;\x02%\x9a\xf6,\x09\xfcTRvq\xbe\
Ir|3\x9b\xbe\x8df\xd0t\x0c\xca\xe0\x15\x00\xb3\
\x09\x88\x88kiN\x0e,\xd1\xb4gm\xe0{\x92f\
$\xe6X51\xb6\x99\xb5\xe3\x89C+\x00J\x08\xee\
\x15\x00\xb3\x09\x8a\x88S\x80O\x17J\xf7J\xe0\xc3\x89\
\xf1\xbb\xa2\xfb\xa0\x99\x8di\xe9\x19\x111\x177\x032\
\xeb\x06\x07\x00\xbf.\x94\xeb@I/O\x8a}KR\
\x5c3k\xcf\x82\xa1e\xc0\x8c\xcb\x00k%\xc44\xeb\
[\x11\xb1\x80\xa6?@\xa9&A?Jj\x12ta\
BL3k\xd7\xfc\xcc\x02\xa0J\xf71\xb3^V\xa1\
I\xd0\xb1\x09=;N\xa39\x91\xcc\xcc\xba\xd7#\x05\
\xc0\x0d\x09\xc1]\x00\x98MA\xe1&A\x9b\x03\x87\xb7\
\x190\x22n\x07Nl3\xa6\x99\xb5\xee\x91K\x00\xd7\
'\x04_K\xd2\xcc\x84\xb8f}\xaf\x0f\x9a\x04\x1d\x00\
<\xd4rL3k\xcf\xfc\xcc\x02`1`\xf5\x84\xb8\
f\x83\xe2\x9d\xc0_\x0a\xe5\xfa\x8a\xa4M\xdb\x0a\x16\x11\
\xff\x00\xf6o+\x9e\x99\xb5n^f\x01\x00\xbe\x0c`\
6e\x11\xf1\x10\xb03e\x9a\x04\xcd\x06Nh\xb3I\
PD\x1c\x06\xfc\xa8\xadxf\xd6\xaa\x07\xb3\x0b\x80u\
\x92\xe2\x9a\x0d\x84>h\x12\xf4V\xe0\xfc\x16\xe3\x99Y\
;\xd2\x0b\x00\xaf\x00\x98MS/7\x09\xea\xb4:\xde\
\x85\xbc\x96\xe3f65\x0f\xc6\xd0\xef$\xdd\x0d<\xae\
\xe5\x04\xdf\x8d\x88=[\x8ei6p:\x9f\xca\xff\x17\
\xd8\xb6@\xba\x85\xc0\xf6\x11qj[\x01%\xbd\x08\xf8\
\x15\xe5\x0e\x09\xfa\x1bpy\xa1\x5cf\xd96\x05\xd6k\
9\xe6\x99\x8f\xfcN\xd2\x05j\xdf\x99\x8bLmf\x93\
\x22iEIW%|\x9f\x8e\xe6\x0e\xb5\xdc$H\xd2\
\x7f\x15\x1a\xbb$\xdd\x22i\x8d6\xc7oV\x8b\xa4\x1f\
&|\x8f\x9c2\xfcZ\xdf?\x13\xc6\xedK\x00f-\
\xa9\xd0$\xe88\xb5\xd8$(\x22\x8e\x00\xbe\xddV\xbc\
q\xac\x02\xfcD\xd2\xecB\xf9\xcc2\xad\x98\x10sN\
v\x01\xb0\xa6\xa4\xe5\x12\xe2\x9a\x0d\xa4\xc2M\x826\xa3\
\xe5&A\xc0\xdb\x81\xb3[\x8e\xb9(\xcf\x01\x8e*\x94\
\xcb,S\xc6\xe9\xbaw\x0f/\x00\xaeLH\x10\xc0\x86\
\x09q\xcd\x06V/7\x09\x8a\x88y\xc0n\xe4t\x1f\
\x1d\xcd\xee\x92\xf6-\x94\xcb,KF\x01pW\xf6\x0a\
\x00\xc03\x93\xe2\x9a\x0d\xb2^n\x12t\x0b\xb0+e\
.e\x00\x1c*\xe9%\x85r\x99e\xc8\xb8\x04\xf0\xa8\
\x02\xe0\x1f\x09\x09\x006J\x8ak6\xb0\xfa\xa0I\xd0\
\x1f\x81\xbd\xdb\x8a7\x8eY\xc0\xf1\x92\xda\xdeEm\x96\
N\xd2, \xe3R\xfa\xbf\x0b\x80\x88\xb8\x15\xb8=!\
\x89W\x00\xcc\x12\xf4z\x93\xa0\x888\x1a8\xa2\xadx\
\xe3X\x118Q\xd2\xd2\x85\xf2\x99\xb5e\x05\x9a\xcb\xe9\
m\xbbk\xe47\xf3\xa5\x09I\x9e))c\xf0f\x03\
\xaf\x97\x9b\x04u\xbc\x078\xa3\xe5\x98\x8b\xf2,\xe0h\
\xbf\x1fY\x8f\xc9\xb8\xfe\x0f#6\x01BN\x01\xb0\x1c\
\xcd\xa7\x073\xcb\xf11\xe0\xb4B\xb9\x0e\x94\xb4][\
\xc1\x22b>\xcd~\x80\xab\xda\x8a9\x8e\x9d\x81\x0f\x14\
\xcae\xd6\x86\x8c\xeb\xff\x00\xb7\x97(\x00\xc0\x97\x01\xcc\
\xd2D\xc4B\xe0\x8d\xc0\xd5\x05\xd2\xcd\x00\xbe\xaf\x16\x9b\
\x04E\xc4\x1d\xc0k\x80\x07\xdb\x8a9\x8eO\xb6Y\xc4\
\x98%[!)\xee\xad.\x00\xcc\xfa@\x85&A'\
JZ\xb2\xad\x80\x11q!\xb0\x07\xa0\xb6b\x8ea\x06\
p\xac\xa4\xa7\x17\xc8e6]OL\x88)\xe0\xb6\x91\
\x05\xc0_\x13\x12\x81\xef\x040KW\xb8I\xd0\xc6\xc0\
\x97\xda\x0c\x18\x11'\x00\x9fo3\xe6\x18\x96\xa5)b\
\xda>\xff\xc4\xacmk%\xc4\xbc3\x22\xe6>\xaa\x00\
\xe8,\xc5e\x9c\x0c\xe8\x15\x00\xb3\x02:M\x82\xbeW\
(\xdd\xde\x92\xda>\xec\xeb\x834\x87\x1e\x95\xb0\x01\xcd\
\xa6\xc06\x8f?6k[F\x01p+4Ka#\
]\x98\x90l\x03IY\x1b\x19\xcc\xec\xd1\xdeN\xb9&\
A_m\xb9I\xd0B`w\xe0\x8a\xb6b\x8ec\x07\
\xe0\xc0B\xb9\xcc\xa6\x22\xa3\x00\xb8\x05\xca\x15\x00\x01<\
7!\xae\x99\x8d\xd0\x07M\x82\xee\x02v\x02\xeek+\
\xe68>\x22i\xe7B\xb9\xcc&k\xcd\x84\x98E\x0b\
\x00\x80\xad\x92\xe2\x9a\xd9\x08\x15\x9a\x04\xfdH\xd2\xcc\xb6\
\x02F\xc4\xa54+\x01%\xc6\x1f4M\x8e\xbcW\xc9\
\xbaJ\xe7\xf2T\xc6\xb1\xd6\xd7\xc1\xe8\x05@\xd6\xd2\xa1\
\x0b\x00\xb3\x82\x0a7\x09\xda\x06\xf8P\x9b\x01#\xe2g\
\xc0Am\xc6\x1c\xc32\xc0\xcf%\xadT(\x9f\xd9D\
\xac\x06,\x9e\x10\xf7\xbaE\xfe\x8d\xa4[\xd4\xbe\x07$\
eL\xc4\xcc\x16A\xd2LI\xbfJ\xf8~\x1e\xcd\x02\
I\xafhy\xfc!\xe9\xb8B\xe3\x97\xa4_\xab\xe9\xbd\
nV\x9d\xa4\xe7%\xbd\xce_\x09\xa3\xaf\x00\x00\xfc)\
a.K\x01\xcfN\x88kf\x8b\x10\x11\x0bh\xfa\x03\
\x94j\x12\xf4C\xb5\xdb$H\xc0^\xc0\xdf\xdb\x8a9\
\x8e\x97\x01\x9f)\x94\xcbl<\x19\x1b\x00a\x8cK\x00\
\x90S\x00\x80/\x03\x98\x15\xd7\x07M\x82\xee\x07^\x0d\
\xdc\xd5V\xccq\xbcO\xd2\x1b\x0b\xe52\x1bK\x95\x02\
\xe0\x8fII]\x00\x98UP\xa1I\xd0am\x06\x8c\
\x88\x7f\x02\xaf\x07\x16\xb4\x19w\x0c\xdfP\x8b\xb77\x9a\
M\xd1\x93\x13b\xde\x1d\x11\xf7\xc0\xa2\x0b\x80?\x93\xf3\
\x8d\xe6\x02\xc0\xac\x92N\x93\xa0\xef\x14J\xf76I{\
\xb5\x190\x22~I\xd3(\xa8\x84%i6\x05\xae^\
(\x9f\xd9h2\xdaU\xffs\xe87\xa3\x16\x00\x11q\
\x1f9\xe7\x02\xac\x22i\xfd\x84\xb8f61\xef\xa4\x5c\
\x93\xa0\xaf\xb4\xfd):\x22>\x0f\xfc\xa8\xcd\x98cX\
\x1d8^\xde\xbcl\xf5<-!\xe6#M\xb6\xc6j\
\x81ynBb\x80\xe7'\xc55\xb3qt\x9a\x04\xed\
\x06\xdc] \xddl\xe08Im\x9ff\xf6V\xe0\xfc\
\x96c.\xca\x96\xb4|\xe6\x81\xd9DHZ\x8d\x9c\xa3\
\x80'T\x00\xfc.!14\xf7\x0b\x9bY%\x11q\
%\xe5\x9a\xec\xacGs\xf2^\x9bM\x82\xe6\x00\xbb\x00\
\xb7\xb5\x15s\x1c\xef\x90\xb4w\xa1\x5cfC\xb2N\xab\
\x1c\xfb\x12@\xc7\x99I\xc9\xb7m\xf3\xcd\xc0\xcc&\xaf\
\x0f\x9a\x04]G\xd3\xeexn\x9bq\xc7p\x84\xa4\x17\
\x14\xcae\x06y\x05\xc0\xf8+\x00\x11q3\xc3*\x85\
\x16\xad\x08l\x96\x10\xd7\xcc&\xe7c\xc0i\x85r\x1d\
(i\xbb6\x03F\xc4\xb9\xc0{\xdb\x8c9\x86\xc5h\
V22\xcef7\x1bM\xc6\xf5\x7f\x98\xe0\x0a\x00\xe4\
]\x06h\xf5\x8d\xc0\xcc&\xafs\xf2\xde\x1b)\xd7$\
\xe8\x07m6\x09\x02\x88\x88\xaf\x00\xdfh3\xe6\x18V\
\xa5\xb93\xa0\xb5\x1e\x07fc\xc8X\x01\xb8-\x22n\
\x1f\xfa\x9f\xf1\x0a\x80\xb3\x12\x06\x00.\x00\xcc\xbaB\xe1\
&A+\xd0l\x0a\x9c\xddr\xdcw\x01g\xb7\x1cs\
Q6\x01\x8e,\x94\xcb\x06[F\x01\xf0\xa8\x8e\x9a\xe3\
\x15\x00\xbf\x06\x940\x88\xcd$=!!\xae\x99MR\
\xe1&A\x9b\x01\x87\xb7\x190\x22\xe6\x01\xaf\x05nj\
3\xee\x18v\x97\xb4_\xa1\x5c6\x80$\xad\x0c\xac\x9c\
\x10\xfa\x92\xe1\xff3f\x01\xd0\xd9\x07\xf0\xb7\x84A\xcc\
\xc0w\x03\x98u\x8d>h\x12t3\xf0*`N\x9b\
q\xc7p\xa8Z>\xf8\xc8l\x98M\x92\xe2N\xbc\x00\
\xe885i \xdb&\xc55\xb3\xa9\xe9\xf5&A\x7f\
\x01\xf6i3\xe6\x18f\xd2\x1c|\xe4\xc6f\x96a\x8b\
\xa4\xb8\x93\xba\x04\x00\x89\x05\x80\xa4\x89\xe47\xb3\x02:\
M\x82v\x06\xee(\x90n6p\x82\xa4\xc7\xb7\x194\
\x22\x8e\x01\xbe\xdcf\xcc1\xacH3\x87\xa5\x0b\xe5\xb3\
\xc1\x91u\xa7\xdc\xa3:\xfcN\xe4\x07\xf0\xb9\xc0=\x09\
\x03Y\x09\xf0a\x1bf]$\x22\xae\x05\xdeB\x99&\
Ak\x03?J\xe8\x0b\xf2^\xe0\x8c\x96c.\xca\xb3\
\x80\xa3%E\xa1|6\x186O\x88yMD<\xea\
D\xcdq\x0b\x80\x88\x98\x0f\xfc&a0\x00;$\xc5\
5\xb3)\xaa\xd0$\xe8\xc3m\x06\xec\xbcg\xed\x0a\x5c\
\xd5f\xdc1\xec\x0c\xec_(\x97\xf59Ik\x01\xab\
%\x84~\xcc\xe5\xbd\x89.\xc1g5\x0by}R\x5c\
3\x9b\x9e\x92M\x82\x0eHh\x12t\x07\xcd\x0f\xe6\x07\
\xda\x8c;\x86\x83%m_(\x97\xf5\xb7\xac\xeb\xffS\
.\x00N%\xe7v\xc0\xf5%m\x9c\x10\xd7\xcc\xa6\xa1\
O\x9a\x04]\x04\xecA\xce{\xd7H3h6\x05f\
\xb5o\xb5\xc1\x91\xb1\xfc\x0fS-\x00\x22\xe2\x06F\xdc\
>\xd0\xa2\xd7&\xc55\xb3i\xa8\xd0$\xe8\xc4\xb6\xbb\
\xecE\xc4\x89\xc0\xe7\xda\x8c9\x86ei\xe6\xf0\xb8B\
\xf9\xac?e\xad\x00\x5c8\xf2\x0f&\xb3\x0b?\xebn\
\x80\xd7z\x03\x8dYw*\xdc$hc\xe0\xb0\x84\xb8\
\x1f\x02\xfe7!\xeeh6\xa0\xe5\xd3\x0fmpt\xee\
\x8c\xcb\xe8\x01pcD\xdc2\xf2\x0f\xbb\xa1\x00X\x17\
\x1f\x0ed\xd6\xb5\xfa\xa0I\xd0B\x9a\xe3\x8f\xaf\x18\xef\
\xdf\xb6\xe4\x15\xc0\x01\x85rY\x7fy*\xb0\x5cB\xdc\
\xf3G\xfb\xc3\xc9\x14\x00Y\xb7\x03\x02\xec\x96\x14\xd7\xcc\
\xda\xf1.\xe0\xa2B\xb9\xbe\x22\xe9\xd9m\x06\xec\xdc\xfe\
\xf4*\xf2\xde\xc3F\xfa\x88$\xbf\xaf\xd9d\xbd()\
\xee\xefG\xfb\xc3\x09\x17\x00\x111\x97\xbce4_\x06\
0\xebb\x111\x07\xd8\x91rM\x82N\x92\xb4R\x9b\
A#\xe2\x1f4\x9b\x02K\xf48\x08\xe0[\x926*\
\x90\xcb\xfa\xc7\x8b\x93\xe2\xfea\xb4?\x9cl'\xbe\x13\
Z\x18\xc8h\xd6\x04\x9e\x9b\x14\xdb\xccZP\xa1I\xd0\
\x0f\xdb\xbe\x96\x1e\x11?\x07\x0ej3\xe6\x18\x96\xa19\
>\xb8\xd5B\xc6\xfaS\xe7C\xf0\x8b\x12B\xcf\x03.\
\x18\xed/&[\x00\x9cJ\xde}\xb5\xbe\x1b\xc0\xac\xcb\
\xf5z\x93\xa0\x8e\x83\x80\xe3\x13\xe2\x8ef\x1d\xe0\xc7\x92\
f\x15\xcag\xbd\xebY4\x1dr\xdbvaD<8\
\xda_L\xaa\x00\xe8,\x03fm\x06\xdc\xd5;g\xcd\
z\xc2\x014G\x85\x17\xc9\xd5\xf6\xa9{\x11!`/\
F\x1c\x8c\x92\xe8\xa5\xc0g\x0a\xe5\xb2\xde\xf5\x92\xa4\xb8\
\xa3.\xff\xc3\xe4W\x00 \xef2\xc0\xea4\xbbg\xcd\
\xac\x8bE\xc4\x02\x9a\xfe\x00\xa5\x9a\x04\xfd(\xa1I\xd0\
\xfd\xc0\xab\x81\xbb\xc6\xfb\xb7-y\x9f\xa47\x15\xcae\
\xbd)\xeb\xfa\xff\xa8\x1b\x00\xa7D\xd2\xb2\x92\x1eT\x8e\
\x93Z\x1b\xa8\x99\xa5\x92\xb4\x85\xa4\x87\x92\xde\x0bF\xfa\
\xb3\xa4\xd9\x09sx\x99\xa4\xf9\x85\xe60GRV\x97\
7\xeba\x92fI\xba'\xe15\xb7P\xd2*\x8b\xca\
;\xe9\x15\x80\x88\xb8\x0f8yZ\xb3]\xb4\xed%\xad\
\x9e\x14\xdb\xccZT\xb8I\xd0f\xc0\xe1m\x07\x8d\x88\
\xd3\x81\x0f\xb6\x1dw\x11f\x03?\xf5{\x9c\x8db3\
r\xee\xff\xbf,\x22n]\xd4_N\xe5\x12\x00\xc0\x0f\
\xa7\xf8u\xe3\x99\x05\xbc9)\xb6\x99\xb5\xacB\x93\xa0\
\xb7\xb6\x1d4\x22>\x0f|\xb7\xed\xb8\x8b\xb0:p\xbc\
\xa4\xc5\x0b\xe5\xb3\xde\x90u\xfd\xff\xcc\xd6#JZ\x5c\
\xd2\xed\x09\xcb\x15\x92t\x95\x9av\x88f\xd6\x03$\xcd\
\x96tA\xd2\xfb\xc1Hs$m\x9a0\x87%\x0b\xce\
A\x92\xbe\xda\xf6\x1c\xacwI\xfaM\xd2\xebl\xccf\
TS\xfaA\xdbi\x0a\x94\xb5\x19p]\xf2\xaa!3\
kYD<Ds\xf4n\xa9&A'\xa8\xfd&A\
sh6\x05\xde\xd6f\xdc1\xbcC\xd2\xde\x85rY\
\x17Ssx\xd4\xd6\x19\xa1\x81\xb3\xc6\xfa\x07\xd3\xf9\xa4\
\x9du\x19\x00\xe0m\x89\xb1\xcd\xace\x9d&A{R\
\xe6\xe8\xdd\xb5\x81\xef\xa9\xe5\x95\xc2\x88\xb8\x8e\xa6-\xf9\
\xbc6\xe3\x8e\xe1\xcb\x92\xb6,\x94\xcb\xba\xd7v@\xc6\
%\xa1K\xc7\xba\xfe\x0f\xd3+\x00~\x07\xfcs\x1a_\
?\x96\x9d$=!)\xb6\x99%\x88\x88\x93\x81O\x15\
J\xf7\x1f\xc0G\xda\x0e\x1a\x11g\x01\xefi;\xee\x22\
,Ns|\xf0\x1a\x85\xf2Yw\xda1)\xee/\x93\
\xe26$}0\xe9\xba\x85$\xbd/u\xf0f\xd6:\
I3$\x9d\x9a\xf8\xbe0\xdc\x02I\xdb%\xcd\xe3\xa8\
Bs\x90\xa4\xbfHZ2c\x1e\xd6\xdd$-&\xe9\
\xae\xa4\xd7\xd5\xcb\xb3\x07\xbf\x9a\xa4\xb9I\x83\xbf\x5c>\
 \xc8\xac\xe7HZI\xd2\xb5I\xef\x0b#\xdd.i\
\x9d\x849,&\xe9w\x85\xe6 IG\xb7=\x07\xeb\
~j\xfaPd\x98\xa3\x09\x14\x95\xd3\xba\x86\x16\x117\
\x93wB\xe0\x06\xc0\xb6I\xb1\xcd,ID\xdc\x0e\xec\
\x0a<\x5c \xdd\xe3iN\x0el\xf5\x13tD\xcc\xa3\
\xd9\x0fpC\x9bq\xc7\xb0\xbb\xa4\xfd\x0a\xe5\xb2\xee\xb1\
CR\xdc3;\x1b[\xc7\xd4\xc6&\x9ao\xb4\x10c\
Q|\x19\xc0\xac\x07\x15n\x12\xb419M\x82n\xa1\
\xb9>;\xee\x1biK\x0e\x95\xe4\x0f=\x83e\xfb\xa4\
\xb8\xb9\xd7\xff\x87\xa8\xb9\xe6wM\xd22\x86$mR\
d\x22f\xd6:I\xdfN|o\x18\xa9\xf5&A\x9d\
9\xecYp\x0e\xffR\xcb\xe7\x1eXw\x92\xf4\xcc\xc4\
\xd7\xd1\xd3&2\x86i\xaf\x00D\xc4Br\xbbh\xbd\
71\xb6\x99\xe5z'\xf0\x97B\xb9\x8ePB\x93\xa0\
\x88\xf8\x0e\xf0\xe5\xb6\xe3.\xc2J4\xed\x82\x97.\x94\
\xcf\xea\xd9))\xee\x95\x11qYR\xec\xc7\x92\xb4\x86\
\xf2\x0e\xd4\x98'i\xadb\x931\xb3VIZ[y\
\x9dCG\xbaF-7\x09\xea\xcca\x96\xa43\x0a\xcd\
A\x92\x8e\x957A\xf75I\x17&\xbdv\x0e\x9d\xe8\
\x18Zi\xa4\x11\x117\x90w\xcda\x16\xb0oRl\
3K\xd6i\x12\xf4\x16`a\x81tk\x03?\x944\
\xb3\xcd\xa0\x111\x1f\xd8\x05\xb8\xaa\xcd\xb8c\xd8\x0d\xd8\
\xbfP.+L\xcd\x12\xfd\xc6I\xe1\x7f\x9e\x14w\xd1\
$\xed\x94T\xcdH\xd2\xbd\x92\x96/>)3k\x8d\
\xa4\x83\x13\xdf#F\xfaX\xd2\x1c\x9e%\xe9\xfeBs\
X )k\x93\x98U$\xe9SI\xaf\x99;$\xcd\
\xaa1\xa1Y\x92nL\x9a\x94$\xbd\xbf\xf8\xa4\xcc\xac\
5\xea\x9f&A;\xab9g\xbd\x84{%==c\
\x1eV\x87\xa4Ps\xe8]\x86I\xf5\x93h\xad\x97v\
g\x89\xec\xa8\xb6\xe2\x8db_I\x8b%\xc67\xb3D\
\x9d\x0d\xc3\xbb\x03\xd7\x15H7\x038F\x09M\x82\x22\
\xe2D\xe0sm\xc7]\x84ei\x0e?\xca8+\xde\
\xea\xd8\x8a\xe6\xd0\xbb\x0c\xe5\x97\xff\x87HZY\xd2\x83\
I\x95\x8d$\xed^mrf\xd6\x0aI[Hz(\
\xf1}b\xb8\xf3%\xcdN\x98\xc3\x0cI\xa7\x14\x9a\x83\
$\x9d\xa6\x96\xf75X\x1d\x92\xbe\x96\xf4\x1ay@\xb5\
\xef\x1eI\x9c\x9c$\xfd\x9fj\x5c\xdf0\xb3VIz\
{\xe2\xfb\xc4H)\xcd\xca$-'\xe9\xd2\x82\xf3\xf8\
D\xc6<\xac\x1c5-\xa6\xff\x95\xf4\xfa\xf8q\xed\xf9\
!\xe9\xc9j\xae\xbfeys\xed9\x9a\xd9\xf4\xa9?\
\x9a\x04m \xe9\xeeBsX(i\xb7\x8cyX\x19\
\x92^\x95\xf8\xfa\xd8\xa5\xf6\xfc\x00\x90tR\xe2$\xaf\
\x96\x94qv\xb2\x99\x15$i\xb6\xa4\x0b\x12\xdf+\x86\
\x9b\xa3\x84&A\x9dy\xec\xa0\xdc\x0f=\xc3\xdd'i\
\xa3\x8cyX>I?Nz]\xd4_\xfe\x1f\x22i\
\xeb\xa4I\x0e\xd9\xbb\xf6\x1c\xcdl\xfa\xd4\x07M\x82:\
\xf3\xf8X\xa19H\xd2\x95\x92V\xcc\x98\x87\xe5Qs\
\xc9\xe8\x81\xa4\xd7\xc4\xb1\xb5\xe7\xf7(\x92~\x9f4Q\
I\xbaN\xd2\x12\xb5\xe7hf\xd3'i{\x95\xfb\x04\
\xfd+%l\xa6Ssk\xd7\x89\x85\xe6\x906\x0f\xcb\
#\xe9\x1d\x89\xaf\x87\x9dk\xcf\xefQ$\xbd&q\xb2\
\x92\xf4_\xb5\xe7hf\xedP\xd9&A\x07$\xcda\
\x19I\x7f+8\x8f\x09\xb7|\xb5\xfa$\xfd%\xe9u\
p\xa7\xba\xed\x03\xb1\xa4\x99\x92\xfe\x994aI\xbaI\
\xd2R\xb5\xe7if\xd3\xa7\xfei\x12\xb4\x8e\xf2vy\
\x8ff\xaf\x8cyX\xbb$m\x99\xf8\x1a8r\xaa\xe3\
j\xad\x11\xd0H\x11\xb1\x008,+>\xb0\x1a\xf0\x8e\
\xc4\xf8fVH\xa7I\xd0\x1b\x81\xab\x0b\xa4\x9b\x01\xfc\
@\xd2zm\x07\x8e\x88k\x80\xd7\x03\xf3\xdb\x8e\xbd\x08\
_\x91\xb4y\xa1\x5c6u\xfb$\xc6\xfe~b\xec\xa9\
\x93\xb4\xb4\x9a\xde\xc4Yn\x93\xb4L\xedy\x9aY;\
\xd4\x07M\x82:\xf3x\x7f\xa19HM\x0b\xf6\xd53\
\xe6a\xd3'iy\xe5m\xfe\xbbF\xd3852m\
\x05\x00 \x22\x1e\x00\xbe\x98\x98be\xe0=\x89\xf1\xcd\
\xac\xa0\x888\x0fxw\xa1t\x9b\x02_\xce\x08\x1c\x11\
\x87\x00\xdf\xc9\x88=\x8a\xd5\x81\xe3\xe5\xdb\xa3\xbb\xd5\x9e\
@\xd6\xe5\xea\xefG\x84\x92bO\x9f\x9a\x8d1\xb7&\
U?R\xd3zx\xad\xda\xf34\xb3\xf6\xa8?\x9a\x04\
-\xa9r}\x0e$\xe9k\x19\xf3\xb0\xa9Ssw\xc8\
eI\xcf\xf7BI\x1b\xd4\x9e\xe3\xb8$\xfdO\xd2\x03\
0\xe4\x98\xdas4\xb3\xf6\xa8\x7f\x9a\x04\xad\xa5\xdc\x0f\
@#\xb9GJ\x17\x91\xf4\xe2\xc4\xe7\xfa\xac\xda\xf3\x9b\
\x105\x95p\xe6Q\xc1\x0b%m]{\x9ef\xd6\x1e\
\xf5O\x93\xa0\x17H\x9a[h\x1e\x0fK\xda*c\x1e\
6y\xca\xeb\xfc'I{\xd4\x9e\xdf\x84I\xda/\xf1\
\x81\x90\x9a\x0d=\xa9{\x1a\xcc\xac,\x95m\x12\xf4k\
%5\xd7\x91\xf4\xceBs\x90\xa4[$\xad\x911\x0f\
\x9b8Ik(\xaf\xf0\xbb[\xbdt\x1b\xbc\x9a%\xbd\
\xeb\x92\x1e\x8c!>.\xd8\xac\xcf\xa8\x0f\x9a\x04u\xe6\
qT\xc1y\xfcE\xbd\xf4\x03\xa2\x0fI\xfab\xe2\xf3\
{D\xed\xf9M\x9a\xf2\x8f\x00\xbdY\xd2r\xb5\xe7i\
f\xedQ\xff4\x09ZL\xd2\xef\x0a\xcdC\xf2\xde\xa8\
j$\xad \xe9\xde\xc4\xe7\xf6\xd9\xb5\xe78ij\xbe\
\x01\xaeL|P$\xe9\xe0\xda\xf34\xb3vIZQ\
\xd2U\xc9\xef\x1dC\xeeTB\x93\xa0\xce<V\x95t\
}\xa1yHR\xa9[*m\x18I\x1fN|N\xff\
X{~S&i\xaf\xc4\x07Fjv\xf4\xae[{\
\x9ef\xd6.\x95m\x12\xf4WIK&\xcdc\x135\
\xb7/\x970_\xd2\xb6\x19\xf3\xb0\xd1IZBM\xab\
\xfa,\xbd{\xa9[\xd2,I\xff\x97\xf8\xe0H\xd2\xf1\
\xb5\xe7if\xedS\xfee\xc4\xe1\xbe\x918\x8f\xdd\x0b\
\xce\xe3\x0eI\xebg\xcd\xc5\x1eM\xd2>\x89\xcf\xe5\xbf\
\x94\xd4\xbd\xb2\x18I\xafO|\x80\x86l_{\x9ef\
\xd6>I\xdf-\xf0\xfe1$\xa5IPg\x1e\x87\x15\
\x9c\xc7E\x92\x96\xce\x9a\x8b5\xd4\xecW\xb94\xf1y\
\xfct\xed9N\x9b\x9a\xeeHg'>HR\xd3w\
\xe0q\xb5\xe7jf\xedR\xf9&A\x9b%\xcdc\x96\
\xa4\xdf\x16\x9a\x87$\x9d\xa8i\xf4\x8d\xb7\xf1I\xda9\
\xf1\xf9[\xa0~\xb9\xbc\xad\xe6:X\xf6\xfd\xbd)}\
\xbe\xcd\xac.\x95m\x12t\xad\xf2\x9a\x04\xad$\xe9\xea\
B\xf3\x90\xa4\x0ff\xcc\xc3\x1a\x92~\x9f\xf8\xdc\xfd\xac\
\xf6\xfcZ\xa5\xfc\xa5\xbc\x05r\x87@\xb3\xbe\xa4\xfei\
\x12\xb4\xb1\xf2N\x8b\x1bi\x81\xa4Wf\xccc\xd0I\
zi\xf2s\xf7\xe2\xdasl\x95\xa4U$\xdd\x93\xfc\
\xa0]\xae^\xdf4af\xa3R\xff4\x09\xdaYM\
K\xf3\x12\xee\x95\xf4\xf4\xac\xb9\x0c*\xe5\xf6x8\xbf\
\xf6\xfcRH\xfaP\xe2\x836\xe4\xc0\xda\xf34\xb3\xf6\
\xa9O\x9a\x04u\xe6\xf2\xe9B\xf3\x90\x9a\x0fF\xcbg\
\xcde\xd0Hze\xf2\xf3\xf5\xfa\xdasL!iq\
IW$?x\x0fKzF\xed\xb9\x9aY\xfb\xd4?\
M\x82fH:\xa5\xd0<$\xe94%]\xd6\x18$\
j6\xb5\x9f\x97\xf8<]/i\xb1\x8c\xb1W?<\
'\x22\xe6\x02\xfb'\xa7Y\x1c\xf8\x96_\xecf\xfd'\
\x22\xee\x04^\x07<\x5c \xdd\x0a\xc0\x89Jh\x12\x14\
\x11\x0b\x817\x00\x97\xb6\x1d{\x11^\x01\x1cX(W\
?{5\xb0yb\xfc/F\xc4\xbc\xc4\xf8\xf5I:\
#\xb1\x82\x1a\xb2o\xedy\x9aY\x0e\xf5O\x93\xa0\xa7\
)\x7fo\xd4\x90\x85\x92v\xc9\x9aK\xbfS\xb3j\xf3\
\xb7\xc4\xe7\xe7.\x0d\xc2\xf96\x92\x9e!i^\xe2\x03\
)5\xf7\xf4nX{\xaef\x96C\xd2\xb7\x93\xdfC\
\x86\xcbl\x12\xb4\x83\xca\xdd\xe1p\x9f\xa4\x8d\xb2\xe6\xd2\
\xcf$\xbd!\xf9\xb9\xf9D\xed9\x16#\xe9\xeb\xc9\x0f\
\xa6\xd4\x1c\x93\xb9x\xed\xb9\x9aY\xfb$-\xa9\xa6\x8f\
\x7f\x09s$m\x928\x97\x8f\x15\x9a\x87\xd4\xf4\x22H\
\xe9u\xd0\xaf$\xcd\x94tY\xe2s\xf2\x80\xa4\x95k\
\xcf\xb3\x18I\x8fS\xd3\xc1/\xdbgk\xcf\xd5\xccr\
\xa8\x7f\x9a\x04\x85\xa4c\x0b\xcdC\x92N\x974+c\
.\xfdH\xd2\x9e\xc9\xcf\xc7\x17j\xcf\xb18I\xbb%\
?\xa8R\xb3\xb4\xf6\xd2\xdas5\xb3\x1c\xea\x9f&A\
\xcbH\xba\xb8\xd0<$\xe9\xd0\x8cy\xf4\x1b5+M\
\xd7$>\x0f\x0fIzb\xedyV!\xe9\xa4\xc4\x07\
v\xc8\x0d\x92\x1e_{\xaef\x96C\xfd\xd3$h\x1d\
5\xa7\xc0\x95\xb2W\xd6\x5c\xfa\x85\xa4\x03\x92\x9f\x83\xaf\
\xd7\x9ec5\x92VS\xb3\xfb1\xdb\x89\xb5\xe7jf\
9\xd4_M\x82^.i~\xa1\xb9<\xa8\xa4\x03\x90\
\xfa\x81\xa45$\xdd\x9f\xf8\xf8?,i\x9d\xda\xf3\xac\
J\xd2;\x12\x1f\xe0\xe1\x5c\xed\x9a\xf5)\xf5I\x93\xa0\
\xce\x5c\xde_h\x1e\x92t\x93\xa4\xd5\xb3\xe6\xd2\xcb$\
}?\xf9\xb1\xffj\xed9V\xa7\xa6z\xcf\xec\xad<\
\xe4~I\x1b\xd4\x9e\xaf\x99\xe5\x90\xb4\x85\x9ak\xaa%\
\xfcU\x09M\x82\x86\xcd\xa5\xe4m\x8e\xe7\xcawL=\
\x8a\xa4\xe7(\xf7\xcc\x869\x92\xd6\xa8=\xcf\xae i\
\x83\xce\x03\x92\xed<\xf9\x85n\xd6\xb7T\xb6I\xd07\
\x13\xe71[\xb9mgG\xfaZ\xd6\x5cz\x8d\x9a\xbb\
2\xceI~\xbc\xbfX{\x9e]E\xd2G\x92\x1f\xf0\
!^v1\xebc\xea\x9f&AkJ\xba\xb5\xe0\x5c\
\xf6\xc9\x9aK/\x91\xf4\xa6\xe4\xc7\xf9~I\xab\xd4\x9e\
gW\x914KM\xf3\x9e\x12\xbc\x1f\xc0\xacO\xa9\xf9\
\xf4|A\xa1\xf7\x929J\xdcH'\xe9\x05\x92\xe6\x16\
\x9a\xcb\xc3\x92\xb6\xca\x9aK/\x90\xb4\x94\x9aCy2\
\xb9?\xcdh\xd4\x5c\xc3\xcbn\x13,5\xbb_\xd3:\
{\x99Y]\x92\xd6W\x99;\x8c\xa4\xa6\xbb\xde\x8a\x89\
syg\xa1yH\xd2\xcd\x1a\xe0k\xd3\x92\x0eL~\
|\xef\x94\xb4B\xedyv\xad\x02O\xc0\x90\xb4\xce^\
fV\x9f\xfa\xa4IPg.G\x16\x9a\x87\xd4\xac\xc4\
.\x955\x97n%\xe9\xc9\xca\xdf\x8b\xf6\xbe\xda\xf3\xec\
jj.\x05\xfc>\xf9I\x18r\xba|t\xb0Y\xdf\
R\xff4\x09ZL\xd2Y\x05\xe7rL\xd6\x5c\xba\x91\
\x9a\x8d\x7f\xa7'?\xa6\xd7+\xf1\xce\x91\xbe!i]\
\x95;&\xf3\xe0\xda\xf35\xb3\x1c*\xdf$\xe8?\x12\
\xe7\xb2\x8a\xf2\xafO\x0f\xf7\xee\xac\xb9t\x1bIo-\
\xf0x\xee^{\x9e=C\xd2\x9b\x0b<!\x92\xcf\xc9\
6\xebk\xea\xaf&A\x9b\xa8\xd9\xc3T\xc2|I\xdb\
f\xcd\xa5[HZI\xf9-\x98/\x924\xa3\xf6\x5c\
{\x8a\xa4\x1f&?)C\xee\x95\xf4\xb4\xda\xf35\xb3\
\x1c\xea\xaf&Ao)4\x0f\xa99mq\xdd\xac\xb9\
t\x03\x95\xf99\xb3M\xedy\xf6\x1cI\xcb\xab\xd9\xac\
W\xc2e\xf2\xeeL\xb3\xbe\xa5>i\x12\xd4\x99\xcba\
\x05\xe7r\x91\xa4\xa53\xe7S\x8b\xa4m\x0b<~'\
\xd5\x9eg\xcf\x92\xb4\xb5\xca\x1d\x8e\xf1;IK\xd4\x9e\
\xb3\x99\xe5P\xff4\x09\x9a%\xe97\x05\xe7r\xa2\xa4\
\xc8\x9aO\x0dj\xee\xf9\xbf2\xf9q{X\xd2\x93k\
\xcf\xb5\xa7I\xfad\xf2\x934\xdc\x8f\xd5g/t3\
k\xa8\xbf\x9a\x04\xad\xa8\xfc\x1f`\xc3}(k.5\
H:\xa4\xc0c\xf6\xa9\xda\xf3\xecyj\xaa\xdd?\x16\
x\xb2\x86\x1cT{\xcef\x96C\xd2\xdaj\xaem\x97\
\x90\xdaoD\xd2\xc6\xca=\xb2v\xb8\x05\x92^\x995\
\x97\x92T\xa6\xe9\xdcM\x92\x96\xad=\xd7\xbe \xe9I\
\x92\xeeN~\xc2\x86\xdb\xb3\xf6\x9c\xcd,\x87\xa4W)\
\xf7\xb4\xb7\xe1~\xa1\xc4\x1d\xe0\x92^[p.w\xab\
\xc7OU\x95\xb4\xb4\xa4\x7f\x14x\xac\xde\x5c{\xae}\
E\xcd7m\xa9\xce^s\xe5\x9d\x9bf}Ke\x9b\
\x04\x1d\x98<\x97O\x17\x9c\xcb\xe5\x92\x96\xcf\x9cO&\
I_/\xf0\x18\x9d-_Jn\x9f\xa4O\x14x\xf2\
\x86\xdc#\xe9\x99\xb5\xe7lf\xedS\x7f5\x09\x9a!\
\xe9\xe4Bs\x91\xa4\xd3\xd4\x83]T%\xbdB\xf9\xab\
%\xf3$=\xab\xf6\x5c\xfb\x92\x9a\x17\xfa/\x92\x9f\xc0\
\xe1n\xd0\x00\x1f\x8ea\xd6\xcf\xd4_M\x82\x96\x95t\
I\xa1\xb9H=\xd6EUM\xc3\x9f\x9b\x0b<.>\
\xed/\x93\xca~\xd3J\xd2\x85\xea\xe1%/3[4\
\x95m\x12t\x81\xa4\xd9\x89s\xd9@\xe5\xf6J-\x94\
\xf4\xda\xac\xb9\xb4M\xd2\xf1\x05\x1e\x93\xeb$-S{\
\xae}O\xd23%=P\xe0\x09\x1d\xf2GyG\xa7\
Y_\x92\xb4O\xc1\xf7\x92\xa3\x93\xe7\xb2\x83\xca\xed\x95\
\xea\x89\xa3\xd5%\xfdg\xa1\xc7c\xa7\xdas\x1d\x18\x92\
\xdeX\xe8I\x1dr\x8e\xfa\xb4#\x96\xd9\xa0S\x9f4\
\x09\xea\xcc\xe5\xa3\x05\xe7r\xb5\xba\xf8huI\xeb\xa9\
i\xf7\x9e\xed\xe4\xdas\x1d8\x92\x8e(\xf0\xc4\x0e\xf7\
K\xb9[\xa0Y\xdfQ\x7f5\x09\x0aI'\x14\x9a\x8b\
$\xfdZ\xd2\xac\xac\xf9L\x95\x9ac\x94K\x1c/\x7f\
\x97\xa4\xd5k\xcfw\xe0t\x9e\xe0\xdf\x15x\x82\x87;\
Q]\xf8b7\xb3\xe9Q\x7f5\x09ZF\xd2\xc5\x85\
\xe6\x22I_\xc8\x9a\xcbTI:\xb4\xd0\xdcSWt\
l\x0c\x92VW\xd3u\xa9\xa4\xef\xc9\xc7;\x9a\xf5\x1d\
\xf5W\x93\xa0u\x94\x7f\xd4\xedp{e\xcde\xb2\xd4\
\xec\x85(\xf1<\x9e!\xdf\xf3_\x97\x9as\xb2\xef+\
\xf0d\x0f\xf7-?\xf1f\xfdG\xfd\xd5$\xe8e\xca\
o{;d\x8e\xa4-2\xe73\xc19\x97\xea\x1c\xfb\
\x80\xa4'\xd5\x9e\xaf\x01\x92\xfeC\xe5^\xe8C\xbeT\
{\xdef\xd6.\xf5Q\x93\xa0\xce|\xdeWh.\x92\
t\xbd\xa4U2\xe73\xce\x5c\x97\x94\xf4\xd7Bs}\
w\xady\xda($\xed]\xe8\x89\x1f\xee\xcb\xf2J\x80\
Y_Q\x1f5\x09\xea\xcc\xa7\xe4]\x0e\xe7\xaa\xd2f\
\xe9\x82\xf3<[\xbe\x0c\xdc}Tn\xe3\xc7pG\xfa\
\xc5`\xd6_T\xb6I\xd0_%-\x998\x97\xd9\x92\
\xce+4\x17I\xfaN\xd6\x5c\xc6\x98c\xa9\xfb\xfd\xef\
\x93\xb4~\xe9\xf9\xd9\x04\xa8Y\xbe+y\x0b\xcc\x90\x1f\
\xc8w\x07\x98\xf5\x15\xf5W\x93\xa0\xd2\x1b\xa6\xf7\xc9\x9c\
\xcf\x88\xb9\x95l\x0e\xd75\x9b\x1dm\x14j\xae\x03\x95\
\xb8\xffs\xa4\x9f\xcb}\x02\xcc\xfa\x8a\xca.\x9f\xffg\
\xf2\x5c\x9e\xaf\xe6\xb4\xd3\x12\x1e\x96\xb4u\xe6|:s\
ZA\xd2?\x0b\xcd\xc9\x0d\x7fz\x81\x9a\xc3\x1f\xae(\
\xf4\xa2\x18\xee\x17J\x5c\xca3\xb3\xb2T\xb6I\xd0C\
Jl\x12\xd4\x99\xcf;\x0a\xcdE\x92nQ\xe2\x81j\
jz\xc1\x9c^h.\xb7IZ5k.\xd62I\
O\x95tG\xa1\x17\xc7pg\xc9g\x07\x98\xf5\x0d\xf5\
Q\x93\xa0\xce|\x8e,4\x17I\xfa\x8b\xa4\xa5\x92\xe6\
\xf1\xd5BsX(i\x87\x8c9X\x22I/Ts\
\x7fji\xbf\x97O\x114\xeb\x1b*\xdb$\xe8T\xe5\
6\x09ZL\xcd\x07\x95R\x8eI\x98\xc3{\x0a\x8e\xdf\
\xb7|\xf7*I\xafTs=\xaa\xb4\x0b%\xadV{\
\xfef\xd6\x0e\xf5W\x93\xa0U\xd4\xdc\xb7_\xca{Z\
\x1c\xfb\xb6\x92\xe6\x17\x1a\xf7\xdf\xe4\xcb\xba\xbdM\xd2\xab\
U\xbeQ\x90$\xdd i\xe3\xda\xf37\xb3\xe9S\xff\
5\x09\xdaD\xcd\xb1\xbe%\xcc\x97\xb4m\x0bc~\xba\
\xcat\xfa\x93\x9a;\x0b\x9e\xd6\xc6cm\x95I\xda]\
\xe5\xce\xca\x1e\xee>I\xdb\xd5\x9e\xbf\x99M\x9f\xfa\xaf\
I\xd0\x9b\x0b\xcdEj\xf6Q\xac;\x8d\xb1\xae\x22\xe9\
\x9a\x82\xe3\xf5A?\xfdD\xd2^*w\x1do\xb8y\
\x92\xde^{\xfef6}*\xdf$(e\x13\xdd\xb0\
\xf9|\xa9\xd0\x5c$\xe9RI\xcbMa\x8c\xb3\xeb}\
\x92\x8c\x00\x00\x0d_IDATU\xf6\xf6\xee\x1fd\
<\xd6V\x99\xa4w\x17|\x11\x8dt\x98\xdc5\xd0\xac\
\xe7\xa9l\x93\xa0\xd67\xd1\x8d\x98\xcb,I\xbf)8\
\x9f\xe35\x89\x16\xeaj.\xbd\xfc\xb8\xe0\xf8\xfe.i\
\xe9\xcc\xc7\xdc*\x92\xf4\xf1\x82/\xa6\x91\x8e\x934\xbb\
\xf6c`f\xd3\xa3\xfej\x12\xb4\xa2\xca5\xd4\x91\xa4\
\x0fObl%W(\xee\x93\xaf\xfb\xf7?I\x9f-\
\xf8\xa2\x1a\xe9\x5c%\xdf\xebkf\xb9\xd4\x7fM\x82\x9e\
)\xe9\xfeB\xf3Y i\xfb\x09\x8c\xe9\xa0B\xe3\x19\
\xf2\xa6\xcc\xc7\xd8\xba\x84\xa4\x90\xf4\xf5\xc2/\xae\xe1.\
\x93\xf4\x94\xda\x8f\x83\x99M\x9d\xa4\xf5%\xddU\xe8=\
\xe3jI+&\xcfg7\x95\xdb'u\xb7\xa4\x0d\xc6\
\x18\xcb\xbe\x85\xc61\xe4\xcb\x99\x8f\xadu\x195\xd7\x96\
j\x16\x01\xf7H\xda\xb1\xf6\xe3`fS\xa7>j\x12\
\xd4\x99\xcf\xa7\x0a\xcdE\x92\xfe\xa1Q\x9a\xa6Iz\x83\
\xca\xde\xb5u\x8e\xa4\xc53\x1fW\xebBjV\x02\x0e\
)\xf8B\x1bi\xa1\xa4\xcfH\x9aY\xfb\xb10\xb3\xa9\
Q\x7f5\x09\x9a!\xe9\xe4\x82\xf39M\xc3\xde\xff$\
m\xa3\xb2\xcd\xdb\xae\x93\xf4\x84\xcc\xc7\xd4\xba\x9c\xa4\x0f\
\x14|\xc1\x8d\xe6\x0c\xbf\x08\xcdz\x93\xfa\xafI\xd0\xb2\
\x92.)4\x1fI:\xb8\x93\xf7\xb9*\xb7\x0fAj\
Z\xc5o\x9e\xf9XZ\x8f\x90\xf4\xdf\xaa\xd3'`\xc8\
u\x92\xb6\xa8\xfd8\x98\xd9\xe4\xa9\xff\x9a\x04=M\xcd\
e\xca\x12\x16J\xfa\x88\xca\xed\xa7\x18\xe2M\x7f\xf6o\
j\xee\xef\xad\xd11p\xc8CJ\xbe\xe5\xc7\xccr\xa8\
\xff\x9a\x04\xbdJu\xdf\x0f3\x1d\x92\xf9\xd8Y\x8fR\
\xb3\x01\xa5\xc6\xd9\x01\xc3\x1d-\x1fBa\xd6s\xd4G\
M\x82:\xf3\xf9h\xc1\xf9\x94\xf2\x0by\xdf\x95-\x8a\
\xa4]%\xcd\xad\xfc\x22\xfd\xb3|\xab\xa0Y\xcf\x91\xf4\
\xdd\x82\xef\x13\xd9M\x82B\xd2\xb1\x05\xe7\x93\xed\xef\x9a\
B;\xe2^4\xe1v\x8b\xf6Xj6\xda\xfc\x04\xa8\
\xf9I|\x0e\xf0\xc1\x888\xac\xe2\x18\xccl\x12\xd4t\
\xfb<\x17\xd8\xa4@\xba\x87\x81\xad#\xe2\xfc\xac\x04\x92\
\x96\x01~\x0fl\x94\x95\xa3\x90[\x80\xe7D\xc4u\xb5\
\x07R\x82\x0b\x80i\x92\xf4B\xe0$`\x85\xcaC9\
\x11\xd8;\x22\xee\xa8<\x0e3\x9b\x00I\xeb\x03\xe7\x03\
\x8f\xb9\xcf=\xc15\xc0f\x99\xef\x0f\x92\xd6\x01\xfe\x0c\
\xf4j\x17\xd39\xc0\x8b#\xe2O\xb5\x07R\x8a\x0f\x9e\
\x99\xa6\x888\x0b\xd8\x02\xb8\xa2\xf2Pv\x06.\x91\x8f\
\x166\xeb\x09\x11q%\xb0;\xb0\xb0@\xbau\x80\x1f\
+\xf1\xbavD\x5c\x03\xbc\x01X\x90\x95#\xd1\x02\xe0\
\x8d\x83\xf4\xc3\xdfZ$\xe9\xf1\x92\xce\xaet\xcdj\xb8\
\x85jN\x15\x5c\xa2\xf6cbf\xe3S\x1f5\x09\xea\
\xcc\xe7}\x05\xe7\xd3\x96}\xb3\x1f\x17\xebsj\x0e\xff\
\xf8Q\xedWr\xc7\xdf$=\xb3\xf6cbfcS\
\x9f5\x09\xea\xcc\xa9\xe4I\x88\xd3up\xf6\xe3a\x03\
B\xcd7\xf3\x17j\xbf\xa2;\x1e\x90\xb4\x9f\x92{\x83\
\x9b\xd9\xf4HZI\xd2\xb5\x85\xde\x17\xfe\xa5\xe4\xd3F\
\xd5|\x18:\xaf\xd0|\xa6\xe3\xfb\x92\xbc\x17\xce\xda%\
\xe9\xbf$\xcd\xaf\xfc\xe2\x1e\xf2GI\x1b\xd6~L\xcc\
l\xd1T\xb6I\xd0\xf7\x0a\xccgMI\xb7\x14\x9a\xcf\
T\x9c*i\xb1\xec\xc7\xc1\x06\x94\xa4W\xa8\x5c\xab\xcc\
\xf1\xccUs\xa8\x90\xf7\x06\x98u)\x95k\x12\xb4@\
\xd2\xda\x05\xe6\xb3\xa5\xca\x1e\xdc3Q\x7fPs\xeb\xa2\
Y\x1eI\x9bJ\xba\xa9\xf2\x8b}\xb8K%m]\xfb\
q1\xb3\xd1\xa9\x5c\x93\xa0\x8f\x15\x9a\xcf;\x0a\xcdg\
\xa2.\x96\xb4b\x89\xb9\x9b!iuI\xe7V~\xd1\
\x0f\xb7@\xd2W4 \xdd\xae\xccz\x89\xa4%\xd5t\
\xa3\xcbvz\xc19\x1dY`>\x13q\x85\xa4UK\
\xcd\xdb\x0c\x00I\x8bK:\xa2\xf2\x8b\x7f\xa4\xeb%\xbd\
\xaa\xf6ccf\x0d5mu\xf7U\x99\xbd\x00\xb7\x14\
\x9c\xd7b\x92\xce*0\xa7\xb1\x5c\xaf\xa6Y\x91Y\x1d\
\x92\xf6\x90\xf4`\xe5o\x84\x91NP\xf2\xd1\xa1f6\
65\xc7\x05\xff\xb4\xe0\xf7\xfd\xfd\x85\xe7\xb7\xaa\xa4\x1b\
\x0a\xceo\xb8\x9b\xe5sS\xac\x1bH\xdaX\xe5\xce\x05\
\x9f\xa89\x92>%o\x8c1+N\xd2\xd6\x92\xae+\
\xfc=\x7fw\x85y>[\xe5?\x00\xdd*\xe9\x19\xa5\
\xe7j\xb6H\x92\x96\x93tR\xe1o\x84\x89\xb8I\xd2\
\xde\xf2Q\x98f\xe9\xd4,\xf9\xef\xa7:'\x8b\xfe\xb9\
\xd2\x9cw/8\xc7\xdb\xe4[\xa0\xad\x1b\xa9i\x1at\
\x90\x9a\xf6\xbd\xdd\xe6<I[\xd6~\x8c\xcc\xfa\x95\xa4\
5$\xfd\xa6\xe2\xf7\xf8W+\xce\xfdK\x05\xe6w\x9b\
\xa4^?\x9d\xd0\xfa\x9d\xa4WJ\xba\xb3\xc07\xc4T\
\x9c,o\x9c1k\x95\xa4]%\xddQ\xf9{\xfb\xf9\
\x15\xe7?S\xb9\xed\x8f\xfd\xc3\xdfz\x87\xa4\xf5\xd5t\
\xec\xebF\x0fH:@\xd2\xb2\xb5\x1f'\xb3^&i\
e5\x9bnk\xbb\xb0\x0b\x1e\x8b\x95\x94\xb3\x17\xea\x16\
\xf9\x87\xbf\xf5\x1aI\xb3$\x1d\xa8\xeei!<\xd2\xed\
j\xc6\xe7B\xc0l\x92$m'\xe9\xc6\xba\xdf\xc2\x92\
\x9a> [\xd5~<\x00$=S\xd2\xfd-\xce\xed\
&y\xc3\x9f\xf52I\xcf\x97tM\x8b\xdf\x14m\xbb\
Y\xcd\xc6\xa5\xd9\xb5\x1f+\xb3n'i\x85\xff\xdf\xde\
\xbd\xc6\xd8U\x95a\x1c\xff/S\x0a\x85J[\x81^\
\x10JZT\xae\x8d\x06Q\x0a4\x18L\xc3\x07\xb4\xa1\
@\x90\xd4K\xbd\x01\x15\x12\x82\xa2\x92\x86\x04I$\x22\
$$6\x8a\xf0A4\x88\x86D.!\x16\x0dP\x8c\
Q\xd2\xa2\xb5J\x035BmH[f\xda\xaa\xa5\xa5\
\xd3iaz\xe3\xf1\xc3Z\x87N\xa6\xb7\xb9\x9cs\xde\
}\xcey~\xc9\xca>\xd3\x99\xce\xbcg\xe5\xec\xbd\xdf\
\xbd\xaej\xde\xea~\x83q{t\x9d\xf4'\xe9*\xd5\
g\x1c\xd4:I\xa7G\xbf\x1f\xb3\x11\x934N\xd2\xa3\
u8)\x1a\xa9K\xd27$\x8d\x8e\xae/\xb3*\x92\
4O9a\xae\x8a\xbb\xa2\xeb\xe4`$\xdd1\xc2\xf7\
\xf5\x9a\xa4S\xa2\xdf\x87Y])\x0f\x16\xaa\xea\x00\xc1\
\x9a\xf5\xcaS\x07GE\xd7\x97Y\x15H\x9a\xa6\xc6\x0e\
r\x1b\xaa>I\xd7G\xd7\xcb\xe1H\xbak\x98\xefm\
\xb9\xa4I\xd1\xf1\x9b5\x84\xf2\xc5\xa4J{\x09\x1c\xca\
j\xe5\x95\x0e\xdd\x22`\x1dIy\xc9\xdb\x85\xca\x03g\
\xab\xa2[\xd2\x05\xd1u3\x18\xca\xdd\x01\x83\xddBx\
\x8f\xa4\x1f\xc9\xd7\x1bkw\xca\x03\x04\xef,\x1f\xfa\xaa\
\xeb\x96t\x9b\xa4q\xd1\xf5f\xd6,\x92.Q\xdei\
\xaeJ^P\x8bm~#i\xbc\xf2\x18\xa3C\xd5\xe5\
\x06I\x0f\xca\xfd\xfd#\x96\xa2\x03\xb0\xa1\x91t>\xf0\
\x10\xf0\xd1\xe8X\x06\xa1\x97\x1c\xeb\xa2\x94\xd2\x1b\xd1\xc1\
\x985B\xb9\x11\xdd\x0b\x5c\x1d\x1d\xcb\x00\xf7\x03\xb7\xa6\
\x94\xf6D\x072\x5c\x92\xc6\x033\x80\xc9\xc0f`#\
\xb0&\xa5\xa4\xd0\xc0\xcc\xa2(\xb7\x06\xdc\xa2\xfaN\x9f\
i\xa4}\xca\x0b\x0a\xcd\x8c\xae;\xb3z\x914Vy\
Z\xec;\xa1g\xd7\x81\xfa$}-\xba~\xcc\xac\x81\
\x94\x17\x0f\xfaC\xf0\xc5f\xa8\x96J\x9a#\xc9\xadO\
\xd6\x92\x94\x97\xf0\x9e\xaf\xc1\xf7U7S\x97\xa4OF\
\xd7\x91\x995\x81\xf2f\x227H\xda\x16{\xdd\x19\xb2\
\xd5\x92\xbe+ibt\x1d\x9a\x0d\x86\xf2\xf2\xb5_P\
\x9erVE\xbf\x97tbt=\x99Y\x93)\xef\xb5\
\xfdx\xf0\x05h8\xf6Jz^y\xba\xa3w \xb4\
\xcaQ~\xe2\xbfF\xd2\xab\x91'\xcaa\xecQ\xee\x8a\
x_t]\x99Y \xe5\xe6\xf5\xae\xd8\xeb\xd1\xb0u\
K\xbaG\xd2i\xd1\xf5h\xa6|\xe3\x9f#ie\xe8\
Yqxo\xa8\x22\xcb\xfa\x9aY\x05(O\xa3y@\
\xd5\xddS\xe0H\xf6JZ\xac|\xf1u\xab\x805\x95\
\xa41\x92\x16\xa8\xbaO\xfc5OI\x9a\x10]_f\
VA\xca\x1bmD\xee7^\x0f\x1b%\xfdX\xd2,\
\xb9\x89\xd3\x1aH\xd2\x14I?P\xde\xf4\xaa\xca\xfa\x94\
g\x01y \xad\x8d\x88?@\x1d@\xd2\x95\xc0}\xc0\
\xf4\xe8XF\xa8\x1bx\x1cx\x0cX\xee\xb9\xc0V\x0f\
\x92\xce\x03\xbe\x09\x5c\x0bT}U\xb95\xc0\xe7SJ\
\x7f\x8f\x0e\xc4Z\x9f\x13\x80\x0e!\xe9(\xe0&\xe0\xfb\
\xc0\xf1\xc1\xe1\xd4C\x17\xf0\x149!X\xe6d\xc0\x86\
By\x95\xcak\x81\xf9@+\xf4\xa1\x0b\xf8\x19\xf0\xed\
\x94\xd2\x8e\xe8`\xac=8\x01\xe80\xca\xcb\x82\xde\x0d\
|\x19h\x97&\xf5\xd7\xc9\xad\x02\x8b\x81\x15)\xa5}\
\xc1\xf1X\x05)w!\xcd\x06\xbe\x0a\xcc\x05Ze;\
\xebn\xe0\xeb)\xa5%\xd1\x81X{q\x02\xd0\xa1\x94\
\x97\x14^Dk<\xfd\x0c\xc5\x16\xe0y\xe0\x19\xe0\xb9\
\x94\xd2\x7f\x83\xe3\xb1@\xa5\x9f\xfc\x13\xe4ez\xe7\x01\
\xa7\xc6F4d\xbf\x06nN)m\x8b\x0e\xc4\xda\x8f\
\x13\x80\x0eV.\x8e\xd7\x90\xbb\x05\xce\x08\x0e\xa7\x11\xde\
\x05V\x92\x93\x81g\x81\xbf\xbau\xa0\xfd\x95'\xfd\x8b\
\xc87\xfd\xab\x80\xa9\xb1\x11\x0d\xcbf\xe0\xc6\x94\xd2\x93\
\xd1\x81X\xfbr\x02`(O\xb5\xfb\x22\xf0=Z\x7f\
\xa0\xe0\xe1\xbc\x05,)eYJiup<V'\
\xca\x9b\xc6\x5c\x0a\x5c\x06\x5c\x01L\x89\x8dhD~\x0b\
,p\xeb\x955\x9a\x13\x00{O\x19(8\x0f\xb8\x93\
\xf6N\x04jz\x80\x15\xc02`)\xb04\xa5\xd4\x17\
\x1b\x92\x0dFIZ?F\xee\xd3\x9f\x0d|\x0a8*\
4\xa8\x91\xdb\x04,L)=\x12\x1d\x88u\x06'\x00\
v\x00IG\x03\xd7\x03\xb7\xd3\xdaORC\xd5\xc7\xfe\
\x84`\x19\xf0bJiklH\x06\xef=\xe1\xcf\x04\
.(\xc7Y\xc0\xd8\xd0\xa0\xeag\x1f\xf0S\xe0\x8e\x94\
\xd2\xf6\xe8`\xacs8\x01\xb0C\x924\x06\xb8\x11X\
\x08\x9c\x14\x1cN\x04\x91\xe7]\xbf\x0c\xac\x02^)\xc7\
\xb5\x9ev\xd88\xe5sw\x16y\xf0^\xed\xa6\x7f&\
\xedy\xbdz\x89\xdc\xdc\xefy\xfd\xd6t\xedxBY\
\x9dI\x1a\x0b\xdc\x0c\xdc\x0ax\xb71\xe8%'\x02\xab\
\xd8\x9f\x1c\xacJ)\xf5\x84F\xd5bJ\x97\xd3\x87\x81\
sK9\x07\x98A\xee~j\xf7%\xa0w\x90\xc7\xdc\
\xfc$\xa5\xb47:\x18\xebLN\x00l\xd0$\x1d\x0b\
|\x05\xf8\x16\xf0\xa1\xd8h*\xa9\x1bX\x07\xac-e\
]\xbfcw'^\xe8\x95\xb7\xa7\x9dV\xca\xf4\x01\xc7\
\xa9\xb4~\xbf\xfdP\x09\xf8\x0dp[J\xa9+:\x18\
\xeblN\x00l\xc8\xca4\xab\xb9\xc0w\x80\x0b\x83\xc3\
i\x15{\xc9\xab\x17\xd6\x12\x82\xf5\xc0\x9b\xe4u\x0b6\
\x97\xe3\x9b\xc0\x96*\x0fD\x94t\x1c0\x0e\x18_\xca\
\x89\xc0\xe4R&\x02\x1f,\xc7\xda\xbf\x1d\x1b\x13i%\
-#\xaf\xe4\xb7<:\x103p\x02`#$\xe9\x22\
r\x22p\x05\xed\xb3\xb2`\xb4\x9d\xe4\x84\xa0\x7fr\xd0\
[\xbe\xd7KN&\xf6\x01\xb5\x01co\x03\xbb\xca\xeb\
\xb7\x06\xfc\xaec\x801\x07\xf9\x1b\xa3\x81\xe3\xfa\x1d\x8f\
&\xdf\xack\xc7\xda\xff\xab\xdd\xe8k7\xfdN{b\
\xaf\x87\xd7\xc9\xa3\xfb\x9f\x88\x0e\xc4\xac?'\x00V\x17\
\x92\xa6\x03\xb7\x00\xd7\xe1\xa7>3\xc8\xc9\xd8\xbd\xc0\xa2\
\x94\xd2\xae#\xfd\xb0Y\xb39\x01\xb0\xba*}\xbe7\
\x01\x0b\x80\x93\x83\xc31\x8b\xb0\x13x\x10\xf8\xa1\xa7\x91\
Z\x959\x01\xb0\x86(\xe3\x04>\x0d\xdc\x00\x5c\x09\x8c\
\x8a\x8d\xc8\xac\xe1v\x02?\x07\xeeI)m\x8a\x0e\xc6\
\xecH\x9c\x00X\xc3I:\x19\xf8\x12\xb9U`Zp\
8f\xf5\xb6\x03\xf8\x05\xf9\x89\xff?\xd1\xc1\x98\x0d\x96\
\x13\x00k\x9a\x01\xad\x02s\xf1\x802km\xb5\x1b\xff\
\xdd^\xb7\xdfZ\x91\x13\x00\x0b!i\x12yM\x81\xeb\
\xf0\x9a\x02\xd6Z\xd6\x01\x0f\x00\x0f\xa5\x94\x06\xce\xba0\
k\x19N\x00,T\xd9\x92x\x16y\x13\xa2\xcf\x01'\
\xc4FdvH\x7f\x04\xee\x07\x16{[ik\x07N\
\x00\xac2\xca\x0eo\x97\x02\xf3\xc9\x03\x07\xdbe\xb3\x17\
k]\xbb\x80\xc7\x80\xfbRJ\xafD\x07cVON\
\x00\xac\x92\xca\x8as\x97\x03W\x03\x9f\xc1\xc9\x805\xd7\
\xcb\xc0/\x81\x87\xdd\xcco\xed\xca\x09\x80U^\xd9\x1d\
\xee2r20\x87\xbc\x22\x9dY\xbdm\x02\x1e\x05\x1e\
\xf1\xd3\xbeu\x02'\x00\xd6RJ7\xc1\x85\xc0g\xc9\
\xc9\xc0\xd9\xb1\x11Y\x8b\xeb\x03\x9e\x06~\x05<\x9bR\
\xda\x13\x1c\x8fY\xd38\x01\xb0\x96&\xe9#\xe4D\xe0\
r\xe0b\xf2Z\xf6f\x87\xd3\x03<\x07,&\x0f\xe8\
\xeb=\xc2\xcf\x9b\xb5%'\x00\xd66JW\xc1\xc5\xc0\
\xecR\xce\xc3\x9fq\xcb\xd6\x93o\xfa\xbf\x03\x96xm\
~3_\x1c\xad\x8dI\x9aB^x\xe8\x92R\xce\x8c\
\x8d\xc8\x9ah7\xb0\x02x\x06x\xda}\xfaf\x07r\
\x02`\x1d\xa3,>TK\x06f\x01\xe7\xe2=\x0a\xda\
\xc5n\xe0o\xc0\x9f\x80?\x03/\xa6\x94\xde\x0e\x8d\xc8\
\xac\xe2\x9c\x00X\xc7*S\x0d\xcf\x07f\xf6+\x93C\
\x83\xb2\xc1\xea\x01V\x02/\x90o\xf8\x7fI)\xbd\x13\
\x1b\x92Ykq\x02`\xd6O\xd9\xb8\xe8l\xe0\x1c\xe0\
\xe3\xa5\x9c\x85\xcf\x95H=\xc0?\x81\x7f\xf4+\xaf\xa6\
\x94\xde\x0d\x8d\xca\xac\xc5\xf9\xa2fv\x04\x92&\x003\
\xd8\x9f\x18\xd4\x8e\x93\x22\xe3jC\xdb\x805\xc0\xbf\x81\
\xd7\x80\x7f\x01/\xa5\x94\xd6E\x06e\xd6\xae\x9c\x00\x98\
\x0d\x93\xa4\x13\x803\xc8\x9b\x19\xd5\xca\xe9\xe5\xf8\x81\xc0\
\xd0\xaal3\xb0\x11XK\xbe\xd1\xd7\xca\xea\x94\xd2\xff\
\x22\x033\xeb4N\x00\xcc\x1a@\xd28\xe0T\xe0\xb4\
r<\x05\x98Z^O\x04N*\xa5\x1d\xec\x05\xb6\x02\
[\xcaq\x13\xb0\x01\xe8*\xaf\xbb\xca\xd7\x1b<\xfd\xce\
\xac:\x9c\x00\x98\x05\x914\x8a\xfd\x89\xc0$`B)\
\xe3\x07\xbc\x1e\x0b\x8c.\xafG\x01\xc7\x03\xc7\x00c\xfa\
\xfd\xbaQ\xc0\xfb\x0f\xf2gz\x80\x81}\xe5\xbb\x81\x9d\
\xfd\xbe\xee\x05\xf6\x90\x9b\xe0k\xdf\xdbY^o+\xdf\
\xeb\x05\xb6\x93o\xf0\xfdo\xf6[SJ\xdb\x87\xfa\xde\
\xcd,\xde\xff\x01\x90{0\xc62\xc0#&\x00\x00\x00\
\x00IEND\xaeB`\x82\
\x00\x00\x15\x1d\
\x89\
PNG\x0d\x0a\x1a\x0a\x00\x00\x00\x0dIHDR\x00\
\x00\x00\x80\x00\x00\x00\x80\x08\x06\x00\x00\x00\xc3>a\xcb\
\x00\x00\x08wzTXtRaw prof\
ile type exif\x00\x00x\
\xda\xdd\x97[\x96\x1b9\x0eD\xff\xb9\x8aYB\x92 \
\x08r9|\x9e3;\x98\xe5\xcfEJ\xf5\xb4\xab\xda\
m\xf7\xcf\x8cd+%\x16\x93I \x02\x81`\xd8\xff\
\xf9\xf7\x09\xff\xe2\x95\xaa\x95\x90\xd5ji\xa5\x5c\xbcr\
\xcb-u\xbe\xd4\xeb\xf1z\x5c\xe3\x95\xef\xcfwC\xf7\
\xef\x0f\xe3\xe1\xf5\x0f\x89!\xe1*\x8f\x9fe?\xe7w\
\xc6\xf5\xed\x06\xcb\xcf\xf1\xf1q<\xd8|\xaeS\x9f\x0b\
=\xff\xf0\xb2\xa0\xf8\x93\x13_\xd6sG\xcf\x85$=\
\xc6\xe3\xf3wh\xe9\xf1\xa5\x97w\xe1<\xff\x8b\xddK\
\xbcN\xfe\xfc;\x1b\xc9X\xca\xa0\xa4\x90\xb6D\xb9\xee\
\xcf\xf4x\x92\xb0\x0bi\xd2}\x9c\xcfK*\x13\xaf{\
D\xc4\xee\xf1\xf8c\xfe\xc2k\xea~\x92\xc0\xd7o\x9f\
\xf2w\xcd\xe7\xb8\xbc\xa5\xe3\xb1\xd0KX\xe5S\x9e\x9e\
\xe3Q\x7f\x9e\xbf;K\xefw\x14\xd3\xeb\x93\xd3\xfb\x1d\
\xa5|\xf5\xeb\xfd\xeb]\xfe\xceY\xf5\x9c\xfd\x88\xaeg\
x\xd4ry\x06\xf5\x12\xca\xfd\x8d\x89\x83t\xca}[\
\xe1m\xfcW\xbe\xdb\xfdn\xbc+\x8f\x99$~\x11\xea\
\x08\xd7\xe0G\x8b\x89\xcc\x9e\x98\xe3\x8a=\x9e\xb8\xef\xeb\
\x8c\x93-\xe6\xb4\x93qMi&\xb9\xc7\xaaXji\
\xde\xa0d\x7f\xc7\x93,\x80\xc6\x92\x0aV\x13\xe4\x84\xe1\
\xf4\xba\x97x?\xb7\xf9\xf3xX\xe5\xc9+23E\
\x16\x03\xe3\x8f\xef\xf0y\xe0w\xdf\x1f\x16:\xc7i\x1e\
\xe3U_s\xc5\xbe\x92\xf3\x8bm8r\xfe\xc9,\x00\
\x89\xe7\x99S\xbd\xf3\x1b\xc3\xe3r}~9\xb0\x02\x82\
z\xa7\xb9\x12`\xbf\xc6c\x89\xa1\xf1\x8d[r\xe3,\
\x97\x06\xa6\xe6\xebA\xf9h\xeb\xb9\x00)\xe2\xd9\xcaf\
`q\x8eW\x89\xa2\xb1\xc4\xcbR\xb2\x18\xc9c\x05\x9f\
\xce\xce\x93\xe44@ j\xd0\xb4\xd8e\xca\x22\x05p\
\xa8\x06\x9e\xcd=\x16\xef\xb9I\xd3c\x18y\x01\x08\x95\
B\x91T/\x17\xc0\xcaYs\xa1\xde*\x14\xeaAE\
\xb3\xaa\x165\xad\xda\xb4\x17)\xb9h)\xc5\x8a\xebT\
7\xb1lj\xc5\xcc\xaa5\xebUj\xaeZK\xb5Z\
k\xab\xbd\xa5&\xc8\x98\x86V\x9a\xb5\xdaZ\xeb\x9d\x87\
\xf6\xdcY\xab3\xbf30\xd2\x90\x91\x87\x8e2l\xd4\
\xd1F\x9f\xd0g\xe6\xa9\xb3L\x9bu\xb6\xd9WZ\xb2\
\x90\x80\xb0\xca\xb2UW[}\xc7\x0d\x95v\xde\xba\xcb\
\xb6]w\xdb\xfd\xc0\xb5#'\x1f=\xe5\xd8\xa9\xa7\x9d\
\xfe\x8a\xda\x13\xd5\x8f\xa8}F\xee{\xd4\xe2\x13\xb5t\
\x03\xe5\xf3\xec\x0d5\x86\xcd^\x96\x88.'\xea\x98\x81\
X\xca\x11\xc4\xcd\x11\x80\xd0\xc91\xbbj\xcc99r\
\x8e\xd9\xd5\x92\x04\x11M\xecR\x1d\x9c\x15\x1d1\x10\xcc\
;&=\xf1\x15\xbb7\xe4\xbe\xc4-\x90\xdd\xbf\x8b[\
\xfa\x19r\xc1\xa1\xfb'\x90\x0b\x0e\xdd;\xe4~\xc4\xed\
'\xa8\xad~\xcb\xad\xdc\x00y\x15\x92S\x14R(?\
&\xf5T\xf9G;\xf9\xbdk\xb8\xfep\x81\xff\x95\x85\
j\xd2\xd1\xebF\x9eG\x9b\xa3\x9eM\xe7\xbf\xc8\xf8\xc8\
\x0e\xfb\xa8\x0b\xb9&\xdbe\xaa\xc6\x96JK@\xc7\xaf\
-\xddB\xcc\xb3;\xed\x93\xee1\xa0\xd0\xb5\xda\x1e\xeb\
H\x9eg\xe8<\x00\xb1\x80\xe9\xd2\x1c3\x96!\x9fS\
F\xf3Q\xea\xa5_=?&1%\xb8;PH\xca\
,]g/\xfaP/\xeaS+P\x1e\xed}eK\
=\x8f\xe6\x04\x99\xa6;\x8d\xc4\xe6\xb9\xcfYWs\xb4\
Jk\xa9\x10rk>6-\xf7A\xdd\xd4\x81A\xb2\
,Me\xb9\x01\x91\xee\x81ww+\xdf_C\xfa\x85\
\x89=5vY\xd5\x92\xb5d\xfdb\x9fl\xb8\xc3\xda\
1\xc7iQ\xf6\x1d\x9a\xc9\xa6JNVw+|\xf4\
.P\x1f)\xdcG\x0aFfd\xa2)\xb9\x8e\xcbb\
\xb3x\xa6f\x8cMLkk\x83\xd4\xa9o:$\xc9\
\xd6\x22g\x08m\xbcu;[H\xe22\xa2\xbc\x93\x96\
\xce&\x95\xc7\xdd\x13\x19\xae\xfb\xfe\xae\xbb\x01\x17\xe5\xbf\
y\xce<\x8e\xcd@\xfc\xfb\x8dF\x91\x81\xb8\x97\xad\xd4\
\xf4U\xf7\xc8\xab\xafV\x14AH}b\x9cV\xb1\xb5\
\x16aHk\xd1\xceR\x80(\xc4\xd7\x97\xa6\x89\x9b\xaa\
\x1aN\x92vA\x12\xe2&\x1c\x07\xa3\x22\x1a\xf7\x9e\xdb\
\xac\xb2v[\xda(}\xf1\xaa\xcf\xc2zew[\x04\
\xdc?\xb02\xfc&\x9d\xe7\x1c\xbd\x8d\xb9\x00=\x0e\x04\
\xaa\x07\x8bj}\xeb\xc2K\x96\xa2RK\x84\x16g\x16\
h\xe07(\x12h\xe5\x22\xf5i\x9a3\xb0\xaf\x8b\x1b\
\xa13d\x13\x02\x84\xc4H\xa1d\xc4?\xad1\xf3\xed\
q\xe2\x00\xa9$\x02Z\x12\xdb.\x08\xdc\xb7\xd4\xe8\x11\
\x95\x97\x0b1.+,\xa8W\xb1\xa2\xc7l\xd8\x16U\
\xa0F\x16S\xa9gvh!\x02\x9d\xd9\xcb\x85\xfav\
E+w!Ui9\x11\x90\xccN\x88#\x96\xb2\xc3\
Lv!\xafb\xca\x8d\xf5\x92\xfc\xabT\xfet\x0do\
\xfbTs\x96\x9c\x04s\x22\xacR\x98\xb97\xfe\xed\xfd\
\x08~g\xd6:\xf7\x8e\xde>Z_\xd5\xd3N)\xd7\
pZ>\xd3N\xd3\xd2\x96[q\xbdy\xf5\xe5\x95\xd0\
\xa9\x89\xd6\x14\x07\xb7\xa3\xd1\x96\xb8\xd5\xb5'\x94\xed\xfb\
\xd8\xb2\xee\x8a\xbf\xce\xe6\xb0A%\xe4\xb8sy`-\
\xe5W\xa2\x0d\xdf\xa2B\xb4+\x89\xef\x18\x1e$\x0a\xe7\
\xe3o\x17\xbd%\xd4\xd5V\x09\x1e\xbdj\xa79NR\
R\xcdR\x9cbE*5\xf2+\xa9\xa6i\x0f\x8f%\
P\x1bv&\x91z\x83\xf3\x04\xcc[\xafdR\x91\xc2\
\x83)\xd2\x9b\xcf~\xa4*K\xe3\xabH|\xba\x86\xaf\
\xfe\xf0\xe1\x8a\xb5\xc3d\xe7\xe6\xa2Ao\x15\xd4\x9cz\
$\xc9\xeaD\xcb\x866\x06Z\xff\x0b\xe5\xbc\xea\xbd\x1d\
{\x7f\xd6J\xf0\x94P=\x99\x1b\x91+\xc5[\xa0k\
\x9a.\x9b\xc5\xe2r\xcey\x9dg\xf7\x05z\xcd\xd0q\
\xf5\xf4\xee\xef\x10oj\xd7\xec\xc7.h\xc5\xec-\xed\
\xcc\x84\x80\xec<\x07V^}\x8f+\xd8\x1a\x83\xb3\xdb\
\x9d\xb7\xa9\x8d\xd3X\xe3p\x80\xb7?\xca\x96P$\xaf\
\xd2\xe8U\x0a\x03\xd7j\x17\xe7\x82\xb8\x98u\xf7\x9e\xb7\
\x87\x86\xef\xf9\xf7\xe5.i9Y\xbd\xec\xac\xa0\x1d\xd3\
(\xda\xed\x0e\xc6y\x17K\xf5\xa7\xf7Q\x8e\x08\xbc<\
\xe3,\xa4\xc3\xc5\x91\x866\xaeL\xafB\xbb\x09\xeeh\
\xdcC\xf1\xd9\xa8\xb9e\xfa\xe35%x:\xbbC\xfe\
\xa4\xf0\x5cy\xcc\x969\x7f\x82@:~\xd4\xed\x0d\xd9\
\xc9\x10\xaf5Wuo\x98.\xb3\xae\xeb\xae\xea\xde\x0a\
\xe1\xd1\xdd\x0d\xef^\x08\xd8\xbd\xc5}j\xcb\x09\xb5\xc3\
X\xf5m\x02\xf6\xd6{\xcb\xc3\xd6\xb1\x86N\x9d\x5c\xee\
\xa2\x02z\xa5m\xe3\xe1\x22\xea/\x0175U^d\
\xb4!\xfd\xc8\x14gx\xce\x86\xb76S\xefeu\xdc\
V\xd1\x09\x9bhjcM\x9c\x17R\x99\xf1u\x89\xa6\
\x07$\xb1\x22#p\xfa/\x19\xf9\xd7\xd7\xf0\xf2E\x0d\
u\x89\xc8\xe0b7\xab\xe0\xe69\x076\xd4\xef\xa5[\
5\xd2\x5c\xa7\xe7\xb5/)\xa3p\xc8,\xf9\xa5[\xa9\
\x05\xce\x94\x0d\xb3<.Z\xa1\xee\xe3\xf4\x98\xd8@\xfe\
\x8ee\xe08Z5\x8eJ\xb68'W\xe7{\x8f\x04\
\x93cM\xee(\xb6\xef\x81\xc0\x1b\xa1a'Z\xd9\xec\
\xa8\x9e\x91\xf2mc\xe6Y\xb7\x85a3:\xf3\xc0r\
gTyu$z\x96\x02t\xf4ql\xed\xd5\xc9\xfb\
\xa6\xf1\x81\x87vj\xad\xba\xa1\xbe\xdc\x8d\xd3\x12\xd8\xa4\
T(\xa0\xf9Y\xedH*\x9dGZ\xc1\xd4\xd0aN\
\xc5\xc5/\xdau\xe9\xe7\x03S\x83\xfe\x1e\xb5\x7f\xb8~\
\xb9\xd0\xb2\xec\x8d\xbbS\x954\xee\xde\xd6K\xd2c]\
\xd3G9Ib\x10\x12r\x8d\xbd\xcfWP\xa3'\x9e\
\xec\x9co\x83\xd4!\x94\xd1\x8d\x04\xb7+\xf3\xd1\xa1\xbc\
\xe1\x16\xd8\x1c|\x8cW\x01\x00&8\xb39v\xf6\xba\
\x16\x0e\xb3!,H\xad\x1b\x87\xf2\xc7\xde6\xfcm\xf7\
\x80g\xadW~\x07\x9ab\x88\x96\x05\xcfD~d\x02\
\x18\xa9`\x10\xc2\x08\xb8U\x22|\x9a:d\x9d#\xb6\
\x5c\xc1v\xad\xe3\xc2V\x92\x1bb\xec\xac W#F\
\xc4~\x85\x97tfZ\xfb\xa2\x8c:\xd6y_c\xba\
\xc7\xb8\xab\xdf\xbc\x01\xe4\xf5W\xb0\x85\xfc\x0f\xe1\xff\xb2\
\x90\x1a\x81d\xb7\x11\x1c\xac\xe6X\x97+Z\xe1\xfc\xa5\
\xc5t\xcd\x94\x92\xbb@\xabe\xb3{\x92\x95\x86\x0a\x86\
\xb3ba&\xdee\x9fp(\x03\xca\xf3\xd05\xde\xd9\
p\xfc\x1f~\x0b\xbf\x08\x9b;\x82\xf3\xa43\x85=\xbe\
\xd0\x8a\xf0g\xe2\xf1\xe5B\xa2+\x22\xebO\x14\xf7C\
\xcb\xd7\xe2\x84\x8c\x1f\x85\xcd\x10\x92x\x1bS.\x8f\x80\
\xdd6\x85\x02\xa8e\x90MW:\x87\xf6|/\xb5\x86\
a%[\xcb\x1c\xadO\xd9S\xb0s\x0b\x8a\xe3\x8dH\
\x18\xed\x90\xda\xe7\x944\x10\xd6\xe5\xe8\x97\x17\x8e\x85?\
?\xa9\xfd\x1f.Df\xcfj\xe1\xbf1\xa3\x8ei+\
\xe5\xd2\x9d\x00\x00\x01\x84iCCPICC p\
rofile\x00\x00(\x91}\x91=H\xc3@\
\x1c\xc5_[\xa5\xa5T:\xd8A\xc4!Bu\xb2 \
*\xe2\xa8U(B\x85P+\xb4\xea`r\xe9\x174\
iHR\x5c\x1c\x05\xd7\x82\x83\x1f\x8bU\x07\x17g]\
\x1d\x5c\x05A\xf0\x03\xc4\xc5\xd5I\xd1EJ\xfc_R\
h\x11\xe3\xc1q?\xde\xdd{\xdc\xbd\x03\xfc\xcd*S\
\xcd\x9eq@\xd5,#\x93J\x0a\xb9\xfc\xaa\x10|E\
\x18!D1\x8c\xb8\xc4L}N\x14\xd3\xf0\x1c_\xf7\
\xf0\xf1\xf5.\xc1\xb3\xbc\xcf\xfd9\xfa\x94\x82\xc9\x00\x9f\
@<\xcbt\xc3\x22\xde \x9e\xde\xb4t\xce\xfb\xc41\
V\x96\x14\xe2s\xe21\x83.H\xfc\xc8u\xd9\xe57\
\xce%\x87\xfd<3fd3\xf3\xc41b\xa1\xd4\xc5\
r\x17\xb3\xb2\xa1\x12O\x11\xc7\x15U\xa3|\x7f\xcee\
\x85\xf3\x16g\xb5Zg\xed{\xf2\x17F\x0a\xda\xca2\
\xd7i\x0e!\x85E,A\x84\x00\x19uTP\x85\x85\
\x04\xad\x1a)&2\xb4\x9f\xf4\xf0\x0f:~\x91\x5c2\
\xb9*`\xe4X@\x0d*$\xc7\x0f\xfe\x07\xbf\xbb5\
\x8b\x93\x13nR$\x09\xf4\xbe\xd8\xf6\xc7\x08\x10\xdc\x05\
Z\x0d\xdb\xfe>\xb6\xed\xd6\x09\x10x\x06\xae\xb4\x8e\xbf\
\xd6\x04f>Iot\xb4\xf8\x11\x10\xdd\x06.\xae;\
\x9a\xbc\x07\x5c\xee\x00\x03O\xbadH\x8e\x14\xa0\xe9/\
\x16\x81\xf73\xfa\xa6<\xd0\x7f\x0b\x84\xd7\xdc\xde\xda\xfb\
8}\x00\xb2\xd4U\xfa\x0688\x04FK\x94\xbd\xee\
\xf1\xeePwo\xff\x9ei\xf7\xf7\x03fdr\xa2M\
O9\x8f\x00\x00\x00\x06bKGD\x00\xff\x00\xff\x00\
\xff\xa0\xbd\xa7\x93\x00\x00\x00\x09pHYs\x00\x00\x0b\
\x13\x00\x00\x0b\x13\x01\x00\x9a\x9c\x18\x00\x00\x00\x07tI\
ME\x07\xe3\x0a\x08\x0f%\x0c9\x19(3\x00\x00\x0a\
\x97IDATx\xda\xed\x9dmp\x1de\x15\xc7\xff\
\xe7\xd9\x9b@\xdf0\xa1&\xf7>{o\x1a\x9b\xa9\x0d\
2\x08m)\x05A\x9d\x01\x957\x91A\xaaV\x81\x82\
\xca8:\x82 *\x22\xca\xe0\x88\xe2\x8c\x83 \xf8\xf2\
\x01F1L\xa1P\xde\x04\x1d\xb4(X\xf1e\x1c\x07\
\x0b\x856\x81\x96PI\xc8\xdd\xbdIl\x13H\xa7\xd6\
\xde\xbb\xe7\xf8\x81\x8b\x81j\xba{\xf3r\xef\xee\xcd\xf9\
\x7fL\x9eMv\x9f\xf3\xdb\xf3\xdf\xb3\xfb\xbc\x90\x88@\
5{e\xb4\x0b\x14\x00\x95\x02\xa0R\x00T\x0a\x80J\
\x01P)\x00*\x05@\xa5\x00\xa8\x14\x00\x95\x02\xa0R\
\x00T\x0a\x80J\x01P)\x00*\x05@UwJ\xd5\
\xcb\x85x\x9e\xb7TD\x8e!\xa2N\x00\x9d\x00Z\x8d\
1\xf3Ed\x01\x00\x10\xd1\x183\xef\x010\x08`\x87\
\x88l'\xa2g\x5c\xd7\xdd1\x9b\x01\xa0\xa4\x8e\x08\xf2\
}\x7f.\x80sD\xe4\x83Dt\xb2\x88\xd8I\xa5@\
c<f\xdeDD\x8f\x04A\xf0P.\x97\xfb\x97\x02\
\x10c\x15\x0a\x85\x95\x22r\x89\x88\xac\x06\xb0`\x9a\xff\
\xfc\xab\xc6\x98\x07D\xe4\xc7\xd6\xda\xa7\x14\x80x\xdd\xf1\
\xef\x11\x91k\x00\x9cZ\xa5\x7f\xb9\x91\x88\xbec\xad\xfd\
\x8b\x02PC\xe5\xf3\xf9\x1c\x11\xdd\x0c`uM:\x88\
\xe8\xdeR\xa9tE[[\x9b\xa7U@\xf5\xef\xfaK\
\x89\xe8\xb9Z\x05\x1f\x00D\xe4c\x8e\xe3<\xefy\xde\
\xe75\x03TI}}}M\x0d\x0d\x0d\xb7\x03\xf8p\
\xccN\xed\x81}\xfb\xf6]\xdc\xd1\xd1\xf1\x8a\x020s\
)\xff\xedD\xb4\x11@G,;\x8c\xe8\xc5 \x08N\
\xcf\xe5r\xbd\x0a\xc0\x0c<\xe13\xf3\xaf\x01\xb4L\xe1\
\xcf\xec5\xc6l\x17\x91\x17\x00\xec\x02\xb0\xa7\xfc\xf3\xf9\
\x00\x16\x12\xd1Rf^\x0a`\xee\x14\xfe\xc7\x10\x11\x9d\
Q\x0f\x95Bl\x00\x18\x18\x18Xe\x8cyl2\xa5\
\x9d1\xe6i\x11\xd9@D\xbf\xcfd2O\x01\x08B\
\x0eq\x06\x06\x06\x8eu\x1c\xe7\x14\x22Z\xc3\xcc\xcb&\
q\xcac\xc6\x98S2\x99\xcc\xdf\x15\x80)\xca\xf3\xbc\
N\x00\x7f\x06\xf0\xd6\x0aRq\x91\x88\xd6\x95J\xa5\x9b\
s\xb9\xdc\xd6)\xda\xce\xd1\xc6\x98+D\xe4\x02T\xf6\
vtXDN\xcaf\xb3/(\x00\x93O\xfb-\xcc\
\xfc$\x80\xf6JJ3\x00WZk\xfb\xa7\xf3\x5c\x06\
\x07\x07\xdf\x16\x04\xc1\x8d\x00\xce\xad\xe0\xb0\x7f\x008\xce\
u\xdd]Z\x06N\x02@f^\x175\xf8D\xe4\x13\
\xd1\xe9\xd6\xda5\xd3\x1d|\x00H\xa7\xd3/\xb9\xae\xbb\
ZD\xce\x020\x14\xf1\xb0\xc5D\xd4\x05\x80\x14\x80\xca\
\xeb\xfc\xab\x00\x9c\x161\xf8\x9b\x8c1\xcb\xac\xb5\x8f\xce\
\xf4ye\xb3\xd9GJ\xa5\xd22\x00\x7f\x8a\xf8\xae\xe0\
,\xcf\xf3\xbe\xa4\x16P\x99\xef/5\xc6le\xe6\xc6\
\x08\x0fy\x1bv\xef\xde}\xe1\x91G\x1e\xb9\xbf\x9a\xe7\
\xd8\xdb\xdb{\xc8\xdc\xb9s\xefB\x84\x17Q\xc6\x98}\
\xc5b\xf1\xa8\xb6\xb6\xb6\x17\x15\x80h\xde\xff;f~\
\x7f\x84\xa6\xeb]\xd7]\x0b\x80k\x95%}\xdf\xbfG\
D>\x1a\xa1\xedF\xd7u\xcfP\x0b\x08O\xfd\xe7D\
\x0c\xfe\xa3\xbe\xef\x7f\xb2\x86\xc1\x07\x00\x1e\x19\x19\xb9\x80\
\x886Eh{\xba\xe7y\x1f\xd2\x0c\x10\x9e\xfe7\x03\
X\x11\xd2\xac\xafT*-_\xb4h\xd1H\x1c:\xaa\
P(\xb4\x00\xd8\xc2\xccnH\xd3']\xd7]\xa5\x19\
`\xe2\x8e<#B\xf0\x19\xc0'\xe2\x12|\x00\xc8d\
2\xc3A\x10\x9c\x0f \xec\x8e9\xce\xf7\xfdS\x15\x80\
\x89\x22\xcb|y\x84'\xfe\xdb\x5c\xd7\xfdk\xdc:+\
\x9b\xcd\xfe\x81\x88\xee\x88\xd0\xf4\xf2\xa4\x00PU\x0bx\
\xf9\xe5\x97]\xc7q\xfa\x018\x07\x09\xfe+\xc5bq\
q\x9c\xee\xfe7jpp\xb05\x08\x82\x9d\x00\xe6\x1d\
\xa4Y)\x95J\xe5Z[[\x075\x03\xbcA\x8e\xe3\
\x9cw\xb0\xe0\x97k\xea\x9f\xc45\xf8\x00\x90N\xa7\x87\
\x88\xe8\xd6\x90f\xa9b\xb1x\x9eZ\xc0\xff\xea\xec\x90\
\xd4_t\x1c\xe7\x96\xb8wZ\x10\x047!\xe4\x83\x93\
1\xe6l\x05\xe0\xcd\xa5\xdf\x5cc\xcc\xf1!\x00\xfc&\
\x9dN\x0f\xc5\xbd\xd3r\xb9\x5c\x1e\xc0\xe3!\xd7\xf2\xae\
\xbe\xbe\xbeC\x15\x80q\x9d\x14\xf6\xd6\x8f\x99\xd7'\xa8\
\x84^\x1fr-\x87\xa4R\xa9\x13\x15\x80q\x85\x95~\
BD\x8f'%\xfa\xcc\xfcX\x84jf\x85\x020\xde\
\x19\x9d!Mz\xac\xb5\xffL\x0a\x00\xb9\x5c.o\x8c\
\x09\x1b\x16\xd6\xa9\x00D\xec\x0cc\xcc6$L\xcc\xbc\
M\x01\x88\xdeYnH\xf9\x97\xc49z\xdbC\xb2\x9e\
\xab\x00\x8ck~\xc8\xef\x87\x12\x08\xc0P\x08\xd4\x0b\x14\
\x80\xf1\x14\xbf \xa4\xb3\xc6\x92\x16}\x22\x1a\x9b\xca5\
\xcf6\x0bpB:+H\x1a\x00\x22R\x0a\xf9}J\
\x01\x18\x0f\xf0\x9e\x10@\xe6'0\x03,\x98J\x86\x98\
m\xcf\x00{B:\xab)\x81\x19\xa09\x04j\x05\xe0\
\x0d\xda\x15\xd2\x99K\x12\xf8\x10\xb8d*\xd7<\xab\x00\
\x08+\xf3\x8c1\xefH \x00G\x84\x5c\xd3\x0e\x05 \
b\xcd\x0c`Eoo\xef!I\x89\xfc\xf0\xf0\xf0|\
\x22:&\x04\xfa\xed\x0a\xc0xgl\x0b\xf1\xcbC\xe7\
\xcc\x99sbR\x00\x08\x82\xe0\xdd\x22\xd2\x10rM\xdd\
\x0a@Y\x0d\x0d\x0dOD\xa8\x14V'\x05\x00f\x0e\
;WI\xa5RO(\x00e\xb5\xb4\xb4\x14\x00<\x1f\
R\x09||\xf3\xe6\xcd\x0dq\xef\xb4\xbe\xbe\xbeC\x89\
(l\x9e@w\x12\xc66T{D\xd0\xc6\x90\xbbj\
\xa1\xb56\xf6C\xa9R\xa9\xd4E\x22\xf2\x96\x10\x987\
&!\x93U\x15\x00\x22\xba3\x82\x0d\x5c\x8dx\xaf]\
\x94\x22\xa2\xab\x22<\xf3\xdc\xa5\x00\x1c k\xedf\x00\
\xdd!Y\xa03\x9f\xcf\x7f&\xae\x1d\xe6\xfb\xfe%\x00\
\x16\x87@\xfc\xac\xeb\xba[\x14\x80\xff\x9f\x05n\x0bk\
\xe38\xcew\xcb3qb\xa5\xfe\xfe~+\x22\xd7E\
x@\xbc\x0d\x09Q-R\xedO\x11\xf2\x19\x95\x99\x0f\
\x17\x91.\xc4k\xce\xbdill\x5c\x07\xe0\xb0\x90v\
\x85b\xb1\xf83\x05`b\x1b\xd8KD?\x88\xe0\xa1\
g\xfa\xbe\xff\xb5\x18\xa5\xfeo2\xf3\xfb\x224\xbd\xa9\
\xbd\xbd}\x9f\x02pp\xfd\x10@_\x04\x08\xae/\x14\
\x0akc\x10\xfc\x8bE\xe4\xda\x08Mw\x16\x8b\xc5\x1f\
!A\xaa\x09\x00\xe5,\x10e\xfe\x1c1\xf3\xed\xbe\xef\
\xd7\xac4\xf4<\xef\x22\x11\xb95J[\x11\xb9,I\
w\x7f-3\x00\xac\xb5\x0f\x03x(J\xd9%\x22w\
z\x9e\xf7\x95\x1a\xdc\xf9W\x03\xe8B\xc8t\xb6\xf2\xc3\
\xed\xfd\xd9l\xf6\x11$L5]%l``\xe0\xf0\
T*\xb5\x85\x99\xdb\x22\x1e\xf2`\xb1X\xbc\xb8\xbd\xbd\
}\xb4\x0a\xe7\xd5\xc5\xccQ\x17{x\xa9X,.\x9f\
\xe9\xf3\xaa\xab\x0c\x00\x00\xb9\x5cn73\xaf!\xa2b\
\xc4C\xcemll\xec\x99IK\xc8\xe7\xf3\x17\x1ac\
\x9e\x8b\x1a|c\xcc~f^\x93\xc4\xe0\xd7<\x03\xfc\
\xb7n*\x14\xd62\xf3\x1d\x95\x94}D\xf47\x11\xb9\
\xdeu\xdd_MG?\xf8\xbe\x7fvy?\x82\x95\x15\
\x1c'Dt\xbe\xb5\xf6n$T\xb1Y*\xd6\xf3\xbc\
/\x03\xf8~\xc5)\xcc\x98\x17\x98\xf9N\x00\x1b\x5c\xd7\
\xad\xe8\xfb\xbb\xef\xfbG\x88\xc8\x1ac\xcc\x05\xcc\x5c\xf1\
\x88$\x22\xfa\xa2\xb5\xf6\x16$X\xb1Z,\xda\xf3\xbc\
+\x01|\x0f\x93|\x01d\x8c\xc93\xf3\x1f\x01<\x07\
`\x07\x80]\xaf\x0f7/\x0f\xe0\x5c\x08\xa0\xb3<\xfa\
\xe8\xbd\x11\xd6\xfb\x99\xf0\xce\x07p\xa5\xeb\xba7\x22\xe1\
\x8a\xddr\xf1\x9e\xe7]\x84\xd7\xde\x16\xc6uH\xb5\x00\
\xf8\xb4\xeb\xba]\xa8\x03\xc5\xee\xab\x9b\xeb\xbaw\x88\xc8\
\x07\x88\xc8\x8f\xebMCDKP'\x8a\xed\x9eA\xe5\
\xb5x\xd6\xa1z\x9bDU\xa2\xc0\x18sB\xd2\x97\x8a\
\x8f5\x00\x07T\x087\x00H\xc7\xec\xd4\xb6\xed\xdd\xbb\
w\xe5\x92%K\xfe\xad\x160\x83\xcad2\xeb\x8a\xc5\
\xe2\x11Dt\x03B&\x97TYG\xcd\x9b7\xef\x1a\
\xcd\x00\xd5}@\x5cHD\x97\x8b\xc8g\x01\xb4\xce\xd0\
\xbf\x19\xc6kK\xc0E\xd9R& \xa2\xe3\xcb\x03]\
\x14\x80**\x95\xcf\xe7Os\x1cg-\x80\xd3\x98y\
J\xd3\xca\x8c1#\xcc\xbc\xd1\x18\xb3.\x93\xc9\xfc\xb6\
P(\x9c\xc3\xcc\xf7G\xb5\x82\xd1\xd1\xd1c\xab\xbd\x92\
\xf9l\x07\xe0M\xf1\xf3}\x7f\xb9\x88\x9c\x0c\xe0\xe8\xd7\
7\x8f\x9eh\xd0&\x11\xbd\x02`{y\xd2\xc63D\
\xb4\xc9Z\xbb\x05\x07,H](\x14\xeea\xe65\x11\
\xcb\x82o[k\xafU\x00b\xa4\x9e\x9e\x9e\xc6\xa6\xa6\
\xa6\x05\x8e\xe3\x1c\x06\x00A\x10\xbc::::\x16\xf5\
N-oe\xd3\x8dh;\x98\x05D\xb4*\x89\xbb\x88\
\xd5-\x00\xd3\xa1|>\xff\x11\x22\xba/b\x16\xd8:\
22\xb22iV`4\xcc\x13+\x9b\xcd\xde_\xde\
\xa0*T\x22\xf2\xce\xe6\xe6\xe6oh\x06\xa83\x95\xad\
\xa0\x07\xd1\xb6\xb4+\x01X\xe5\xba\xee\xd3\x9a\x01\xeaD\
\x99LfXD\xa2n\x1c\x9d2\xc6t\xf5\xf4\xf44\
*\x00\xf5e\x05\xf7E}\x16`\xe6\xa3\x9b\x9b\x9b\xbf\
\xae\x16Pg*\x7f\x9b\xe8\xae\xc0\x0a\x8eK\xc2\xec \
\xcd\x00\x11U\x9e\xe9{I\xbdY\x81\x02P\x81\x5c\xd7\
\xbd\x97\x88\x22\xbd!d\xe6c\x9a\x9a\x9a\xaeV\x0b\xa8\
C+\x10\x91\x1ef^X\x0fV\xa0\x19`\x12V\xc0\
\xcc\x15YA\x9c\x17\xbdP\x00&i\x05\x00\x1e\x88j\
\x05\xd6\xda\xd8V\x05j\x01\x93\xd4\xd0\xd0P\x9a\x99\xbb\
\xa3Z\x81\x88\xac\xccf\xb3\xcfh\x06\xa8\x13\xb5\xb6\xb6\
\x0eVb\x05\x8e\xe3\xc4\xd2\x0a\x14\x80\xa9[\xc1\x83\x11\
\xad`\x99\xb56vU\x81Z\xc0,\xb7\x02\xcd\x00\xd3\
c\x05\x97V`\x05?\x8f\x93\x15(\x00\xd3c\x05\x1b\
\x00\xfc\x22\xa2\x15,\xb7\xd6\xc6f\xe5\x13\xb5\x80i\xd2\
\xf0\xf0p&\x08\x82nf><\xb4\xd3\x89\x8a\xcc\xbc\
2\x9b\xcd>\xab\x19\xa0N\xd4\xd2\xd2R\x10\x91HV\
 \x22\x0dD\x14\x0b+P\x00\xa6Q\xd6\xda{\x10m\
\xd5\x13\x00Xa\xad\xbd\xaa\xd6\xe7\xac\x16Pc+\x08\
\x82\xe0\xd8\x5c.\xb7U3@}Y\xc1\x17\xa2ZA\
\xad\xbf\x15(\x003c\x05w\x03x\xb8\x02+\xf8\xaa\
Z@\x9d\xa9\xbf\xbf\xdf666v3ss\x14+\
0\xc6,O\xa7\xd3\xdd\x9a\x01\xeaD\x8b\x16-\xf2+\
\xb1\x82 \x08\xbe\xa5\x16P\x7fV\xb0\xde\x18\xf3\xcbH\
\x810\xe6LDX\x8fP\x01H\x96d\xff\xfe\xfd\x9f\
3\xc6\x8c\x845d\xe69;w\xee\x9c\xaf\x00\xd4\xa1\
\x15\x00\xb8,B\xd3\xb1\x8e\x8e\x8e1\x05\xa0\x0e\x95\xc9\
d\xee\x0a\xb3\x02c\xcc}8`\x86\xb2\x02PGV\
P*\x95>e\x8c\x99\xe83p\xbf1\xa6&\xc3\xc6\
\x14\x80*)\x97\xcb\xed&\xa2\x93\x88\xe8:\x00/\x95\
\x7f\xfc*\x11u\x95J\xa5\x13Z[[\x07\xf5=\xc0\
\xecR\x0a@\x80\xd7\xd6\x1d\xac\x99\x14\x80Y.\xb5\x00\
\x05@\xa5\x00\xa8\x14\x00\x95\x02\xa0R\x00T\x0a\x80J\
\x01P)\x00*\x05@\xa5\x00\xa8\x14\x00\x95\x02\xa0R\
\x00T\x0a\x80\xaa.\xf5\x1f\x7f\x9c\xadAbUz\xb9\
\x00\x00\x00\x00IEND\xaeB`\x82\
\x00\x00\x0a\x9b\
\x89\
PNG\x0d\x0a\x1a\x0a\x00\x00\x00\x0dIHDR\x00\
\x00\x00\x80\x00\x00\x00\x80\x08\x06\x00\x00\x00\xc3>a\xcb\
\x00\x00\x00\x04sBIT\x08\x08\x08\x08|\x08d\x88\
\x00\x00\x00\x09pHYs\x00\x00\x0b\x13\x00\x00\x0b\x13\
\x01\x00\x9a\x9c\x18\x00\x00\x0a=IDATx\x9c\xed\
\x9d{\xb0UU\x1d\xc7?@] \x81\x1ePV<\
\x06\x10\xc5A$\xc8\xc10-\xcd\x072\xf6`J\x8d\
\xc8\xc9\x1a\xb3\x87\xd50\xa9\xa5NiQf9J\xc1\
\x98\xa1#\x83\x8e\x86=\x1c\x9d\x86\xc9\x1a+#\xa6\xc9\
H\x105\x01'e2#A\x14\x10\x10P\xef\x05\xef\
\xed\x8fu\xeep\xd6o\xad{\xef\xb9k\xad}\xd6\xd9\
\xe7\xfc>3{\xe6\xee{\xee\xfd\xae\xdf^k\xef}\
\xd6\xe3\xbb\xd6\x02EQ\x14EQ\x14EQ\x14EQ\
Z\x85\x01\xb9\x03(\x98\x01\xc0q\xc0L`\x1ap\x0c\
0\x0ex;\xf0f\xa0\xad\xf2w\x1d\xc0\x1e`\x07\xb0\
\x05\xd8\x0c<\x01\xac\x05\x9e\x04\xba\xea\x1a\xb5\x12\xc5\x08\
\xe0\x02\xe0\x1e`\x17\xa6\xf0b\x8e]\xc0\xaf\x80O\x03\
\xc3\xebx\x1dJ?9\x09X\x01\xbcJ|\xa1\xf7t\
\xbc\x02\xdc\x05\xcc\xaa\xd35)50\x07\xf8;\xc5\x15\
zO\xc7C\xc0\xec:\x5c_\xa1\x94\xb9\x0e0\x1dX\
\x0c\x9c\xd6\xc7\xdf\x1d\x04\xd6U\x8e\xa7+\xc76`\x7f\
\xe5\xe8\xc2\xbc\xda\x87\x01\xef\xc4\xd4\x13\x8e\xc1\xd4\x1bN\
\xe4p=\xa1'V\x01\x97b\xea\x0cJ\x1d\x18\x02\xdc\
\x08\x1c\xa2\xe7\xa7s7\xb0\x0c8\x1b8\x22\x22\xad\xa1\
\xc0\x19\xc0-\xf4^\x9f8\x08\x5c\x0f\x0c\x8eHK\xa9\
\x81\xe3\x81M\xf4\x5c\x10\x8f\x00\xf3(\xa6 \xde\x08|\
\x02X\xd3K\xfaO\x00S\x0aH[\x01\xe6\x03\x07\xf0\
g\xfc:\xe0\xac:\xc6r*\xa6\x0e\xe0\x8be?p\
~\x1dci\x09\xae\xc1\x9f\xd9;\x81/\x00\x033\xc4\
4\x00\xb8\x10\xd8\xee\x89\xab\x13\xb8*CLM\xc9\x8f\
\xf1\x17\xfe\x1f\x80#3\xc6\xd5\xcdH`%\xfe\x18o\
\xc8\x18WS\xb0\x087S_\x07\xae\xa4\xf1Z0\x0b\
0\x95A\x19\xef\x0fs\x06Uf\xbe\x89\x9b\x99\xaf\x01\
\xe7\xe6\x0c\xaa\x0f>\x8c\xbf\x9e\xb2 gPe\xe4c\
\x98\xefQY\xb9:5gP5\xf2>\xcc\xb8\x82|\
k\x9d\x9d3\xa821\x01\xd8\x8b\x9d\x81\xed\xd4\xb7\x96\
\x1f\xcb\x07q\xbb\xa4w\x01cr\x06U\x06\x06\xe1o\
g\xcf\xcb\x19T sq\xdfb\xabi\xbc\xbaKC\
\xf1\x0d\xdc\xc2_\x945\xa28~\x80{=_\xc9\x1a\
Q\x033\x9a\xc3}\xf3\xd5\x03.oH\xa4?\x1c\xd3\
\x99\xb4\x0c3\xce\xbf\x13\xe3\x03\xe8\xc0\xf8\x00\xd6\x02\xb7\
\x01\x9f\xc2\x8c\x0b\xa4`\x10\xf0\x17\xeck\xda\x83\xf1#\
(\x82;p\xbf\xf7''\xd0=\x1aX\x8e\x19\xca\xad\
u\xa4\xef\x00\xe6F\x99\x94 \xfd\x89\xb8\xf5\x81\xa5\x09\
t\x9b\x8a\xc9\xb8\x83;\xd7Fj\x0e\xc5\x0c\x1a\xf9\xda\
\xe6\xb5\x1e\x1d\x98A\x9e!\x91\xb1\x5c\xed\xd1\x1d\x1f\xa9\
\xd9T,\xc7\xce\xa0m\x98\x02\x0ce\x12f`&\xb4\
\xe0\xe5\xf18\xe6I\x0e\xa5\x0dc5\xab\xd6\xbc9B\
\xaf\xa9\x18\x85\xe9\xe0\xa9\xce\x9c\xcb\x22\xf4\xa6\x03/\xd0\
sa\xae\xc7t\xd1^\x08\x9cS9>[\xf9\xdd\xa3\
\xbd\xfc\xdfv\x8c\xaf0\x94\xaf\x0a\xbd\x03\x18_b\xcb\
s9v\xc6\xec\x00\xde\x14\xa85\x09\x7f\xe1wb\xac\
\x5c\xb5\x0c\xd5N\x05\xee\xf6ht\xdf\x04\xa1o\x82\xc1\
\xc0\xf3B\xef\x92@\xad\xa6B>u?\x09\xd4\x19\x8a\
\xff\xb5\xbf\x05\xf8@\x80\xde\x87\x80\xad\x1e\xbd\xc7\x08\xf7\
\x1b\x5c/\xb4\xfe\x16\xa8\xd34L\xc0\xcd\xe0\xf7\x04j\
\xdd\xe0\xd1\xda\x80\xb1y\x852\x9a\xc3\xb6\xf0\xea\xe3G\
\x81zS\x84N'\xf0\xee\x88\xf8J\x8f\xfc^\xdc\x14\
\xa8s4nm\x7f\x0bq\x85\xdf\xcdh\xdc7A\x07\
pT\xa0\xdecB\xeb\xa2\x041\x96\x96{\xb13c\
I\xa0\x8elEt\x12\xf6\xda\xef\x89\xd3q\xdf\x02\xb7\
\x05j\xc97\xd5])\x02,+\xcfag\xc6G\x03\
4\x86\xe3v\xf2\xfc<U\x80U\xfcZ\xa4\xb1\x9f0\
\xc3\xe9\x1c\xa1\xb39U\x80ec\x14\xeeS\xf5\xb6\x00\
\x9d\xf9\x1e\x9d\x22\x8c\x99\xd3=\xe9|2@g\xb8\xd0\
\xe8$]\xd7s\xa98\x19;#^\x0c\xd4Y&t\
\xd6'\x89\xce\xcf\x06\x91\xd6\xad\x81:\xb2NqB\x92\
\xe8\x02\xc8a\xa6\xecf\xbc8\x7f*PG\xb6\x1a\xfe\
\x1c\xa8S\x0b\x0f\xf6\x91v\xad\xc8k\x9d\x10\xa8\x13M\
\xce\x1b@\xd6\xd0\xb7\x04\xea\xc8\x8e\x99\x8d\x81:\xb5 \
[)\xa1\x9dB\xff\x15\xe7)Z+A\xe4\xbc\x01\xde\
*\xce\xf7\x05\xea\x8c\x10\xe7;\x03uja\x878\x7f\
K\xa0\x8e\xbc\xd6\x90\xbaO\x12r\xde\x00r\x84m\x7f\
\x96(\xf2 o\x80\xd8\xd1\xc6`r\xde\x00\x83\xc4y\
{\xa0\xce^q^\xa4\xd9Bj\xef\x09\xd4\x91\xd7\x9a\
\xca\xf4\xd2or\xde\x002\x13B\xfb\xd7\xff#\xce\x8f\
\x0b\xd4\xa9\x85\xa9\xe2\xfc\x99@\x1d9\xd4\xdd\x11\xa8\x13\
M\xce\x1b@>\xb9\xb2NP+\x8f\x8b\xf33\x03u\
jAj\xff3PG^\xab\xcc\x8b\xba\x91\xf3\x06\xd8\
.\xceC\x07EV\x89\xf3\x19\xb8Oj\x0af\xe0\xbe\
]B\x9b\x9c\xef\x12\xe7\xb2r\xd9\x12\xc8\xfe\xf5\xa7\x03\
u\x86\xe1\xce\xc6\xb9;E\x80\x029n\xb1\x8f\xf0\xb5\
\x076\x0a\xad\xd3S\x04X6\xc6`g\xc2!\xc2\x8d\
 \xb27\xb0\x133\x9e\x9f\x8a\xd9B?\xa6\x17\xb0\x0d\
\xf3\x9d_\xad5.A\x8c\xa5D\xae\xbaqr\xa0\xce\
$\xdcL\xdd\x8a\x19\xca\x8de,\xae\x93\xa7\x9d\xf0\xde\
\xbb\x13\x85VhK\xa2)x\x00;3\xae\x8c\xd0\x92\
n\x9bn\x7fA\xccM0\x16\xf8\x97G\xf7\xba\x08M\
9\xf9\xe5O\x11Z\xa5\xe7[\xd8\x99!+t\xfda\
\x08\xa6E \x0bk+a\xdf\xb1\xb3q\x9f\xfc\xee\xc1\
\xa6\x98%h\x1e\x14z\xdf\x89\xd0*=3\xb13\xe3\
 q\xdd\xa2\x13\xf1\xaf\xd8\xd1\x85\x19\xcf\xafe\xf0f\
\x06n\x85\xaf\xfb\xd8F\x9c\x9f\x7f$\xaes\xe9\xa4\x08\
\xbd\xd23\x00\xf7)\xfbR\xa4\xe64z\xbe\x09\xba0\
C\xba\x8b\x81\x8b1\x138\xe7V~^\x82[;\x97\
\x85\x7f|dl\x97\x08\xcd\xe7\xc9\xdb\x14o\x08n\xc6\
\xce\x94\xb5\x094'\xe2z\xefb\x8e\xf5\xa4\x99\xc9#\
\x1d\xd0?M\xa0Yzd\xad\xb8\x0b8%\x81\xee\x10\
\x8c{W\xb6\x0e\xfas\xb4c*|)\x96\x9d;\xc3\
\xa3?3\x81nS\xf00v\xc6\xdc\x9fP\xfb(\x8c\
\x81S\xce<\xee\xed\xd8\x87i\xe7\xa74j\xc8\xca_\
\x8a7]\xd3p.v\xe6t\x12\xff}+\x19\x86\xf1\
\xf0\xdd\x8aY\x84\xe2\x05\xcc\x13\xde^\xf9yM\xe5\xb3\
\xf3\x88[]\xd4\x87\xac\xecva\x96\xc1Q*\x0c\xc4\
mo\x17\xd1\x9d\x9b\x8b\xfb\xb0\xafm#\xbaR\x88\xc3\
E\xd8\x99t\x88\x8c^\xb9\x84\x1c\x8b\xbbT\xccg\xb2\
F\xd4\xa0\xb4\x01\xff\xc3\xce\xa8fXH\xe1v\xeck\
z\x96\x8c\x06\x90F\xe72\xec\xccz\x95\xc6X\x0d4\
\x941\xb8\xad\x90\xafe\x8d\xa8\xc1\x19\x86;@\x14:\
\x11\xb3\x11X\x8c}-/\x12\xb7\xf0EK\xf0=\xec\
L\xdbK9\x17R\x18\x89\xdb\xf4\xbc:kD%a\
$\xae\xc1\xa3\x8c+o/\xc4\xbe\x86\x97\x09\xb7\xbd\xb5\
\x1cK\xb03o;\x19\xad\xd3\x01\x1c\x81\xfbUvc\
\xd6\x88J\xc6X\xdc\xcaS\x99\x16X\xbc\x14;\xf6\xd7\
p}\x80J\x1f\xdc\x81\x9d\x89\xcf\xe0\xce%hD\xda\
p\xa7\xbd/\xcb\x1aQI\xf1u\xa0\x5c\x905\xa2\xda\
\x90\x1dZ\xafcV0Q\x02\xf8\x0dvfn\xa0\xb1\
\xbbP}]\xda\xf7d\x8d\xa8\xe4\xf8\x86\x8a?\x925\
\xa2\xde\x91\x83Z]\xc0{\xb3F\xd4\x04\xac\xc2\xce\xd0\
\x87\xf2\x86\xd3+\xeb\xb0c\xfdc\xdep\x9a\x03\x9f'\
?\xe5\x02P\xa98\x137\xce\x94s\x13Z\x9a\xf5\xd8\
\x19\xfb\xfb\xbc\xe1x\x91\x86\x8f\x7f\xe4\x0d\xa7\xb98\x1f\
\xf7\xe9\x0a]\x9e\xa5\x08|\x86\x8f\x8fg\x8d\xa8\xc9\x18\
\x88\x99;X\x9d\xc1\xbf\xcc\x1a\x91\x8d4|<Ic\
\xb7VJ\xc9\xc5\xb8\x86\x91\xd0\xd5:S\xe2\xeb\xaf\xf8\
\x5c\xce\x80\x9a\x956\xdc\xe5\xd5B'h\xa6D\x1a>\
\xb6`6\x9aV\x0a@\xce\xab\xcb\xdd\xc7\xee3||\
=c<M\xcf0\xe0%\xec\x0c\xcf\xb9?\xaf4|\
\xec$\xbd\xa3X\x11\x5c\x8b;\xce\x1e\xba\x5c[\x0c>\
\xc3\xc7w3\xc4\xd1r\x8c\xc25\x8c|;C\x1c\x0b\
E\x0c\xfb\xc9\xb8\xde_\xabq\x13y\xbdv>\xc3G\
\xe8N'J\x00\xe3p\xa7Y\xd7\xd3m+\x0d\x1f\xed\
\xa4Y\x8dD\xe9\x07wb\x17\xc2\xb3\xd4\xc7o\xef3\
|\xdc^\x87t\x15\xc1\x14\xf2\xcc\xb8\xf1\x19>\x8e\xad\
C\xba\x8a\x87\x95\xd8\x85\xb1\x89b\xbb`}\x86\x8f\xfb\
\x0aLO\xe9\x83Y\xb8\x830s\x0bL\xcfg\xf8\xd0\
9\xfe\x99Y\x8d] k\x0aLK\x1a>\x8a\xdc\x9c\
B\xa9\x11\xb9\x09S\x17pZ\x01\xe9\xf8\x0c\x1fg\x15\
\x90\x8e\x12\x80\x5c{\xe7\x81\x02\xd2\x90\x86\x8fG\x0aH\
C\x09d\x1e\xee\xd3\x99\xd2\x8c\xe93|\x9c\x97P_\
\x89d\x10f\xff\xbd\xea\x02Ji\xc7\x96\x86\x8f\xa7\xd0\
\xe5\xdd\x1a\x8e/\xe2\xb6\xcfSL\xc8\xf0\x19>>\x9f\
@WI\xcc`\xccb\x8e\xd5\x05\x95bJ\x964|\
<\x87\xe9\x0dT\x1a\x90+p\xfb\xe8cv\xe7\xf6\x19\
>.\x8f\x8cQ)\x90\xe1\xc0n\xec\x02[\x14\xa1'\
\x0d\x1f/\xd1\xa2\xdb\xbc\x96\x89\xeb\xb0\x0bm\x1fa\x0b\
3\xf8\x0c\x1f\xdfO\x14\xa3R \xef\xc0\xddM\xfc\x9a\
\x00\x9d\x85B\xe3\x00\xc6\x8c\xa2\x94\x00\xb9\x00\xf5\x0e\xfa\
\xb7\x1d\x8d\xcf\xf0qS\xe2\x18\x95\x02\x19\x8fk\x18Y\
\xd0\x8f\xff\x97\x86\x8f\x0eZx_\x9f\xb2\xb2\x02\xbb\x10\
k\xf5\xeb\xfb\x0c\x1fw\x16\x14\xa3R S\x09\x9b\xb1\
#\x0d\x1f\x9d\x18\xf3\x89RB~\x8b]\x98}\xcd\xd9\
\xf3\x19>V\x16\x1c\xa3R \xef\xc7\x1d\xc4\xe9m\xd6\
\xae\xcf\xf01\xab\xe0\x18\x95\x82\xf9+v\x81>\xdc\xcb\
\xdfJ\xc3\xc7\xea\xa2\x83S\x8a\xe7\x1c\xdc\xa7\xda\xb7\x8d\
\x9c\xcf\xf01\xa7N1*\x05#\xf7\x13\xf4m\xd6(\
\x0d\x1f\x8f\xd6-:\xa5p\xe6\xe3>\xdd'T}\xee\
3|\xcc\xabs\x8cJ\x81\x0c\x02\xfe\x8d]\xc0\xf7V\
}.\x0d\x1f\x9b)\xc7\xaa\xa4J?\xf82\xaead\
2~\xc3G\xec\xe6\x95J\x032\x18w\x97\xd2\xe5\xb8\
\x86\x8fm\xa4\xd9'Pi@\xae\xc2\xed\xe3\x97\x86\x8f\
+\xb2E\xa7\x14\xce\x08`\x0fn\x85\xaf\xfb\xd8\x8d1\
\x95\xb4\x0c\xad\xe6l}\x19\xb8\xa5\x97\xcf\x97b\x0c$\
J\x13s$f72\xf9\xf4\xbf\x821\x93(-\xc0\
R\xdc\x1b\xe0gY#R\xea\xca\x04\xccB\x93\xdd\x85\
\x7f\x904\xdb\xc3+%\xe2\x17\x1c\xbe\x01Vd\x8eE\
\xc9\xc04\x0e\x1b>\xa6f\x8eE\xc9\xc4\xef\x80\xfbs\
\x07\xa1\xe4\xe3\x94\xca\xa1(\x8a\xa2(\x8a\xa2(\x8a\xa2\
(\x8a\xd2\xf4\xfc\x1f\x85_\x1a\x03\xef\xde\x00\xbf\x00\x00\
\x00\x00IEND\xaeB`\x82\
\x00\x00\x12_\
\x89\
PNG\x0d\x0a\x1a\x0a\x00\x00\x00\x0dIHDR\x00\
\x00\x00\x80\x00\x00\x00\x80\x08\x06\x00\x00\x00\xc3>a\xcb\
\x00\x00\x00\x04sBIT\x08\x08\x08\x08|\x08d\x88\
\x00\x00\x00\x09pHYs\x00\x00\x0b\x13\x00\x00\x0b\x13\
\x01\x00\x9a\x9c\x18\x00\x00\x12\x01IDATx\x9c\xed\
\x9dy\x94\x1dU\x9d\xc7?\xddIw\x08bgcX\
\x9281 \xa4\xd9BX\x06\x19$(\x08aup\
\x848\xca\xa0 \xe2\x08\x06\x98\x11\x1dFg\xc6\x05\xd7\
\x01\xf79\x9e\x19\x9dA\x1cD\x05\x174\x22\x82lF\
\x1c\x97\x13\x02$$\xc1\xa4\x19\xa0\xa3\x84\x04\x02\x81$\
@\xb6^\xde\xfc\xf1\xed\xb2_W\xfdn\xbdz\xafn\
-\xfd\xf2>\xe7\xdc\xd3}\xeaU\xdd\xfa\xdd\xa5\xee\xfa\
\xfb\xfd.\xb4\xd8\xa5i+Z\x80\x1c\x19\x0f\x1c\x0c\xec\
\x0dt\x01\x13\x86\xfeV\x80\xcdCa\x0b\xb0\x0eX\x0d\
\xec,F\xcc|i\xe6\x0ap\x18p\x16p\xf4\xd0\xff\
\xfb\x03\xed\x09\x9f\xed\x03z\x80\x15\xc0b\xe0V\xa07\
\x03\x19[x\xe6/\x80/\x02\x8f\xa3/\xdbgX\x0e\
|\x0280\xb7\xd4\xb4H\xcc<`\x11\xfe\x0b\xdd\x0a\
\x03\xc0-\xa8eiQ0\xc7\x01\x0f\x90O\xc1[\xe1\
.`V\xe6\xa9\xcc\x90\xd1:\x06\x18\x07|\x12\xf8\x00\
\xc9\xfb\xf5\x17Q\xbf\xbe\x06x\x06\xd8\x04\xec@y\xb0\
\x1b0\x09\xd8\x17\x98\x89\x0au\x5c\xc2x\xb7\x01\x1f\x06\
\xfe\x1dU\x8a\x16\x19s\x10\xb0\x92\xda_\xe7\x0b\xc0w\
\x81w\xa1\x02\xad\xa7\xb2\x8f\x05\x8e\x00.\x07n\x03\xb6\
'x\xdf\x224\xc3h\x91!\x87\x01\x1b\xa8\xdd,\xbf\
\x05\xe8\xf4\xf8\xde.\xe0b\xe0\xa1\x1a\xef^\x85Z\x91\
\x16\x190\x07x\x0ew\xe6\xdf\x09\x1c\x99\x83\x1c\xf3\x80\
\xa51r\xf4\x00\xd3r\x90c\x97\xe2U\xc0F\xec\x0c\
\xdf\x00\x9c\x9b\xb3<\xed\xc0\xfbQ\xffo\xc9\xb4\x1ax\
E\xce255wag\xf4\x03\x14\xfb\xb5\x1d\x01<\
i\xc8U\x01\xbeZ\xa0\x5cM\xc5%\xd8\x19|\x1f\xb0\
G\x81r\x05L\x07\x1e#*\xdf pR\x81r5\
\x05{\xa1\xe9[8sW\x00\xaf,P\xae0\xfba\
\x8fOz\xd1\x8c\xa2E\x83\x5cE4S\xb7\x01\xddE\
\x0a\xe5\xe0,\xec\x96\xea\xcdE\x0a5\xday\x94h\x86\
~\xbcH\x81j\xf0C\xa2\xf2\xfe\xacP\x89F1\xaf\
'\x9a\x99[\xd0\x9c\xbc\xac\x1cBT\xe6\x014\x8b)\
%I\x97Q\x8b\xe0\xaf\x8ck7\xa3JPV\x1e\x01\
~\x1d\xba\xd6\x0e\x9cY\x80,\x89(s\x058\xc8\xb8\
\xb60w)\xea\xe7V\xe3\x9a\x95\x96\x165\xe8%\xda\
\x9cN,T\xa2d\x1cGT\xee\x9f\x17*\xd1(d\
<\xea;\xab3\xf1\x99B%J\xce\x14\xa2\x15`M\
\x91\x02\xc5Q\xd6.`\x1f\xa2\xb2\xf9\xae\x00\x9d\xc02\
\xb4q\xe4\x93\xe7\x89n\x0bO\xf5\xfc\x0eo\x94\xb5\x02\
\xbcl\x5c\xeb\xf3\xfc\x8eS\x81\xc3\xd1v\xb1O*@\
\x7f\xe8\x9a\x95\x9e\x161\x8c\xc7\xdej\xf5\xc9\xf7\x80/\
\xa3\x85\xa5)\x1e\xe3\x1dCT\xf6?z\x8c\x7f\x97\xa1\
\x8f\x91\x99\xf8\xbc\xc7\xb8'\x00[\x91\xf6\xcf=h\xbf\
\xc1\x17S\x89V\x80\x95\x1e\xe3\xf7JY\xbb\x00\x88\xce\
\xf7'\x0d\x05\x1f\xbc\x05\xf5\xff\xbd\xa8%8\xcfS\xbc\
\x00\xaf1\xae\xbd\xe81~\xaf\x94\xb9\x02\xac6\xae\xcd\
\xf1\x14\xf7\xf9\xc8\x00\xe4|`w`.0\xc3S\xdc\
G\x18\xd7|w_\xde(s\x05\xf8\x95q\xed8\x0f\
\xf1NG\x05\xbe\x038\x0d\xd9\x12\xf4\x02o\xf3\x107\
\xc0\xeb\x8ckVZZ\xd4\xe0tl\x1d\x80\xb4\xfc#\
\xd1\x85\x99w!\xc3\x8f\xb4\x8c\xc1\xd6\x5c\xda\xcfC\xdc\
\xbb\x1c]h:U\x9d\x91\xfd\xc0\x9e)\xe3\xbd\x1dx\
\xbb\xf1\xae^\xec\xfe\xbb\x1eN$Z\xf8kS\xc6\xb9\
K\xf3 \xd1\x0c}_\xa1\x12\xc5\xf3_D\xe5\xbd\xa9\
P\x89F9\xffL4C\x1f,T\x227\xbb#\x0b\
\xe3\xb0\xbc\xf3\x8b\x14j\xb4\xb37\x1a\xac\x853\xf5\xd8\
\x22\x85r\xf0wD\xe5\x5cGK%,57\x11\xcd\
\xd8\x1f\x16*Q\x946\xe0\xf7D\xe5\xbc\xbaH\xa1\x9a\
\x85\xb9\xd8Z6e\xdac?\x97\xa8\x8c}\xb4\x0cD\
\xbc\xb1\x9ch\x06\xff\xa0P\x89\x86iG\x9a@a\xf9\
n)R\xa8f\xe3=\xd8\x1a\xb7\xaf-R\xa8!\xde\
\x8d-\xdb\x89E\x0a\xd5l\x8c\xc5\xeec\x7fK\xb1&\
\xee\xaf\x04\xd6\x1br\xdd\xee\xf1\x1d\xe3\x91}\xc4Ld\
\xc6^:f\x00\x0b\x90)\xd4\xbd\xc0S\xc8*\xe6%\
\x949=\xc0\x12\xe0F\xf4%7\xeaP\xe1T\xec/\
\xcd\xf7~~=|\xc1\x90g'\x8d\xd9-t\x01g\
\x00\x9f\x05~\x83V\x14\xc3;\xa2\x03\xc0\x13\xa8\x82}\
\x01iN\x17B\x07\x9a\xdf\xdeITu+Ix\x1a\
\xf5\xe1o\x1b\x8a+)\xb7\x19q=\x07\xfcY\xda\x04\
5\xc0\x91DW*+\xc0\x97\xea\x88co\xe0_\x90\
\xd9\xb9\x15W\x92\xd0\x83\x0ch\xf6J\x9b\xa0\xa4\xccC\
\x0a\x0e\x8d\x08\xeb\xaa\x0c\x9f&\x99\xee\xfc\x81\xe8\x0b\x0b\
\xc7q\xb3\x97\x94%\xa7\x03m'\x87\xe5x\x96d\x8a\
\xab' \x99\xad\xb44\x1a\xb6\xa0\xb5\x88\xcc\xd8\x03\xf8\
\xbaG\x81\xc3\xa1\x1f\xf8\x09\xf0\xc6\x1arX\xcdn\x05\
x\xab\x97T&\xe3\x93\x0e\x19\xe2\x14K:\x80\xf7\x22\
\xbb\xc6\xac\xf2\xb0\x82Z\xe5\xe9\xbe\x12\x1a\xf0*\xe0\xff\
\xea\x10b\x0b\xea\xc3\x5c\xf6\xf3I\x12q\xb0C\x96\x09\
HA4\xfc\xcc\xf3d\x90p\x83\xe3\xb1\x9b\xebeh\
7\xd0\xe2t\xa4\xdfPo>lD\x83\xdf\x07\xd1T\
\xd8J\xb7\x15\x9e\x03f\xfbJ\xf04l\xf3\xe7\xea/\
\xf7\x0eT\xfb\x0f#:R\xedB\xfd\xe5E\xc0u$\
\xef>\xfa\x90\xe3%K\x0b\xe8\x0c4\xd0\x0c?s\x1f\
\xeeB\xf0\xc1$\xa4\xe2\x1d~\xefV\xe0P\xe3\xfen\
4`K\x9a\xde_\xa2\xfd\x8f7\xe0\xd6~\x9a\x84,\
\x8d\xae\xc3\xb6\x9c\x0e\xc2\x06d\xaa\x96\x8a}\xb1\x0d4\
+\xa8\x00\xae\x07^\xdd@\xbcG\x00\x9fC\xfd\x7f\x92\
\xda\xbc\x80h\xc1~\xd1q\xff\xa7\x1a\x90')?v\
\xbc\xf3\xd2\xd0}\x13\xd1`0I\x1f\xbf\x04}<\x8d\
(\xa6ND\xe9u9\xb1z\x86\x14n\xec\xda\x91&\
\x8b\x15\xf1S\xa8\x96\xa6\xa5\x03\xcd\x04\x968\xdeS\x1d\
\x96#5\xee\x80N\xec\xed\xe2Ad\xaa\xed\x9b\x0f9\
\xe4\x0a\xaf\xf8\x9dEmGV\x03H\x17\xf1\x18O\xb2\
\x1d\x8a\xd4\xce\xacw=L\x83\x0e\xb3>\xe0\x88p%\
\xd9\xacq\x9f\x0a\xdc\xefxg\x10\xb6\x03\x97U=s\
\x00v3\xb8\x09\xbf\x0e\x1cO\xc5\xee\xf7\xff\xc0pS\
=\x0e\xf8J\x0d\xf9\x07\xd1\xe8?\x0b\xe7\x92\x13\xd0\xfa\
\x81\xf5\xde\xcf\xd4\x1b\xd9A\xd8\x03\xb8\xc7\xc9\xde\x17\xde\
[\xd1bG\x5cF.\x04&\x0f\xdd\xffN\xc7==\
\xf8\xb1%<\x10\xf9\x1c\x0c\xc7\xdf\x8f\x06\x84\xc1=\xb5\
\x5c\xc8\xfd/\xd9\xbb\x97\xed\xc2\x9e\x9e\xf6S\xe7\x16\xfa\
=F$/\xe1\x1e\x99\xfbf7\xb4\x95j\xe9\x02\x04\
\xe1I\x86W\xc2nt\xdcs\x0f\xe9\xf6\xe3\xa7\xe0\x9e\
\xfd|t\xe8\x9e\x0bQ\xde\xb8\xe4\xdc\x00\xbc#\x85\x0c\
\xf52\x83a\xf3\xb4\xeap\x7f\xd2\x08\x8e1\x1e\xae\x10\
\x1d\xe8\xe4\xc1Ah\xbd?\xae/\xbd\x1a}\xe9\xae\xf9\
\xf57\x1a|\xf78\xdcc\xa0;Q\x93\xfb\x9d\x18\xd9\
*\xc0\xb7\xf1ku\x94\x94\xf3\x1d\xf2$rZ\xf5#\
\xe3\xc1\xc5\x14\xb7\xe9\xd2\x8e\x96:\xe3Z\x83\xbbQe\
y\xca\xf1{\xbd\x8a\x19\xed\xc0\xf7\x1dq-\xa3\xb6\xbb\
\xdag\xf1otZ/\xf7a\xe7S,\xdd\xd8\xf3\xeb\
2\xb8;\x9bC\xfcb\xcar4X\xdb\xe2\xf8\xbd\x9e\
\x16\xec?\x1cq\xfc\x11-\x85\xaf\x8b\x91\xe3^\xca\xe1\
.\xd6\xf2SP\xc16\x5c\xf9\x13\xd6\x12\xe7\xe2L\xc5\
\xac\x8f=P\xb3\xea\xca\xfc\xb5h\xb95\xbc\x8b\x16t\
\x17I\x8c?>\xe1\x88{\x13\x9a\xaf\xbb\x16_\x06Q\
KS&c\x9b_\x13\x95\xf3\xda\xb8\x07\xac~\xf4\x82\
lel\x88\x05\xb8\x17Y6\x03\x9fw\xfc\xd6\x07\xbc\
)&\xde\x0f:\x9e\xdb\x89\xf6 \xac\x8aUA\x83\xae\
\xd3=\xa6\xcf\x17\x7fKT\xd6G]7\xefg\xdc\xfc\
2\xe5\xf0\xc6i1\x17\xf7\x82\xcbN\xb4\xb1d\xfd\xb6\
\x1du\x15a.s\xdc_\x89\x89\xab\x82\xd6\xea\xd3\x1a\
\x94d\xc5\xee\xd83\x14s6\xf7\x0f\xc6\x8d?\xceE\
\xcc\xc6\x99A\xfc\xee\x9a5'\xae\xa05\x8e\x93\xab\xe2\
\xb9\x04{\xec\x13\x17G\x05\x99\x98M\xc80}>\xb0\
\x96\xaf\xaf\xb2n\xb4\xd4\xaf\xcbl\x85\x13\xd0\x85\xa6e\
\xaeBrm>mC\x03\xbaKq\x17~\xdc\xc6\xd5\
\xd7\xc9v\xe3\xc9\x17\xef#*\xfb\xf7\xad\x1b\xadi\x8d\
\xb7-\xc5\x8c\x19\x0b\xfc\x0f\xee\xc2Z\xe3\xb8\xbe\x03w\
\xe1\xbb\x9e\xa9\x00\xff\x9aC\x9a|q8Q\xf9\xffd\
z\x1f\xcc\xed;Q\x7f_\xbdj\xb6\x0d)=\x0e4\
\xf8\xe2\x0b\x19\xd6\x8d\xdb\x89f\x13w\xa0\x0c\xcf\x8ak\
\x91\xf5\xafE/R\xacL\x82\xeb\xde\x01\xd4b\xfcw\
\xfd\xa2%\xe2\x9d\x0c\xf7\xcf\x03hj\xfb#\xd2\xf9G\
\x1a\x8b\xca\xb6zCh\x00\x8d\xed\xb6\x07S\x96n\xa2\
K\xa6=4^\xf8 c\x89\xd9hj\xf6\x12\x9ab\
\xdeN\xf2\xc3\x98\x1a\xe1*\xe0\x9f\x1c\xbf\xcdDz\x0d\
\xb5x\x0c\xbb\xf0w\x02\x7fCv\x85\x0fZ<:x\
H\x86u\xc0\x95\xa4\xb7\x7f\xe8'\x9a\xee1\x84\x0ck\
N\xc3\xff\x00\xf06F:v\x1e\x87\xb6}?\x9c2\
\xde$\xc4\xf5\xeb=\x8e\xebq\xbfm#\x9fi\xdeB\
F\xe6\xd9\xfeC\xefO;\xd0\xfc\x19\xd14\x9d\x06\xc3\
\x8b\x16\x96\x03\xe6\xf5)_\x1af\x07\xfaz,\x1f\xc0\
\xbe\xf9Ot\xc8\x93\xd5\xdd\x1c\x88\xed\xb2e\x15\xf6\xa9\
\xa0[\xd1\x1e\xff\x1d\xde\xa4K\xcel\xa4\xd4\xb15e\
<O\x1b\xd7&\xc0p\xb3o\xd5\xb0\x17R\xbe\xd4\xe2\
Y\xfc9z\xaa\xc5\xf5\xa8\xf9\xfb&\xd1\xd5\xb9`-\
?P\xe3\xaa\xfe\xbf\x9a\xa0\xf0\x17e$\xa3\xc5%\xe8\
\x8c\x81\x0eT!/%\xbd\x8f\xc4\xcd\xc6\xb5\x9a\x15`\
{\xca\x97Z\xb4\x93\xed 0\xcc\xb7\x86\xde\xf9\x0d\xa2\
\x95\xe0P\xa4-\x03#5\x8d\x02v\xa0\xd6*\xcf\xc2\
\x07)\x8c|\x19\x0d\xd0\x0fFiXG:k#\xab\
,'\xc0p\xa6\xe4\xb5\xd3\xd7\x8d\x94=\xf2d#\x8d\
\x0df;I>k\xf0\xc9&4\x05\xedE}\xf7M\
D]\xda\xf8`\x10\x86+\x80\xe5\x83\xdf\xf7h}\x16\
p\x05\xdai\xcb\x8b3\x91/\x01\xcb\xfah%\xfa\xf2\
\x0f\xc7v\xe4\xd8\x86\x5c\xbe\xbc;3\xe9j\xd3\x8e\xba\
\xab\x8d)\xe3\x19o\x5c\xdb\x0c\xc3]\x80\xd5G\xf8P\
\xa7:\x0f\xa9Au\xa1\x0a\xf0\x11\xfc\x1aN\xc6q6\
Z\xf1\xb2\x14\x22W1\xb2\xcf\x0f\x94*\xc3>\x07\xda\
\xd0\xc0u,Z\xf9\xcb\x83 \xcf\xda\xd0\xfe\xccN\xb4\
\xb9\x95\x06\xab,G\x94\xf9\x19D\xa7\x09i\xbdpt\
#=\xb4c\xd1^~\x96\xf3\xff0\xf3q\xef\x16\xc6\
\xe9\x14\xb8\xa6\x81\x83\xc0\xdf\xe7 \xf7,\x86\xf3\xecX\
\xea?\xf3\xd8\xc5\xcf\x89\xa6i^\xf5\x0dG\x197<\
\xe0\xe1\xc5Ep!nC\xcb$\xd6MqF0\x1f\
\xc9/\x19^\xb1*\xf6\x88Y\x8fu@\xc3K\x94K\
\xb9!\x09W\xe2^\x00\xaa\xa5i\x9c\xf4\xde`\x84>\
Z\x18G\xf4\x83\xd8\x811.\xb2,\x80\xca\xe4\x87'\
\x8e6\xe0\x1a\xdc\x85\xb6\xc6q}\x00\xb7\xae\xa1\xeb\x99\
\x0a\x1a\x99\xfb<\x9d<K,%\xdf\x87\xad\x1b\xad3\
\xef.\xceG\xc6Tt\x12\xaf\x9d\xeb\xda\xd2\xedG\x1a\
3g\xe06\xad\xfaCL\xbc\x8b\xc8oQ+\x0d\x96\
\x81\xcf\x8d\xd6\x8d\x96\xe9\xd3\xf7\xf2\x91\xb1a\xa6\xe0V\
\xdd\xae\xe0V\xe6\xe8g\xe4\xdc\xfat\xdc\x95 N!\
d5\xe5\xd5\x06\x0a\xb0\x0e\xde\xbe\xdc\xba\xf1P\xe3\xc6\
\xcd\x94\xd4/\x0d\x92\xf7q\xdc\x85\xb3\xd0q}\x00\xe9\
\xcd\x879\x0b\xf7\xccaa\xcco\x1b\xa9\xed\xd3\xa0(\
&b\xcb\xfd\xe7\xae\x07\xac\x11p\x9e\x8e\x17\x92r\x0e\
n\xed\xdc`\xdel)p\x0e\x12\xdf\xad\x9d\x83{\x06\
\xf1ylW\xb0A\x8b\xf2A\x8f\xe9\xf3\xc5\xa5De\
}(\xee\x01\xcb\xfb\xc6\xa2le\xac\x8b\x0edV\xee\
\xfa\xea7#\xb5p\x97m\xc0\xfb\x13\xbc\xe3\x02\xec\x99\
D\xdfP\xdckc\xde\x7f\x0b\xe5\xd2\x11\xb4\xf4%?\
\x1a\xf7\x80\xb5\x1eP\xc1\x9f\x19s\x1af\x02\xbf\xc3\x9d\
\xf9O\x02\xa7\xe0\xb6\x0e\xfat\x1d\xef\xba\xd2\x11\xc7\x16\
\xb4\x80\xf2p\x8c\x1cOP\x0e_\xc6gbw\x7f5\
\xc7,\xf7\x1a\x0f\x16\xdd\x0a\x5c\x80\xbb\xf9\xad\xa0\x02\xe9\
\xc6\xad!|]\x03\xef\xbc\xd6\x11\xd7\xda\xa1wY\x83\
\xab\xea\xd6\xe2c\x14\xe7(z,v^$\x1a\xd4\x9f\
b<X\xc1\x1e8e\xcdT\xe2u\xf2+h\xbf\xbf\
\x0b\xdb\xa2\xb9\x82v\xd4\x1a)\x886\xdc\xd3\xcb\xe5\xa8\
\xa9\xff8\xf1\xee\xdd\x1e\xc4\xdej\xce\x1a\x973\x8bX\
\xb3\xb0j,\x8f\x1d/\x90\xdf\xf6\xe8\x18d\xfd\xb3\xc9\
\x90\xa3\xba\xbf\x0fN\xfbry\xedZF:\xc3\x96q\
\xd8\xe6U\x15\xe0\x86\xa1{N@\xddO\x5ckpm\
J9\xea\xe1\x18\xec\xc5\xad\xba4\x9a\xfe\x12\xbbf\xaf\
 \xfb\x03\x9cO\x02\x96\x1a\xef\xae\x0e\xf73|\x0e\xcf\
\x1b\xb0\x9dU>M2\xdf\x83\xb5\xd8\x13\xf7\xd2p\xd0\
*N\xc6=\xed\x0c\xc2Sh\x9f\x22\xcb\xe5\xf5\x19\xd8\
c\xa0\x97\x917\x95\xba\xf87#\xa2\x0aR\xef\x9e\x1c\
\xf3\x5c\xa3\x1c\x8dji\x5c&\x0e\xa2\xaf)X\xc7\x9e\
\x82=*\xdf\x81*\xb1/\x0e\xc3\x9evna\xe4\xa0\
j\x01\xb5]\xe3-\x07\xfe\x1a\xff\xfb\x09\x07\xe0\xae\xa8\
\x97\xc5<\xe7\xa4\x13\xdbM{\x05\xed\xaa%\xeeOb\
hC\xa3jk\xbb2\x1c\xd6\x13\xb5\xe9\xbb\xd5q\xef\
{=\xc8\x16f\xbe\xe3]K\x18\xb9\xb12\x9b\xf8Y\
B\x10V\xa25\x09KY\xa3^\xde\x8c\xed\x15\xa4\x82\
\xc6F\x0dW\xb6Y\xb8]\xb9\x05\x0b.\x8d\x9c\xe2\xf5\
j\xa4\x1e\xeerA\x17\xfe\x9a\xafAF*\xd5\x5c\xe1\
\xb8\xff\x06\xb2\xc3\xe5\x9a.\xac\xb01\x06-\xc2<\xe7\
\xb8\xbf:l\x02\xbe\x86\xc6\x12\xf5v\x0f\xb3q\xbb\xae\
\xab\xa0s\x0cR\xfb\x10>\x84x\xb7g[\xd1\xe6\xc2\
|l\xefamh\xe9\xf1l\xd4|\xd7\xea\xdf\xab\xc3\
O\xb0\xe7\xads\xb0\xd7\xee\x1fA\x16\xb1Y\xd1\x81\xba\
@\xabk:\xcd\xb8\x7f\x12\xf2\x1c\xe62+\x0f\x87g\
\xd1T\xed\x0ad\xfd\xbc/\xc3\xf6\x87m\xe8c;\x1e\
\x19\xc0\xb8<\x82\x05a5\xb0\x8f\xa7t3{H\xb8\
$\x89x\x11)4>\x8aF\xc7\xaeM\x96Z\xcdc\
\xb5\xf5n5c\xb1\xed\x18\xb7\xa3\xbe:k\xf6\xc3^\
i|\x1a\xdb\xbe\x02\xb4\xad\x9e\xa4\x9bs\x85\x9d\xb8\xf5\
\x1c\xac\xb0\x0aM\xa1\xbd2\x8d\xda\x83\xb4\xb4a)R\
\xc2\x8c\xb3\xba\xbd\xdc\xf1\xec\x95\xbe\x12\x9a\x80\x0b\x1d2\
|\xae\xc6s'![\xbfF]\xc3\xd7\x0a\x83\xc8\xbd\
n\x96\xad \x17\x13\xbf*Wo\xd8\x8e\xba\x90$\xa3\
\xf6\xc9\xd8G\xb3\xfe\x8a\xfc\xb5\x97~j\xc8\xb1\x83d\
\xd3\xad\xe9\xc8\x15\x8du\xdaH\xa3\xe1\x09\xfcxoM\
\xc4\x9eH\xd1\xa0\x11\x0f\xd8\x15\xd4'.F\x86\x9c\xf5\
\x0c\x22\xbfj\xc4\xb5\x0d\xdb\xa4+k\xa6a\x7f\x08\xb7\
\xd6\x11G\x07\xdam\xbd\x19\xf7\x1eF\x5c\x18@6\x98\
gS\xe0\xf9\x84sQ\xd3w\x1b\xdaN\x0e7o\xdb\
\x90}\xdb/Q\xad?\x19xE\x03\xef9\xc4\x88\xbb\
B\xb1\x8a\x9a.\xb72\xf3\xe2\x1e\x8aa\x7ft\x04\xce\
\xf5h\xe3k%\xd2hz\x01\x8d\x03\xd6\xa0\xb1\xc4W\
\x90\x09\x99\x8f\x85.\xeft\x22\xc1&\xe3\xb7V\xdeM\
4\xa3\x1f#_u\xf30c\xb05\x86\x1e\xa1ub\
\xa8WN\xc6\xfe\xd2\x8av\xc6\x08\x1a\xd8Y\xb2\x8d\x06\
}\xcaQ\x83\xb5#\xf8\xbbB%\x1a\x89u(\xc4\xb2\
B%j\x22f`o\xf6\xb8\xd6\x09\x8a\xe0H\xecV\
\xe0\xb8\x22\x85j\x16>C4c\xcb\xe4\xbd4\xc0j\
\x05\xbe]\xa8DM@'\xf6AIeTT\xb5\xc6\
\x02\xdb)\xe6L\xc3\xa6\xe1\xedD3u=\xe5\x1da\
[\xc7\xdb~\xa8P\x89jPv\xdb\xbfs\x8ck\xdf\
B\xeb\x01e\xe4z\xe3Z\x19f*\xa3\x16\xab\xf9\xf7\
\xa1c7\x0by\x17]\x8b\x8cK\xae\xc1\x8f\xad\xdft\
\xa2\x9b6}4\xb6\xf0\xb5\xcb3\x8bh\xe1\xaf\xf1\x10\
o\x17*\xf8\xcb\xd1\x16\xebD\xe0\x17\xa8\x12\xf8\xc0:\
\xf8\xea\x14Oq{\xa7\xcc]\xc0\x09\xc6\xb5\xbb<\xc4\
;\x1fi\xcf\x04\xfb\x0a\x9b\xd0\x89\xdd\xbe\xb4w\xadS\
9\xac\xb4\x94\x82\xb2\x0e\xa6\xc0\xce\xb4\xdfz\x88\xf75\
\x0c\xeb\x13\x04\xdcM\x82\xe3T\x12\xf2\x1b\xe3\xda\x5cO\
q{\xa7\xcc-@\xb7q\xcd\xb4k\xaf\x936\xb2u\
Ug\xad\x00\x96\xd6\xcfB\x99+\x80\xa5]\x93\xc4\xd7\
o-\x06\x88\x0e\xf8:\xf1g\xeb\xbf\x8e\xa8gO\x97\
\xa6P\xe1\x8c\xa6\x0a\xb0\x0d\xa9\x9b\xa5e\x05R>\xa9\
\xd6\xe4=\x07\x7f]\x00H}\xae\x9a\xdd(ww[\
J\xc2G\x9d\xa4\xf5\x95\x170\x0eu%7 \x1d\x83\
7\xa2\xa9\xe0%\x9e\xe2\x07\xfb\x1c\xdf,l)\x9a\x9a\
\xf0|\xdarf\xd9({\x22\xdd\xb9%h=\xe0<\
\xfc\x1ajX\x06\x1a\xa5T\xde(3\x96\x8a\x94\x0f#\
\x8a<\x08[\x11\xf5SR\xa7Re\x1e\x03X.\xdd\
\x8b\xd0\xfd\xab\x97iD\x0dA{\x91JW\xe9(s\
\x05Xm\x5c\x1b\x0d\xfb\xeb\xc7\x1b\xd7zr\x97\x22!\
e\xae\x00V\x0bpv\xeeR\xd4\x8fu \x86\x95\x96\
\x165\xb04\x81\x06\x186\x0b/#{a[\x07\x97\
v%\xb0\xecX\xe6TY\x1a\x7f\xa6\xe5KD\xe5\xfd\
}\xa1\x12\x8dr\xce%\x9a\xa1\x83\x94\xd3/\xdf\xd1\xd8\
F\xa0y\x9a\xac5\x1d\x1d\xd8\xeeZ\xd7S\xaey\xb5\
\xcb\x8b\xc8f\x1a3\x9foQ\x85\xcbi\xd5*d>\
]4\x93\x90k}K\xc6\x8b\x0a\x94\xab\xa9\xf8\x1av\
\x06\xf7R\xec\xf1\xb6\x07`\xeb\x01V\x90w\xb2\x16\x9e\
\xd8\x03\xb77\x91\xad\xe8\xe4\xf3\xbc\xa7\xb4\x17\xe1\xf6H\
\xba\x81\x0c\xec\xf3wu\xa6\x13\x7f\xe2\xc7CD}\x08\
e\xc1\xebp\xbb\x8e\xab =F\xeb\x0c\xc2\x16\x1e\x98\
Jm\x93\xf4\xa5\xc0{\xf0\xeb\xb3ww\xe4\x12\xae\x96\
[\x96\xf5\x94X\xf9\xa3Y\xd8\x07\xb9\xae\x8d+\x88\x0a\
2\xca\xb8\x03u\x0fGQ\xdff\xccX4\xb6X\x80\
\xfc\xff\xbd\x9c\xe0}Ki\xc0\x17_\xd1\x8c\xa6\xb3o\
\xaaiC\x8e\x94>K\xf2\x1d\xc2>\xa4Q\xf4\x04\xfa\
R7\xa1U;\x90\xc2\xc6DT\xb9f\xa2\x82Lj\
v>\x80|*^M\xfa#^[\xd4I\xa0\xdf_\
\xeb\xeb\xcc*,\xa6\x1c\x9e\xd4wy\x8e\x02~\x80m\
E\x9cE\xb8\x0b81\x97\x94\xb5\xa8\x8b\x03\x90\x07\xef\
z|\x11&\x0d=\xc8xdN^\x89\xc9\x83\xd1:\
\x06H\xc2\x0c\xb45\xfbZ4\xa0\xeb\xc6>C\xd8b\
\x00M9W\xa0U\xbe\x9f\xd2\xa4[\xba\xcd\x5c\x01\xc2\
t\xa01\xc3T4E\x0cB;Z\xb3\x0f\xc23\xa8\
\xb0\xad#\xd7[\xb4h.\xfe\x1f\x94\x82\x22\x06\x8a\x19\
.\xe5\x00\x00\x00\x00IEND\xaeB`\x82\
\x00\x00\x0e-\
\x89\
PNG\x0d\x0a\x1a\x0a\x00\x00\x00\x0dIHDR\x00\
\x00\x01\x00\x00\x00\x01\x00\x08\x06\x00\x00\x00\x5cr\xa8f\
\x00\x00\x02\xdczTXtRaw prof\
ile type exif\x00\x00x\
\xda\xed\x97Mr\x1c!\x0c\x85\xf7\x9c\x22G@\x12B\
p\x1ch\xa0*7\xc8\xf1\xf3\xa0\x99\x1e\xcf\xf8\xa7*\
N\x16Y\x0cx\x80\xd6\xd0\x92x\x1f`\xdb\xf5_?\
\x87\xfb\x81BY\xd8\x05\xb5\x14s\x8c\x1e%\xe4\x90\xb9\
`\x90\xfcY\xce\x9e|X\xed\xad\xd0n\x1f\xec\xee\x1a\
2zA/\xe7\x17\xb1\xef\xb7\x0a\xecz\x7f\xc1\xc2\xb6\
\xd7G\xbb\xb3\xe3\x1cp\xda\x8en\x91\xb7C\x99\x91\x19\
\x83\xb6\x93\xdc\x8e\x84O;\xedg\x97\xf9\x1c\x94\xf8f\
9\xfb#\xb6\x5c\x5c\x93\x9f\x9f\x83A\x8c\xa60B#\
\xeeB\xe2W\xcbg$A\x16\x92\xa5L;Z/\x09\
\x13\xfd\xb2\xc8jU\xe4\xbd~\xee+\x01?\xd3\xcf\x1f\
\xdb.w9NG\xb7e\xc5'\x9d\xb6\x9d\xf4c\xfd\
\x96Jo3\x22\xbe\x22\xf3\xdb\x8cL\xae\x10\xef\xf4\x1b\
\xa3\xa51\xfa\xb9\xba\x12\xa2\x83\x5cq/\xea\xb6\x945\
\xc2\xc4\x0a9O5\x22\xaa\xe1\xa3\x18\xdb\xaa\x195\xf9\
\xe2\x0f\x08\xdf\xb0\xd4\xea|\xc5C&\x86\xb2\x83\x025\
*4\xa8\xaf\xfe\xa0\x03)\x06\xeel\xe8\x99\x0f\x96e\
Kb\x9c\xf9XP\xc2\xac4\xd8\x1c84I`u\
\x80\x9c\xc0\xccW.\xb4\xe2\xe6\x19\x0f\xc1\x12\x227\xc2\
L&8\x03\xe3\xc7\xea\x9e\x0d\xdf\xad\x0f\x8e\xc6\x98\xdb\
\x9c\xc8\xa7K+\xe4\xc5s\x7f!\x8dIn\xb6\x98\x05\
 4\xb6\xa6\xba\xf4%wv\xfe\xb9L\xb0\x02\x82\xba\
dNX`\xf1\xf5tQ\x95\xee{K\x16g\xf1\xea\
05\xf8s\xcb\x93\xb5\xed\x00\x12!\xb6\x22\x19\x12\x10\
\xf0\x91D)\x927f#\x82\x8e\x09|\x0a2g\x09\
\x5cA\x80\xd4)7d\xc9A$\x02\x0eN\x03b\xe3\
\x1d\xa35\x97\x95O3\xae\x17\x80P\x89b@\x83\x83\
\x02X!h\x888o\x09[\xa88\x15\x0d\xaa\x1a\xd5\
4i\xd6\x12%\x86\xa81F\x8b\xf3\x9e*&\x16L\
-\x9aY\xb2l%I\x0aISL\x96R\xca\xa9d\
\xce\x82kL]\x8e\xd9r\xca9\x97\x82\xa0%\x14\xf8\
*\x98_`\xa8\x5c\xa5\x86\xaa5V\xab\xa9\xe6Z\x0e\
l\x9f#\x1cz\xc4\xc3\x8et\xe4\xa34n\xd2p\x05\
\xb8\x16\x9b\xb5\xd4r+\x9d:\xb6R\x0f]{\xec\xd6\
S\xcf\xbd\x0c\xec\xb5!#\x0c\x1dq\xd8H#\x8fr\
Q\xdbT\x1f\xa9=\x93\xfb\x9a\x1amj\xbc@\xcdy\
v\xa7\x06\xb3\xd9\xcd\x05\xcd\xebD'3\x10\xe3@ \
n\x93\x0064Of>Q\x08<\xc9Mf>\xb3\
8\x11ed\xa9\x13N\xa3I\x0c\x04C'\xd6A\x17\
\xbb;\xb9O\xb99\xa8\xfb\xa7\xdc\xf8#rn\xa2\xfb\
\x17\xe4\xdcD\xf7\x86\xdc{n\x1fPke]\xb7\xb2\
\x00\xcdS\x08MqC\x0a\x8e\x1f&\x15N\xf8\xc1\xaf\
\x93\xef\xf5\xce\xff\xa5\x83\x97\xa3\x97\xa3\x97\xa3\x97\xa3\x97\
\xa3\x97\xa3\x97\xa3\xff\xca\x91\x0c\xfc\xf1\x90\xf1\xef\xd4o\
]I\x91v\xaem\xb8\x16\x00\x00\x01\x84iCCP\
ICC profile\x00\x00(\x91}\
\x91=H\xc3@\x1c\xc5_[\xa5\xa5T:\xd8A\xc4\
!Bu\xb2 *\xe2\xa8U(B\x85P+\xb4\xea\
`r\xe9\x174iHR\x5c\x1c\x05\xd7\x82\x83\x1f\x8b\
U\x07\x17g]\x1d\x5c\x05A\xf0\x03\xc4\xc5\xd5I\xd1\
EJ\xfc_Rh\x11\xe3\xc1q?\xde\xdd{\xdc\xbd\
\x03\xfc\xcd*S\xcd\x9eq@\xd5,#\x93J\x0a\xb9\
\xfc\xaa\x10|E\x18!D1\x8c\xb8\xc4L}N\x14\
\xd3\xf0\x1c_\xf7\xf0\xf1\xf5.\xc1\xb3\xbc\xcf\xfd9\xfa\
\x94\x82\xc9\x00\x9f@<\xcbt\xc3\x22\xde \x9e\xde\xb4\
t\xce\xfb\xc41V\x96\x14\xe2s\xe21\x83.H\xfc\
\xc8u\xd9\xe57\xce%\x87\xfd<3fd3\xf3\xc4\
1b\xa1\xd4\xc5r\x17\xb3\xb2\xa1\x12O\x11\xc7\x15U\
\xa3|\x7f\xcee\x85\xf3\x16g\xb5Zg\xed{\xf2\x17\
F\x0a\xda\xca2\xd7i\x0e!\x85E,A\x84\x00\x19\
uTP\x85\x85\x04\xad\x1a)&2\xb4\x9f\xf4\xf0\x0f\
:~\x91\x5c2\xb9*`\xe4X@\x0d*$\xc7\x0f\
\xfe\x07\xbf\xbb5\x8b\x93\x13nR$\x09\xf4\xbe\xd8\xf6\
\xc7\x08\x10\xdc\x05Z\x0d\xdb\xfe>\xb6\xed\xd6\x09\x10x\
\x06\xae\xb4\x8e\xbf\xd6\x04f>Iot\xb4\xf8\x11\x10\
\xdd\x06.\xae;\x9a\xbc\x07\x5c\xee\x00\x03O\xbadH\
\x8e\x14\xa0\xe9/\x16\x81\xf73\xfa\xa6<\xd0\x7f\x0b\x84\
\xd7\xdc\xde\xda\xfb8}\x00\xb2\xd4U\xfa\x0688\x04\
FK\x94\xbd\xee\xf1\xeePwo\xff\x9ei\xf7\xf7\x03\
fdr\xa2MO9\x8f\x00\x00\x00\x06bKGD\
\x00\xff\x00\xff\x00\xff\xa0\xbd\xa7\x93\x00\x00\x00\x09pH\
Ys\x00\x00\x0b\x13\x00\x00\x0b\x13\x01\x00\x9a\x9c\x18\x00\
\x00\x00\x07tIME\x07\xe3\x0a\x08\x0f'5T*\
\xc2\xb9\x00\x00\x09BIDATx\xda\xed\xdd{\xac\
dwA\xc0\xf1\xef\xden\xcb\xb6\xb4jl\xb5\x0b\x05\
\xa3\xd8\x88\x14\x82$\x0am0\xb5\xa5R\x14\xabV\xa4\
\x1aC\x11\xfaG\xe5!\x06c\xf8\xa3Fc\xc0\x07\x02\
\xa9FM\x94Xl\x08\x22Z\x15$\xf8h\xa8<\x94\
@)\xd1\x98\x80\x0f\x04R\xa1\x81\xb4\xa4K\x1fli\
W\xb6\xdd\xb2\xe3\x1fg\x1aJ]\xda\xb9s\xe7\xde;\
g\xe6\xf3I&\x9b\xcd\xce\xcc\xce\xfc\xe6\x9c\xef\x9cs\
\xe67g\xf6L&\x93F\xea\xf6\xea\xd4`\xf7\x1d\xa8\
\xf6\x8f\xf1\x81ox\xed`}\x09\x00\x08\x00 \x00\x80\
\x00\x00\x02\x00\x08\x00 \x00\x80\x00\x00\xabc\xef\x1a<\
\xc7\xdf\xad\xde\xe5\xa5f\x0e\x97T\xbf(\x00\xe3v\xfd\
\xf4\x02\x9b\xb5\x7f\xd5\x03`\x17\x00\x1c\x03\x00\x04\x00\x10\
\x00@\x00\x00\x01\x00\x04\x00\x10\x00@\x00\x00\x01\x00\x04\
\x00\x10\x00@\x00\x00\x01\x00\x04\x00\x10\x00@\x00\x00\x01\
\x00\x04\x00\x10\x00@\x00\x00\x01\x00\x04\x00\x10\x00@\x00\
\x00\x01\x00\x04\x00\x10\x00@\x00\x00\x01\x00\x04\x00\x10\x00\
@\x00\x00\x01\x00\x04\x00\x10\x00@\x00@\x00\x0c\x01\x08\
\x00 \x00\x80\x00\x00\x02\x00\x08\x00 \x00\x80\x00\x00\x02\
\x00\x08\x00 \x00\x80\x00\x00\x02\x00\x08\x00 \x00\x80\x00\
\x00\x02\x00\x08\x00 \x00\x80\x00\x00\x02\x00\x08\x00\xb0C\
\xf6\xceq\x9b\x13\xaa'VgT'\xef\xe2c?a\
\xc6\xeb=s\xce\xe7\x09\xe7\xccx\xbd}\xd5%\xbb\xf8\
8\xef\xa9n\xae>U\x1d\xd9\xcc\x0d\xf7L&\x93\xcd\
<\xc1K\xabgU\x8f\xb2l\xc0\xd29\x5c\xfdS\xf5\
\xe7\xd5\xdfT\xf7n5\x00\xc7U/\xa9~\xadz\x8c\
\xf1\x85\xd1\xb8\xa5\xfa\x8d\xea\xea\xea\xe8<\x018\xb3z\
[u\xb6\xb1\x84\xd1\xba\xa1zau\xd3f\x02pa\
\xf5\x8e\xea\x1b\x8c\x1f\x8c\xde\xc1\xea\xf9\xd3\xdd\x83\xafq\
\xacO\x01.\xae\xae\xb5\xf2\xc3\xca\xf8\xa6\xea\xdd\xd5E\
\x8f\xb4\x05pn\xf5\xde\x1c\xe4\x83Ut\xb8\xba\xa0\xfa\
\xc8\xb1\x02\xb0\xbf\xfaXu\xbaq\x82\x95\xf5\xf9\xeai\
\xd5m\x0f\xdd\x05x\xa3\x95\x1fV\xdec\xab?x\xe8\
\x16\xc0\x05\xd5\xfb\x8d\x0d\xac\x8ds\xab\xeb\x1f\x08\xc0\x07\
\xaa\xf36y\x07wW_\xae&\xbb\xfcD\xf6V'\
\xf5\xd5\x99\x81_\x99>\xae\xc3^c\x16h_ub\
\xc3\xdc\x98I\xc3\x8c\xbbC\xd3\xe5m7\xed\x99.\xff\
\x9b\x9d\x95\xfb\xbe\xea\xc2=\x93\xc9\xe4\xac\xea\xe3\x9bX\
\xe9_S\xfd\xe5t_\x02X\x0egT/\xa8^]\
=z\xc6\xdb\x9c\xb9\xb7z\xde\x8cW\xbe\xbfzv\xf5\
\xaf\xc6\x1a\x96\xce-\xd5\x95\xd5\x87\xab\x0f5\xdb\x17\xfd\
\x9e\xb7Q\x9d?\xe3\x7fp\x8d\x95\x1f\x96\xde\x0d\x0d\x93\
\xf8f\xf1\xac\x8d\xea\xac\x19\xaf\xfc\x1ec\x0b\xa30\xeb\
\xbaz\xd6Fu\xda&61\x80\xe5w\xf3\x8c\xd7;\
m\xa3\xd9\xbfW\x7f\xc4\xb8\xc2(\xdc7\xe3\xf5Nt\
F X=3\x7f4/\x00\xb0\xc6\x04\x00\x04\x00\x10\
\x00@\x00\x00\x01\x00\x04\x00\x10\x00`\xe5\xf8\xc5\x1c\xd8\
^\xdfZ\xfdx\xf5\x8c\xeaq\xd3u\xee\xb6\xea?\x1a\
N\xbe\xfb_\x02\x00\xab\xe7\x8c\xea\xb7\x1a~M\xeb\xf8\
c\xfc\xfb\x0b\xaa\xd77|}\xf7\x8a\xe9\x9fv\x01`\
\x05\x5c4}g\xbf\xec\xeb\xac\xfc\x0f\xf6\xfd\xd5\xf5\xd5\
kwc}\x14\x00X\xac\xe7W\x7f\xdbp.\xfe\xcd\
\xf8\x95\xea\xaa\x86S|\x09\x00\x8c\xd0S\x1b~\x98\xf3\
\xb89o\x7fy\xf5J\x01\x80\xf1\xd9S\xfdI[\xff\
Q\x9d\xd7U\x8f\x17\x00\x18\x97\xe74\x1c\xe9\xdf\xaa\x13\
\xabW\x09\x00\x8c\xcb\x8b\x17x_\x97na7B\x00\
`\x17\x9c\xbf\xc0\xfb:\xadz\x8a\x00\xc08<\xbaz\
\xcc\x82\xef\xf3\xbb\x04\x00\xc6\xe1\xe4m\xb8\xcfS\x04\x00\
\xc6\xe1\xd06\xdc\xe7\xdd\x02\x00\xe3pOu\xeb\x82\xef\
\xf3F\x01\x80\xf1\xf8\xc0\x02\xef\xeb\x8e\xea?\x05\x00\xc6\
\xe3\xad\x0b\xbc\xafk\xda\xa1_\x1d\x16\x00X\x8c\xeb\xaa\
\x7f[\xc0\xfd\x1cn\xf8\x91\xcf\x04\x00\xc6c\xd20\x97\
\xff\xde-\xde\xcf\xafV\x9f\x13\x00\x18\x9f\x7fo\x98\x11\
xt\xce\xdb\xbf\xa5\xfa\xbd\x9d|\xc0\x02\x00\x8b\xf5W\
\xd5OTwm\xf2vo\x98nAL\x04\x00\xc6\xed\
\xef\xab'W\x7fZ\xdd\xff\x08\xd7\xbd\xa1:\xb7\xfa\xe5\
v\xe8\xc0\xdf\x839%\x18l\x8f[\x1a\xce\x08tE\
\xf5c\xd5\xd9\xd5\xb7M\xd7\xb9/Lw\x17\xaem\x87\
>\xee\x13\x00\xd8\x1d\x07\xaa\xab\xa7\x97\xa5c\x17\x00\xd6\
\x98\x00\x80\x00\x00\x02\x00\x08\x00 \x00\x80\x00\x00\x02\x00\
\x08\x00 \x00\x80\x00\x00\x02\x00\x08\x00 \x00\x80\x00\x00\
\x02\x00\x08\x00 \x00\x80\x00\x00\x02\x00\x08\x00 \x00\x80\
\x00\x00\x02\x00l\xbb1\xff0\xc8\x1fW'{\x09Y\
\x02wU\xaf\x10\x80\x9duIu\xaae\x8f%p`\
\xac\x01\xb0\x0b\x00\x8e\x01\x00\x02\x00\x08\x00 \x00\x80\x00\
\x00\x02\x00\x08\x00\xb0:\xf6\xae\xc1s<P\xbd\xcbK\
\xcd\x1cV~\xb2\xd9:\x04\xe0e\x02\xc0\x9c\xdeW\xbd\
\xdd.\x00 \x00\x80\x00\x00\x02\x00\x08\x00 \x00\x80\x00\
\x00\x02\x00\x08\x00 \x00\x80\x00\x00\x02\x00\x08\x00 \x00\
\x80\x00\x00\x02\x00\x08\x00 \x00\x80\x00\x00\xdbd\xaf!\
\x98\xc9q\xd5\x8b\xaa\xcb\xaa\xef\x9e\xfe\x9d\xe5s\x7f\xf5\
\xc9\xea\xcd\xd5\xdb\xaa\xa3\x86D\x00\xb6j_\xf5\xce\xea\
\xb9\x86b\x14N\xaf\xce\xab~\xb2\xfa\xe9\xea>Cb\
\x17`+^o\xe5\x1f\xa5\x8b\xab\xdf4\x0c\x02\xb0\x15\
\xdf\x5c\xfd\xbca\x18\xadWV\xa7\x18\x06\x01\x98\xd73\
\xaa\xe3\x0d\xc3\xa8w\xdf\xbe\xcf0\x08\xc0V\x16 \xc6\
\xed$C \x00\xf3\xfa\xa4!\x18\xbd\xff6\x04\x020\
\xafOU\x1f1\x0c\xa3\xf5\xcf\xd5M\x86A\x00\xe65\
\xa9.\xaf\x0e\x1a\x8a\xd1\xb9\xb3z\xa9a\x10\x80El\
B>\xb3\xfa\x90\xa1\x18\xd5;\xff9\xd5\x8d\x86\xe2\xe1\
\x99\x084\x9bOT?P=\xa1zR>\x19XV\
G\xa6\xc1\xb6\xd9/\x00\xdb\xe23\xd3\x0b\xd8\x05\x00\x04\
\x00\x10\x00@\x00\x00\x01\x00\x04\x00\x10\x00@\x00\x80\xa5\
\xb2\x99\x89@{\xd6|\xacN\xa8~0\xe7\x04\x5c\xa4\
\x83\x0d\xd3v?m(v\xe5\x8d}\xb2\xb7\xba\xbb\xd9\
\xce\x9ar\xf2\x1a\x0f\xe8\x85\x0d'\x9a|\x9cek[\
\xbc\xa5zE\xf5\xbf\x86b!f=\x0b\xd2\x976\xaa\
\xcf\xcdx\xe5'\xaf\xe9`\x9eW]k\xe5\xdfV\x97\
U\xef\xb0K\xba0O\x99\xf1z\x9f\xdd\xa8>:\xe3\
\x95\x7fv\x0d7}7\xaa\xab\xf2\xe5\x9f\x9d\xf0\xdc\xea\
\x12\xc3\xb0\x90\xdd\xfa\x17\xcex\xdd\x8fnT\xd7\xcdx\
\xe5\xa7V\xbf\xbff+\xc3\xf7TO\xb4L\xed\x98\x9f\
1\x04[rB\xf5\x87\x0d\xc7\xa9f\xf1\xee\xbd\xd5\xdf\
m\xe28\xc0/T?R\xbd\xbd\xe1tY\x87\x1aN\
\x9a\xb1[Ov\xbb}\x87ejG}\xe7H\x1f\xf7\
\xbe]\xdcz\xd9\xd3p|\xeeI\xd5OU\xdf>\xe3\
\xed\x0eV\xd7>p\x10\xf0\xea\xea\x97f\xbc\xe1\x13\xaa\
+\xd6d\x81t&\xa0\x9du\xe7H\x1f\xf77N\xdf\
\x14\xc7\xe4\xaa\xea\xcb\x0f\x1ctyC\xf5%\xcb\xdf\xff\
\xf3/\xd3@\xb23\xdek\x08v\xc4\x17\xab+\xeb\xab\
G]\x0f\xac\xd1\xbb\xfaf\x1c\xaa^k\x18v\xc4\xe7\
\xab7.\xd9cZ\xd5\xb9/\xaf\xaa\xeexp\x00\x1e\
\xd8$x\xe7\x0a>\xd9\xd3\xb7x\xfb+\xab?\xb2~\
n\xfb\xca\x7f\xd1\x12\xeer=v\x05\xc7\xfa\x9a\x86y\
\x17\xd5\xd7\xce\x04\x9cT/\xae\x1e_=}\x85\x9e\xf0\
V?\xbf?\xdap\xf0\xf3\xaf\x1b>\xafvN\xc0\xc5\
\xb9\xa3z\xff\xf4\xcd\xe7\xae%||g\xac\xd8x\xdf\
\xd0p\x96\xeb\xc9\xb1\x02PuO\xf5\xc3\x0d\x13_\xce\
Y\x91'}xA\xf7\xf3\xc1\xe9\x85\xf5q\xef\x8a\xad\
\xfc?\xdaCf[\x1ek\xe6\xd5\x9d\xd5\xb3\xa7\x9b\x0a\
\xab\xc0<s\xe6\xf5?+\xf2<\xfe\xaca:\xfb\x17\
\x1f\xfa\x0f_o\xea\xe5\xa1\xea\xd2\xe9.\xc1\x1d\xb6\x00\
XS\x87F\xfe\xf8o{\xd0z|\xcc\xefY<\xdc\
\xdc\xebI\xf5\xd6\x86\xc9\x19\xbf^}\xc1\xf2\x00\xa3p\
k\xf5\xea\xea\xcc\xea/z\x98\xc9z\xb3|\x1d\xf8\xae\
\xea5\xd5oW\x17T?T=\xad\xe1\x00\xc9)\xed\
\xdeG%\xdf\x92/\x8f\xb0\x1c\x8eN\xdfmw\xc3\xa4\
a\xae\xca\xcd\x0d\xdf\xeb\xf9\xc7\x86\xafX\x1f\x99\xe5\xc6\
\x9b9\x1f\xc0}\x0d\xdf\x1b\xb8nI\x06\xfd\xf6\xeaT\
\xcb\x1eK\xb2\xa9\xbd\x7f\x8c\x0f\xdc;(\xac1\x01\x00\
\x01\x00\x04\x00X+~\x1dx6\xc7W/k\x98\x0a\
\xec\xa4\xa0\xcb\xeb\xfe\x86\xf3T\xbc\xb9z\xd3\xf4\xef\x08\
\xc0\x96\x9c\xd405\xfa|C\xb1\xf4\x1eU}\xef\xf4\
r\xf1\xf4b\x22\x98]\x80-\xf9\x1d+\xff(=\xa7\
z\x9da\x10\x80\xad8\xad\xfa9\xc30Z/o8\
[\x0f\x020\x97\xa7\xdbMZ\x89]\x02\x04`\xee\x05\
\x88q\xdbg\x08\x04`^\x1f7\x04^C\x01X_\
7\xe6$ c\xf6\x9e\xea\xb3\x86A\x00\xb6\xe2\xf2\x86\
/\x1e1.\x07\x1a\xe6n \x00[\xde\x0a8\xa7\xe5\
\xf9\x16$\x8f\xec\x1f\xaa\xb3\xab\x9b\x0c\xc5\xc3s\x84{\
6\x9fn\xf8\xed\xba\xfd\x0d?\x15\xe6\xa4\xa0\xcb\xe9H\
\xf5\x89\x9c\xbcF\x00\xb6\xc9\xad\xd3\x0b\xd8\x05\x00\x04\x00\
\x10\x00@\x00\x00\x01\x00\x04\x00\x10\x00@\x00\x00\x01\x00\
\x04\x00\x10\x00@\x00\x00\x01\x00\x04\x00\x10\x00@\x00\x00\
\x01\x00\x04\x00X\x90u8%\xd8\xf9\xd5A/5s\
.;+m\xcfd2\x19\xebc\xbf\xbd:\xd52\xca\
\x128\xd0p\xc2X\xbb\x00\x80\x00\x00\x02\x00\x08\x00 \
\x00\x80\x00\x00\x02\x00\x08\x00\xb0k\xc6<\x13\xf0+\xd3\
\x0b,\xc3\xb28J\xff\x07\xe5\xeaQ\x09*\x83 \x0c\
\x00\x00\x00\x00IEND\xaeB`\x82\
"

qt_resource_name = b"\
\x00\x0f\
\x06Oq\xa7\
\x00i\
\x00c\x00o\x00n\x00_\x00f\x00i\x00l\x00t\x00e\x00r\x00.\x00p\x00n\x00g\
\x00\x19\
\x09\xd5\x98\x87\
\x00i\
\x00c\x00o\x00n\x00_\x00i\x00n\x00d\x00i\x00v\x00i\x00d\x00u\x00a\x00l\x00_\x00w\
\x00h\x00i\x00t\x00e\x00.\x00p\x00n\x00g\
\x00\x12\
\x06i\x1d\x07\
\x00i\
\x00c\x00o\x00n\x00_\x00p\x00d\x00f\x00_\x00w\x00h\x00i\x00t\x00e\x00.\x00p\x00n\
\x00g\
\x00\x15\
\x0c<\xc1g\
\x00i\
\x00c\x00o\x00n\x00_\x00f\x00i\x00l\x00t\x00e\x00r\x00_\x00w\x00h\x00i\x00t\x00e\
\x00.\x00p\x00n\x00g\
\x00\x13\
\x0c\x87\xddG\
\x00i\
\x00c\x00o\x00n\x00_\x00i\x00n\x00d\x00i\x00v\x00i\x00d\x00u\x00a\x00l\x00.\x00p\
\x00n\x00g\
\x00\x17\
\x0fVj\x87\
\x00i\
\x00c\x00o\x00n\x00_\x00l\x00o\x00c\x00a\x00t\x00i\x00o\x00n\x00t\x00o\x00t\x00a\
\x00l\x00s\x00.\x00p\x00n\x00g\
\x00\x19\
\x08\xec\x95\xa7\
\x00i\
\x00c\x00o\x00n\x00_\x00s\x00t\x00a\x00t\x00i\x00s\x00t\x00i\x00c\x00s\x00_\x00w\
\x00h\x00i\x00t\x00e\x00.\x00p\x00n\x00g\
\x00\x1d\
\x0e\x16\xf7\x07\
\x00i\
\x00c\x00o\x00n\x00_\x00l\x00o\x00c\x00a\x00t\x00i\x00o\x00n\x00t\x00o\x00t\x00a\
\x00l\x00s\x00_\x00w\x00h\x00i\x00t\x00e\x00.\x00p\x00n\x00g\
\x00\x12\
\x0cE\x1d\x07\
\x00i\
\x00c\x00o\x00n\x00_\x00m\x00a\x00p\x00_\x00w\x00h\x00i\x00t\x00e\x00.\x00p\x00n\
\x00g\
\x00\x17\
\x0b[^'\
\x00i\
\x00c\x00o\x00n\x00_\x00f\x00a\x00m\x00i\x00l\x00i\x00e\x00s\x00_\x00w\x00h\x00i\
\x00t\x00e\x00.\x00p\x00n\x00g\
\x00\x13\
\x0b\xf6/\xc7\
\x00i\
\x00c\x00o\x00n\x00_\x00d\x00a\x00t\x00e\x00t\x00o\x00t\x00a\x00l\x00s\x00.\x00p\
\x00n\x00g\
\x00\x15\
\x00\xbf\xa1g\
\x00i\
\x00c\x00o\x00n\x00_\x00c\x00a\x00m\x00e\x00r\x00a\x00_\x00w\x00h\x00i\x00t\x00e\
\x00.\x00p\x00n\x00g\
\x00\x16\
\x00\xf1\xce'\
\x00i\
\x00c\x00o\x00n\x00_\x00c\x00o\x00m\x00p\x00a\x00r\x00e\x00_\x00w\x00h\x00i\x00t\
\x00e\x00.\x00p\x00n\x00g\
\x00\x13\
\x0f-\x99\x87\
\x00i\
\x00c\x00o\x00n\x00_\x00b\x00i\x00r\x00d\x00_\x00w\x00h\x00i\x00t\x00e\x00.\x00p\
\x00n\x00g\
\x00\x13\
\x0a\x01V'\
\x00i\
\x00c\x00o\x00n\x00_\x00t\x00r\x00i\x00p\x00r\x00e\x00p\x00o\x00r\x00t\x00.\x00p\
\x00n\x00g\
\x00\x0d\
\x05\xc9\xdb\xa7\
\x00i\
\x00c\x00o\x00n\x00_\x00s\x00t\x00a\x00r\x00.\x00p\x00n\x00g\
\x00\x13\
\x04\x89\x96G\
\x00i\
\x00c\x00o\x00n\x00_\x00o\x00p\x00e\x00n\x00_\x00w\x00h\x00i\x00t\x00e\x00.\x00p\
\x00n\x00g\
\x00\x19\
\x04\x88\x8eG\
\x00i\
\x00c\x00o\x00n\x00_\x00t\x00r\x00i\x00p\x00r\x00e\x00p\x00o\x00r\x00t\x00_\x00w\
\x00h\x00i\x00t\x00e\x00.\x00p\x00n\x00g\
\x00\x0d\
\x03\x0b\xddg\
\x00i\
\x00c\x00o\x00n\x00_\x00f\x00i\x00n\x00d\x00.\x00p\x00n\x00g\
\x00\x19\
\x07V}\x87\
\x00i\
\x00c\x00o\x00n\x00_\x00d\x00a\x00t\x00e\x00t\x00o\x00t\x00a\x00l\x00s\x00_\x00w\
\x00h\x00i\x00t\x00e\x00.\x00p\x00n\x00g\
\x00\x0c\
\x0ew\x9f\x87\
\x00i\
\x00c\x00o\x00n\x00_\x00m\x00a\x00p\x00.\x00p\x00n\x00g\
\x00\x0c\
\x0b]\x9f\x87\
\x00i\
\x00c\x00o\x00n\x00_\x00p\x00d\x00f\x00.\x00p\x00n\x00g\
\x00\x19\
\x0f\xa9 g\
\x00i\
\x00c\x00o\x00n\x00_\x00m\x00i\x00c\x00r\x00o\x00p\x00h\x00o\x00n\x00e\x00_\x00w\
\x00h\x00i\x00t\x00e\x00.\x00p\x00n\x00g\
\x00\x0f\
\x00\x0a\xc1\xa7\
\x00i\
\x00c\x00o\x00n\x00_\x00c\x00a\x00m\x00e\x00r\x00a\x00.\x00p\x00n\x00g\
\x00\x17\
\x0b\xd7\xdc'\
\x00i\
\x00c\x00o\x00n\x00_\x00l\x00o\x00c\x00a\x00t\x00i\x00o\x00n\x00_\x00w\x00h\x00i\
\x00t\x00e\x00.\x00p\x00n\x00g\
\x00\x19\
\x02\x10*\x87\
\x00i\
\x00c\x00o\x00n\x00_\x00c\x00h\x00e\x00c\x00k\x00l\x00i\x00s\x00t\x00s\x00_\x00w\
\x00h\x00i\x00t\x00e\x00.\x00p\x00n\x00g\
\x00\x0d\
\x0a\x0d\xda'\
\x00i\
\x00c\x00o\x00n\x00_\x00o\x00p\x00e\x00n\x00.\x00p\x00n\x00g\
\x00\x0e\
\x0c\x9f\x83\xa7\
\x00i\
\x00c\x00o\x00n\x00_\x00p\x00r\x00i\x00n\x00t\x00.\x00p\x00n\x00g\
\x00\x13\
\x09[\x04G\
\x00i\
\x00c\x00o\x00n\x00_\x00c\x00h\x00e\x00c\x00k\x00l\x00i\x00s\x00t\x00s\x00.\x00p\
\x00n\x00g\
\x00\x10\
\x00+\xf6\x07\
\x00i\
\x00c\x00o\x00n\x00_\x00c\x00o\x00m\x00p\x00a\x00r\x00e\x00.\x00p\x00n\x00g\
\x00\x0d\
\x0f\xcb\xdd\xc7\
\x00i\
\x00c\x00o\x00n\x00_\x00b\x00i\x00r\x00d\x00.\x00p\x00n\x00g\
\x00\x17\
\x0bSY'\
\x00i\
\x00c\x00o\x00n\x00_\x00p\x00i\x00e\x00c\x00h\x00a\x00r\x00t\x00_\x00w\x00h\x00i\
\x00t\x00e\x00.\x00p\x00n\x00g\
\x00\x13\
\x06\xad\x98\xe7\
\x00i\
\x00c\x00o\x00n\x00_\x00f\x00i\x00n\x00d\x00_\x00w\x00h\x00i\x00t\x00e\x00.\x00p\
\x00n\x00g\
\x00\x11\
\x05\xb4\xff\x07\
\x00i\
\x00c\x00o\x00n\x00_\x00l\x00o\x00c\x00a\x00t\x00i\x00o\x00n\x00.\x00p\x00n\x00g\
\
\x00\x11\
\x05\xf4\xbe\x07\
\x00i\
\x00c\x00o\x00n\x00_\x00f\x00a\x00m\x00i\x00l\x00i\x00e\x00s\x00.\x00p\x00n\x00g\
\
\x00\x14\
\x09\x85%G\
\x00i\
\x00c\x00o\x00n\x00_\x00p\x00r\x00i\x00n\x00t\x00_\x00w\x00h\x00i\x00t\x00e\x00.\
\x00p\x00n\x00g\
"

qt_resource_struct = b"\
\x00\x00\x00\x00\x00\x02\x00\x00\x00$\x00\x00\x00\x01\
\x00\x00\x00\x00\x00\x00\x00\x00\
\x00\x00\x04\x22\x00\x00\x00\x00\x00\x01\x00\x02\x02~\
\x00\x00\x01e\xfe.\xd20\
\x00\x00\x05 \x00\x00\x00\x00\x00\x01\x00\x02X\x88\
\x00\x00\x01a\x87*\x8c\x00\
\x00\x00\x02\x18\x00\x00\x00\x00\x00\x01\x00\x017\x96\
\x00\x00\x01m\xac\x01\xb4\xc0\
\x00\x00\x02H\x00\x00\x00\x00\x00\x01\x00\x01Q\xf2\
\x00\x00\x01m\xac\x03K\x00\
\x00\x00\x04z\x00\x00\x00\x00\x00\x01\x00\x02+\xb8\
\x00\x00\x01\x9f/\x14\x10\xa7\
\x00\x00\x03V\x00\x00\x00\x00\x00\x01\x00\x01\x88m\
\x00\x00\x01aH#Z\xa0\
\x00\x00\x03\x1e\x00\x00\x00\x00\x00\x01\x00\x01\x81\xe9\
\x00\x00\x01m\xac\x07'H\
\x00\x00\x02\xf2\x00\x00\x00\x00\x00\x01\x00\x01v\x80\
\x00\x00\x01m\xac\x06c\xf8\
\x00\x00\x05\xc6\x00\x00\x00\x00\x00\x01\x00\x02\xc8\x05\
\x00\x00\x01aH\x1e\xf5\xa0\
\x00\x00\x02\xd2\x00\x00\x00\x00\x00\x01\x00\x01o\xd5\
\x00\x00\x01m:\xdf\x8c@\
\x00\x00\x05\xee\x00\x00\x00\x00\x00\x01\x00\x02\xd2\xa4\
\x00\x00\x01aHW;\xe0\
\x00\x00\x00\x00\x00\x00\x00\x00\x00\x01\x00\x00\x00\x00\
\x00\x00\x01b\x1cW\x9ap\
\x00\x00\x00\x5c\x00\x00\x00\x00\x00\x01\x00\x00(C\
\x00\x00\x01m\xac\x06\x9e\x90\
\x00\x00\x05\x9a\x00\x00\x00\x00\x00\x01\x00\x02\xb2\xe4\
\x00\x00\x01m\xac\x04d@\
\x00\x00\x03v\x00\x00\x00\x00\x00\x01\x00\x01\x94\xda\
\x00\x00\x01m\xac\x03\x91P\
\x00\x00\x01\x16\x00\x00\x00\x00\x00\x01\x00\x00{\xe9\
\x00\x00\x01\x9f4av)\
\x00\x00\x04\xf4\x00\x00\x00\x00\x00\x01\x00\x02O\x0f\
\x00\x00\x01aH$-\x90\
\x00\x00\x06\x16\x00\x00\x00\x00\x00\x01\x00\x02\xe5\x07\
\x00\x00\x01m\xac\x06\xd9(\
\x00\x00\x00$\x00\x00\x00\x00\x00\x01\x00\x00\x0c\x87\
\x00\x00\x01m\xac\x04\xaa\x90\
\x00\x00\x02\xa6\x00\x00\x00\x00\x00\x01\x00\x01m\xe5\
\x00\x00\x01aH)\xab\xd0\
\x00\x00\x04\xb2\x00\x00\x00\x00\x00\x01\x00\x02=.\
\x00\x00\x01aG\xfdo\x98\
\x00\x00\x05f\x00\x00\x00\x00\x00\x01\x00\x02d\xf6\
\x00\x00\x01\x9f/\x06:\xf2\
\x00\x00\x01\xb8\x00\x00\x00\x00\x00\x01\x00\x01\x1b\x10\
\x00\x00\x01m\xac\x03\xe3X\
\x00\x00\x03\xcc\x00\x00\x00\x00\x00\x01\x00\x01\xc2@\
\x00\x00\x01a\xba\x09\xcd \
\x00\x00\x04F\x00\x00\x00\x00\x00\x01\x00\x02\x1b*\
\x00\x00\x01m\xac\x05\xdf(\
\x00\x00\x01\xec\x00\x00\x00\x00\x00\x01\x00\x0134\
\x00\x00\x01aHEa\x90\
\x00\x00\x00\x86\x00\x00\x00\x00\x00\x01\x00\x007\x09\
\x00\x00\x01\x9f/\x0c\xfe\x15\
\x00\x00\x01\x8e\x00\x00\x00\x00\x00\x01\x00\x00\xaa[\
\x00\x00\x01\x9f/\x15\xdee\
\x00\x00\x00\xb6\x00\x00\x00\x00\x00\x01\x00\x00V\xdd\
\x00\x00\x01a\xb5Dq(\
\x00\x00\x04\xd2\x00\x00\x00\x00\x00\x01\x00\x02D\x15\
\x00\x00\x01a\xd4gw0\
\x00\x00\x01N\x00\x00\x00\x00\x00\x01\x00\x00\x94\xc6\
\x00\x00\x01m\xac\x1b\x8a\x08\
\x00\x00\x03\xae\x00\x00\x00\x00\x00\x01\x00\x01\x9eA\
\x00\x00\x01a\x87w\x5c\x10\
\x00\x00\x02z\x00\x00\x00\x00\x00\x01\x00\x01dN\
\x00\x00\x01m\xac\x02\x8b\x98\
\x00\x00\x00\xe2\x00\x00\x00\x00\x00\x01\x00\x00l\x95\
\x00\x00\x01aHL\x14h\
\x00\x00\x03\xea\x00\x00\x00\x00\x00\x01\x00\x01\xcc\xff\
\x00\x00\x01\x9f.\xfd\xef\x99\
\x00\x00\x05F\x00\x00\x00\x00\x00\x01\x00\x02_\xe2\
\x00\x00\x01aH\x1fc\x00\
"

def qInitResources():
    QtCore.qRegisterResourceData(0x03, qt_resource_struct, qt_resource_name, qt_resource_data)

def qCleanupResources():
    QtCore.qUnregisterResourceData(0x03, qt_resource_struct, qt_resource_name, qt_resource_data)

qInitResources()
